acc_ref,beat_no,severity,no_vehicle,no_casualt,a_date,a_day,a_date_day,a_date_mon,a_date_yr,a_time_hr,a_time_min,loc_auth,road1_class,road1_no,road_type,speed_limi,junc_det,junc_ctrl,road2_class,road2_no,light_cond,weather,road_surf,spec_cond,cway_hzrds,ovrtk_patrn,easting,northing,net_id,net_type,acc_type,text_id,division,Postcode,ped_xing_hc,ped_xing_p,place_reported,latitude,longitude,geojson
123010,,Slight,1,1,17/02/2010,Wednesday,17,February,10,15,0,230,A,901,Single carriageway - 2 lanes,30,'T' or staggered junction,Give way sign or markings,Unclassified,,Daylight: street lights present,Fine (without high winds),Dry,None,None,No overtaking,326480,676640,531301,Junction,Pedestrian,344789,unset,EH64AR,No crossing facility within 50m or physical crossing facility not controlled by authorised person,No physical crossing facility within 50m,At scene,55.9771541363,-3.17826342315,"{""type"": ""Feature"",""geometry"": {""type"": ""Point"",""coordinates"": -3.17826342315, 55.9771541363}}"
123710,,Slight,2,1,05/02/2010,Friday,5,February,10,15,0,230,C,,Single carriageway - 2 lanes,30,Other junction,Automatic Traffic Signal,C,,Daylight: street lights present,Unknown,Dry,None,None,No overtaking,325950,674380,520599,Junction,Cyclist,344790,unset,EH13JT,Control by other authorised person,Pedestrian phase at traffic signal junction,Elsewhere,55.9567691351,-3.18613406658,"{""type"": ""Feature"",""geometry"": {""type"": ""Point"",""coordinates"": -3.18613406658, 55.9567691351}}"
124210,,Slight,1,1,17/02/2010,Wednesday,17,February,10,18,10,230,Unclassified,,Single carriageway - 2 lanes,30,Not at or within 20 metres of junction,unset,\,,Darkness: street lights present and lit,Fine (without high winds),Dry,None,None,No overtaking,317940,672770,0,Unset,S.V.N.P.,344791,unset,EH128LX,No crossing facility within 50m or physical crossing facility not controlled by authorised person,No physical crossing facility within 50m,At scene,55.9410044423,-3.31391233286,"{""type"": ""Feature"",""geometry"": {""type"": ""Point"",""coordinates"": -3.31391233286, 55.9410044423}}"
129510,,Slight,1,1,19/02/2010,Friday,19,February,10,12,15,230,C,,Single carriageway - 2 lanes,30,Not at or within 20 metres of junction,unset,\,,Daylight: street lights present,Fine (without high winds),Dry,None,None,No overtaking,320200,672180,564454,Segment,Pedestrian,344792,unset,EH127JB,Control by other authorised person,Central refuge - no other controls,Elsewhere,55.9360845928,-3.27756188141,"{""type"": ""Feature"",""geometry"": {""type"": ""Point"",""coordinates"": -3.27756188141, 55.9360845928}}"
131910,,Slight,1,1,20/02/2010,Saturday,20,February,10,10,5,230,C,,Single carriageway - 2 lanes,30,Crossroads,Automatic Traffic Signal,C,,Daylight: street lights present,Fine (without high winds),Dry,None,None,No overtaking,325080,674130,520548,Junction,Pedestrian,344793,unset,EH23NH,Control by other authorised person,Pedestrian phase at traffic signal junction,Elsewhere,55.9543882936,-3.19999683428,"{""type"": ""Feature"",""geometry"": {""type"": ""Point"",""coordinates"": -3.19999683428, 55.9543882936}}"
132410,,Slight,1,1,20/02/2010,Saturday,20,February,10,11,45,230,Unclassified,,Single carriageway - 2 lanes,30,Not at or within 20 metres of junction,unset,\,,Daylight: street lights present,Fine (without high winds),Dry,None,None,No overtaking,327090,675840,557458,Segment,Bus,344794,unset,EH68HH,No crossing facility within 50m or physical crossing facility not controlled by authorised person,No physical crossing facility within 50m,Elsewhere,55.970060034,-3.16827295074,"{""type"": ""Feature"",""geometry"": {""type"": ""Point"",""coordinates"": -3.16827295074, 55.970060034}}"
132710,,Slight,2,1,20/02/2010,Saturday,20,February,10,11,0,230,A,6106,Single carriageway - 2 lanes,40,Not at or within 20 metres of junction,unset,\,,Daylight: street lights present,Fine (without high winds),Dry,None,None,No overtaking,330090,673680,559865,Segment,T.V.N.P.,344795,unset,EH151NA,No crossing facility within 50m or physical crossing facility not controlled by authorised person,No physical crossing facility within 50m,At scene,55.9511005412,-3.11965260872,"{""type"": ""Feature"",""geometry"": {""type"": ""Point"",""coordinates"": -3.11965260872, 55.9511005412}}"
132810,,Slight,2,3,20/02/2010,Saturday,20,February,10,15,35,230,B,701,Single carriageway - 2 lanes,30,'T' or staggered junction,Give way sign or markings,Unclassified,,Daylight: street lights present,Fine (without high winds),Dry,None,None,No overtaking,319160,673860,520791,Junction,T.V.N.P.,344796,unset,EH128TD,Control by other authorised person,Pedestrian phase at traffic signal junction,At scene,55.9510031997,-3.29471053164,"{""type"": ""Feature"",""geometry"": {""type"": ""Point"",""coordinates"": -3.29471053164, 55.9510031997}}"
133810,,Slight,2,2,20/02/2010,Saturday,20,February,10,15,50,230,B,800,Single carriageway - 2 lanes,60,Not at or within 20 metres of junction,unset,\,,Daylight: street lights present,Fine (without high winds),Dry,None,None,No overtaking,311840,673460,555180,Segment,T.V.N.P.,344797,unset,EH299EA,No crossing facility within 50m or physical crossing facility not controlled by authorised person,No physical crossing facility within 50m,Elsewhere,55.9461228299,-3.41177644083,"{""type"": ""Feature"",""geometry"": {""type"": ""Point"",""coordinates"": -3.41177644083, 55.9461228299}}"
135210,,Slight,1,1,20/02/2010,Saturday,20,February,10,15,30,230,Unclassified,,Single carriageway - 2 lanes,30,Not at or within 20 metres of junction,unset,\,,Daylight: no street lighting,Fine (without high winds),Dry,None,None,No overtaking,326450,672360,569466,Segment,Bus,344798,unset,EH91QS,No crossing facility within 50m or physical crossing facility not controlled by authorised person,"Pelican, puffin, toucan or similar non-junction pedestrian light crossing",At scene,55.9386984143,-3.17757604505,"{""type"": ""Feature"",""geometry"": {""type"": ""Point"",""coordinates"": -3.17757604505, 55.9386984143}}"
137810,,Slight,2,1,22/02/2010,Monday,22,February,10,14,0,230,A,90,Single carriageway - 2 lanes,30,Not at or within 20 metres of junction,unset,\,,Daylight: street lighting unknown,Unknown,Dry,None,None,No overtaking,323770,674230,555573,Segment,T.V.N.P.,344799,unset,EH43TP,No crossing facility within 50m or physical crossing facility not controlled by authorised person,No physical crossing facility within 50m,At scene,55.9550806203,-3.22100212698,"{""type"": ""Feature"",""geometry"": {""type"": ""Point"",""coordinates"": -3.22100212698, 55.9550806203}}"
139110,,Serious,1,1,22/02/2010,Monday,22,February,10,15,40,230,A,90,Single carriageway - 2 lanes,40,'T' or staggered junction,Give way sign or markings,Unclassified,,Daylight: street lights present,Fine (without high winds),Dry,None,None,No overtaking,319350,674950,519975,Junction,Pedestrian,344800,unset,EH46ER,Control by other authorised person,Pedestrian phase at traffic signal junction,At scene,55.9608271691,-3.2919945603,"{""type"": ""Feature"",""geometry"": {""type"": ""Point"",""coordinates"": -3.2919945603, 55.9608271691}}"
141410,,Slight,1,1,23/02/2010,Tuesday,23,February,10,9,24,230,A,90,Single carriageway - 2 lanes,30,Other junction,Automatic Traffic Signal,C,,Daylight: street lights present,Fine (without high winds),Dry,None,None,No overtaking,324370,673880,520902,Junction,Bus,344801,unset,EH37TT,No crossing facility within 50m or physical crossing facility not controlled by authorised person,Pedestrian phase at traffic signal junction,At scene,55.9520311088,-3.21129595348,"{""type"": ""Feature"",""geometry"": {""type"": ""Point"",""coordinates"": -3.21129595348, 55.9520311088}}"
141610,,Slight,1,1,23/02/2010,Tuesday,23,February,10,12,5,230,A,772,Single carriageway - 2 lanes,30,Crossroads,Automatic Traffic Signal,B,701,Daylight: street lights present,Fine (without high winds),Dry,None,None,No overtaking,329240,668670,530257,Junction,Pedestrian,344802,unset,EH178RQ,Control by other authorised person,"Pelican, puffin, toucan or similar non-junction pedestrian light crossing",At scene,55.9059658109,-3.13194994725,"{""type"": ""Feature"",""geometry"": {""type"": ""Point"",""coordinates"": -3.13194994725, 55.9059658109}}"
141910,,Slight,2,1,23/02/2010,Tuesday,23,February,10,12,30,230,Unclassified,,Single carriageway - 2 lanes,30,Other junction,Give way sign or markings,Unclassified,,Daylight: street lights present,Fine (without high winds),Dry,None,None,No overtaking,324110,671640,522306,Junction,T.V.N.P.,344803,unset,EH105EH,No crossing facility within 50m or physical crossing facility not controlled by authorised person,No physical crossing facility within 50m,At scene,55.9318663817,-3.21482895374,"{""type"": ""Feature"",""geometry"": {""type"": ""Point"",""coordinates"": -3.21482895374, 55.9318663817}}"
145910,,Slight,1,1,23/02/2010,Tuesday,23,February,10,18,35,230,A,702,Single carriageway - 2 lanes,30,Not at or within 20 metres of junction,unset,\,,Darkness: street lights present and lit,Fine (without high winds),Dry,None,None,No overtaking,324730,673600,548952,Segment,Pedestrian,344804,unset,EH12DA,No crossing facility within 50m or physical crossing facility not controlled by authorised person,No physical crossing facility within 50m,Elsewhere,55.9495721628,-3.20545343784,"{""type"": ""Feature"",""geometry"": {""type"": ""Point"",""coordinates"": -3.20545343784, 55.9495721628}}"
147710,,Slight,2,1,24/02/2010,Wednesday,24,February,10,12,0,230,A,720,Dual carriageway - 2 lanes,70,Not at or within 20 metres of junction,unset,\,,Daylight: no street lighting,Snowing (without high winds),Dry,None,None,No overtaking,325130,667460,2588221,Segment,T.V.N.P.,344805,unset,EH107DUA,No crossing facility within 50m or physical crossing facility not controlled by authorised person,No physical crossing facility within 50m,At scene,55.8944735302,-3.19734712538,"{""type"": ""Feature"",""geometry"": {""type"": ""Point"",""coordinates"": -3.19734712538, 55.8944735302}}"
150310,,Slight,1,1,25/02/2010,Thursday,25,February,10,9,29,230,Unclassified,,Dual carriageway - 2 lanes,30,Crossroads,Automatic Traffic Signal,Unclassified,,Daylight: street lights present,Raining (without high winds),Dry,None,None,No overtaking,324600,673400,10254960,Junction,S.V.N.P.,344806,unset,EH12DA,No crossing facility within 50m or physical crossing facility not controlled by authorised person,No physical crossing facility within 50m,At scene,55.9477550184,-3.20747895383,"{""type"": ""Feature"",""geometry"": {""type"": ""Point"",""coordinates"": -3.20747895383, 55.9477550184}}"
151710,,Slight,2,1,25/02/2010,Thursday,25,February,10,2,30,230,Unclassified,,Roundabout,40,Roundabout,Give way sign or markings,Unclassified,,Daylight: street lights present,Fine (without high winds),Dry,None,None,No overtaking,317880,672280,9658505,Junction,T.V.N.P.,344807,unset,EH129DF,No crossing facility within 50m or physical crossing facility not controlled by authorised person,No physical crossing facility within 50m,At scene,55.9365922964,-3.31472361946,"{""type"": ""Feature"",""geometry"": {""type"": ""Point"",""coordinates"": -3.31472361946, 55.9365922964}}"
151910,,Slight,2,1,25/02/2010,Thursday,25,February,10,17,36,230,Unclassified,,Single carriageway - 3 lanes,40,Not at or within 20 metres of junction,unset,\,,Darkness: no street lighting,Raining (without high winds),Dry,None,None,No overtaking,323920,672680,559236,Segment,T.V.N.P.,344808,unset,EH112EF,No crossing facility within 50m or physical crossing facility not controlled by authorised person,No physical crossing facility within 50m,At scene,55.9411795205,-3.21816284766,"{""type"": ""Feature"",""geometry"": {""type"": ""Point"",""coordinates"": -3.21816284766, 55.9411795205}}"
152310,,Slight,2,1,25/02/2010,Thursday,25,February,10,6,23,230,A,8,Roundabout,30,Roundabout,Give way sign or markings,B,701,Darkness: street lights present and lit,Raining (without high winds),Dry,None,None,No overtaking,319320,672940,522894,Junction,Cyclist,344809,unset,EH128SQ,No crossing facility within 50m or physical crossing facility not controlled by authorised person,No physical crossing facility within 50m,At scene,55.9427652333,-3.29187352821,"{""type"": ""Feature"",""geometry"": {""type"": ""Point"",""coordinates"": -3.29187352821, 55.9427652333}}"
152910,,Slight,2,1,25/02/2010,Thursday,25,February,10,21,20,230,A,7,Single carriageway - 2 lanes,30,Not at or within 20 metres of junction,unset,\,,Darkness: street lights present and lit,Raining (without high winds),Dry,None,None,No overtaking,326160,673050,569460,Segment,T.V.N.P.,344810,unset,EH89EW,No crossing facility within 50m or physical crossing facility not controlled by authorised person,No physical crossing facility within 50m,At scene,55.9448528643,-3.18240685257,"{""type"": ""Feature"",""geometry"": {""type"": ""Point"",""coordinates"": -3.18240685257, 55.9448528643}}"
153010,,Slight,1,1,25/02/2010,Thursday,25,February,10,19,0,230,C,,Single carriageway - 2 lanes,30,'T' or staggered junction,Give way sign or markings,Unclassified,,Darkness: street lights present and lit,Raining (without high winds),Dry,None,None,No overtaking,324460,672870,521832,Junction,Pedestrian,344811,unset,EH38AP,No crossing facility within 50m or physical crossing facility not controlled by authorised person,No physical crossing facility within 50m,At scene,55.9429716073,-3.20957195828,"{""type"": ""Feature"",""geometry"": {""type"": ""Point"",""coordinates"": -3.20957195828, 55.9429716073}}"
153110,,Slight,2,1,26/02/2010,Friday,26,February,10,8,0,230,A,702,Single carriageway - 2 lanes,40,'T' or staggered junction,Give way sign or markings,Unclassified,,Daylight: street lights present,Raining (without high winds),Dry,None,None,No overtaking,324930,667470,2587334,Junction,T.V.N.P.,344812,unset,EH107DUA,No crossing facility within 50m or physical crossing facility not controlled by authorised person,No physical crossing facility within 50m,At scene,55.894532233,-3.20054758116,"{""type"": ""Feature"",""geometry"": {""type"": ""Point"",""coordinates"": -3.20054758116, 55.894532233}}"
153810,,Slight,1,1,25/02/2010,Thursday,25,February,10,21,0,230,Unclassified,,Single carriageway - 2 lanes,30,Crossroads,Give way sign or markings,Unclassified,,Darkness: street lights present and lit,Raining (without high winds),Dry,None,None,No overtaking,328190,674790,523293,Junction,Pedestrian,344813,unset,EH76EQ,No crossing facility within 50m or physical crossing facility not controlled by authorised person,No physical crossing facility within 50m,Elsewhere,55.9607926077,-3.1503712246,"{""type"": ""Feature"",""geometry"": {""type"": ""Point"",""coordinates"": -3.1503712246, 55.9607926077}}"
154810,,Slight,2,1,26/02/2010,Friday,26,February,10,17,30,230,A,900,Roundabout,30,Roundabout,Give way sign or markings,Unclassified,,Daylight: street lights present,Raining (without high winds),Dry,None,None,No overtaking,326020,674350,520653,Junction,Cyclist,344814,unset,EH13JT,Control by other authorised person,Pedestrian phase at traffic signal junction,At scene,55.9565104026,-3.18500484084,"{""type"": ""Feature"",""geometry"": {""type"": ""Point"",""coordinates"": -3.18500484084, 55.9565104026}}"
155310,,Slight,1,1,27/02/2010,Saturday,27,February,10,1,20,230,A,7,Single carriageway - 2 lanes,30,Crossroads,Automatic Traffic Signal,C,,Darkness: street lights present and lit,Snowing with high winds,Dry,None,None,No overtaking,325940,673670,521103,Junction,Pedestrian,344815,unset,EH11SB,Control by other authorised person,Pedestrian phase at traffic signal junction,Elsewhere,55.9503890329,-3.18609915201,"{""type"": ""Feature"",""geometry"": {""type"": ""Point"",""coordinates"": -3.18609915201, 55.9503890329}}"
156810,,Slight,2,1,25/02/2010,Thursday,25,February,10,17,0,230,A,6106,Single carriageway - 2 lanes,30,Not at or within 20 metres of junction,unset,\,,Darkness: street lights present and lit,Raining (without high winds),Dry,None,None,No overtaking,330480,671810,569114,Segment,Cyclist,344816,unset,EH153EL,No crossing facility within 50m or physical crossing facility not controlled by authorised person,No physical crossing facility within 50m,At scene,55.9343567907,-3.11292592524,"{""type"": ""Feature"",""geometry"": {""type"": ""Point"",""coordinates"": -3.11292592524, 55.9343567907}}"
157210,,Serious,1,3,27/02/2010,Saturday,27,February,10,7,55,230,Unclassified,,Single carriageway - 2 lanes,30,'T' or staggered junction,Give way sign or markings,C,,Daylight: street lights present,Snowing (without high winds),Dry,None,None,No overtaking,328650,670350,530125,Junction,S.V.N.P.,344817,unset,EH164SZ,No crossing facility within 50m or physical crossing facility not controlled by authorised person,No physical crossing facility within 50m,At scene,55.920971987,-3.14182962403,"{""type"": ""Feature"",""geometry"": {""type"": ""Point"",""coordinates"": -3.14182962403, 55.920971987}}"
158210,,Slight,2,1,26/02/2010,Friday,26,February,10,20,30,230,A,6095,Single carriageway - 2 lanes,30,Crossroads,Automatic Traffic Signal,A,6106,Darkness: street lights present and lit,Unknown,Dry,None,None,No overtaking,330500,671750,530029,Junction,T.V.N.P.,344818,unset,EH153HH,Control by other authorised person,Pedestrian phase at traffic signal junction,At scene,55.933820633,-3.11259036912,"{""type"": ""Feature"",""geometry"": {""type"": ""Point"",""coordinates"": -3.11259036912, 55.933820633}}"
159710,,Slight,2,2,28/02/2010,Sunday,28,February,10,11,30,230,Unclassified,,Single carriageway - 2 lanes,30,'T' or staggered junction,Give way sign or markings,Unclassified,,Daylight: street lights present,Fine (without high winds),Dry,None,None,No overtaking,324730,673950,520983,Junction,T.V.N.P.,344819,unset,EH24HQ,No crossing facility within 50m or physical crossing facility not controlled by authorised person,Pedestrian phase at traffic signal junction,At scene,55.9527165029,-3.20555114803,"{""type"": ""Feature"",""geometry"": {""type"": ""Point"",""coordinates"": -3.20555114803, 55.9527165029}}"
159910,,Slight,1,1,26/02/2010,Friday,26,February,10,19,20,230,C,,Single carriageway - 2 lanes,30,Roundabout,Authorised Person,C,,Darkness: street lights present and lit,Raining (without high winds),Dry,None,None,No overtaking,325330,674060,520515,Junction,Pedestrian,344820,unset,EH21EL,Control by other authorised person,Zebra crossing,At scene,55.9537983407,-3.19597416657,"{""type"": ""Feature"",""geometry"": {""type"": ""Point"",""coordinates"": -3.19597416657, 55.9537983407}}"
160810,,Slight,2,1,15/02/2010,Monday,15,February,10,17,37,230,C,,Single carriageway - 2 lanes,30,Not at or within 20 metres of junction,unset,\,,Darkness: street lights present but unlit,Fine (without high winds),Dry,None,None,No overtaking,326900,669430,553525,Segment,T.V.N.P.,344821,unset,EH166NP,No crossing facility within 50m or physical crossing facility not controlled by authorised person,No physical crossing facility within 50m,At scene,55.9124439817,-3.16957988196,"{""type"": ""Feature"",""geometry"": {""type"": ""Point"",""coordinates"": -3.16957988196, 55.9124439817}}"
162310,,Slight,1,1,01/03/2010,Monday,1,March,10,15,45,230,Unclassified,,Single carriageway - 2 lanes,30,Not at or within 20 metres of junction,unset,\,,Daylight: street lights present,Fine (without high winds),Dry,None,None,No overtaking,327120,675820,557458,Segment,Pedestrian,353643,unset,EH68HN,Control by other authorised person,Central refuge - no other controls,At scene,55.9698849096,-3.16778694564,"{""type"": ""Feature"",""geometry"": {""type"": ""Point"",""coordinates"": -3.16778694564, 55.9698849096}}"
162510,,Slight,2,1,01/03/2010,Monday,1,March,10,16,10,230,Unclassified,,Single carriageway - 2 lanes,30,Crossroads,Automatic Traffic Signal,A,900,Daylight: street lights present,Fine (without high winds),Dry,None,None,No overtaking,326370,674900,520266,Junction,Cyclist,353644,unset,EH74LU,Control by other authorised person,"Pelican, puffin, toucan or similar non-junction pedestrian light crossing",Elsewhere,55.9615053158,-3.17955018667,"{""type"": ""Feature"",""geometry"": {""type"": ""Point"",""coordinates"": -3.17955018667, 55.9615053158}}"
163010,,Serious,2,1,01/03/2010,Monday,1,March,10,18,45,230,A,901,Single carriageway - 2 lanes,30,'T' or staggered junction,Automatic Traffic Signal,A,901,Darkness: street lights present and lit,Fine (without high winds),Dry,None,None,No overtaking,326460,676740,531307,Junction,Pedestrian,353645,unset,EH66PJ,Control by other authorised person,Pedestrian phase at traffic signal junction,At scene,55.9780494607,-3.17861119692,"{""type"": ""Feature"",""geometry"": {""type"": ""Point"",""coordinates"": -3.17861119692, 55.9780494607}}"
163110,,Slight,3,2,01/03/2010,Monday,1,March,10,14,2,230,Unclassified,,Single carriageway - 2 lanes,30,'T' or staggered junction,Give way sign or markings,Unclassified,,Daylight: street lights present,Fine (without high winds),Dry,None,None,No overtaking,321890,671530,522207,Junction,M.V.N.P.,353646,unset,EH141TB,No crossing facility within 50m or physical crossing facility not controlled by authorised person,"Pelican, puffin, toucan or similar non-junction pedestrian light crossing",At scene,55.9305227062,-3.25032497481,"{""type"": ""Feature"",""geometry"": {""type"": ""Point"",""coordinates"": -3.25032497481, 55.9305227062}}"
163410,,Serious,1,1,01/03/2010,Monday,1,March,10,18,37,230,Unclassified,,Single carriageway - 2 lanes,30,'T' or staggered junction,Stop sign,Unclassified,,Darkness: street lights present and lit,Fine (without high winds),Dry,None,None,No overtaking,323560,670830,529783,Junction,Pedestrian,353647,unset,EH105LF,Control by other authorised person,Central refuge - no other controls,At scene,55.9245023898,-3.22340166272,"{""type"": ""Feature"",""geometry"": {""type"": ""Point"",""coordinates"": -3.22340166272, 55.9245023898}}"
165010,,Slight,1,1,02/03/2010,Tuesday,2,March,10,9,5,230,Unclassified,,Single carriageway - 2 lanes,30,Not at or within 20 metres of junction,unset,\,,Daylight: street lights present,Fine (without high winds),Dry,None,None,No overtaking,325960,673030,0,Unset,Pedestrian,353648,unset,EH89AL,No crossing facility within 50m or physical crossing facility not controlled by authorised person,No physical crossing facility within 50m,At scene,55.9446424195,-3.18560321126,"{""type"": ""Feature"",""geometry"": {""type"": ""Point"",""coordinates"": -3.18560321126, 55.9446424195}}"
166810,,Slight,1,1,01/03/2010,Monday,1,March,10,22,30,230,Unclassified,,Single carriageway - 2 lanes,30,Not at or within 20 metres of junction,unset,\,,Darkness: street lighting unknown,Other,Dry,None,None,No overtaking,312650,672190,12231523,Segment,S.V.N.P.,353649,unset,EH288PL,No crossing facility within 50m or physical crossing facility not controlled by authorised person,No physical crossing facility within 50m,Elsewhere,55.9348621136,-3.39839846471,"{""type"": ""Feature"",""geometry"": {""type"": ""Point"",""coordinates"": -3.39839846471, 55.9348621136}}"
167310,,Slight,2,2,01/03/2010,Monday,1,March,10,18,5,230,A,720,Dual carriageway - 2 lanes,70,Not at or within 20 metres of junction,unset,\,,Darkness: street lights present and lit,Fine (without high winds),Dry,None,None,No overtaking,317520,672350,6453019,Segment,T.V.N.P.,353650,unset,EH129BS,No crossing facility within 50m or physical crossing facility not controlled by authorised person,No physical crossing facility within 50m,At scene,55.9371595162,-3.32050681916,"{""type"": ""Feature"",""geometry"": {""type"": ""Point"",""coordinates"": -3.32050681916, 55.9371595162}}"
167510,,Slight,1,1,02/03/2010,Tuesday,2,March,10,17,25,230,Unclassified,,One way Street,30,'T' or staggered junction,Automatic Traffic Signal,C,,Daylight: street lighting unknown,Fine (without high winds),Dry,None,None,No overtaking,325730,673130,521514,Junction,Pedestrian,353651,unset,EH12QZ,No crossing facility within 50m or physical crossing facility not controlled by authorised person,No physical crossing facility within 50m,Elsewhere,55.9455053243,-3.18931284819,"{""type"": ""Feature"",""geometry"": {""type"": ""Point"",""coordinates"": -3.18931284819, 55.9455053243}}"
169310,,Slight,1,1,01/03/2010,Monday,1,March,10,13,29,230,A,901,Single carriageway - 2 lanes,30,Not at or within 20 metres of junction,unset,\,,Daylight: no street lighting,Fine (without high winds),Dry,None,None,No overtaking,324730,677000,558719,Segment,Pedestrian,353652,unset,EH53RU,No crossing facility within 50m or physical crossing facility not controlled by authorised person,No physical crossing facility within 50m,At scene,55.9801171077,-3.20640344695,"{""type"": ""Feature"",""geometry"": {""type"": ""Point"",""coordinates"": -3.20640344695, 55.9801171077}}"
170210,,Slight,2,1,03/03/2010,Wednesday,3,March,10,13,50,230,A,1,Roundabout,40,Roundabout,Give way sign or markings,A,1,Daylight: street lights present,Fine (without high winds),Dry,None,None,No overtaking,331270,672440,530980,Junction,T.V.N.P.,353653,unset,EH153SA,No crossing facility within 50m or physical crossing facility not controlled by authorised person,No physical crossing facility within 50m,Elsewhere,55.9401303956,-3.10044213446,"{""type"": ""Feature"",""geometry"": {""type"": ""Point"",""coordinates"": -3.10044213446, 55.9401303956}}"
170610,,Slight,2,1,18/02/2010,Thursday,18,February,10,19,0,230,A,702,Single carriageway - 2 lanes,30,Not at or within 20 metres of junction,unset,\,,Daylight: street lighting unknown,Fine (without high winds),Dry,None,None,No overtaking,324910,672860,549186,Segment,Cyclist,344822,unset,EH39LZ,No crossing facility within 50m or physical crossing facility not controlled by authorised person,No physical crossing facility within 50m,At scene,55.9429522762,-3.20236541261,"{""type"": ""Feature"",""geometry"": {""type"": ""Point"",""coordinates"": -3.20236541261, 55.9429522762}}"
173310,,Slight,2,2,04/03/2010,Thursday,4,March,10,15,30,230,A,701,Single carriageway - 2 lanes,30,Not at or within 20 metres of junction,unset,\,,Daylight: no street lighting,Fine (without high winds),Dry,None,None,No overtaking,327100,671160,569336,Segment,T.V.N.P.,353654,unset,EH165PS,No crossing facility within 50m or physical crossing facility not controlled by authorised person,No physical crossing facility within 50m,At scene,55.928016641,-3.16684753109,"{""type"": ""Feature"",""geometry"": {""type"": ""Point"",""coordinates"": -3.16684753109, 55.928016641}}"
174210,,Slight,3,2,04/03/2010,Thursday,4,March,10,16,0,230,Motorway,9,Dual carriageway - 2 lanes,70,Not at or within 20 metres of junction,unset,\,,Daylight: street lights present,Fine (without high winds),Dry,None,None,No overtaking,312180,673490,562738,Segment,M.V.N.P.,353655,unset,EH299EA,No crossing facility within 50m or physical crossing facility not controlled by authorised person,No physical crossing facility within 50m,At scene,55.9464545674,-3.40634336606,"{""type"": ""Feature"",""geometry"": {""type"": ""Point"",""coordinates"": -3.40634336606, 55.9464545674}}"
176110,,Serious,1,1,05/03/2010,Friday,5,March,10,12,53,230,Unclassified,,Single carriageway - 2 lanes,30,'T' or staggered junction,Give way sign or markings,A,900,Daylight: street lights present,Fine (without high winds),Dry,None,None,No overtaking,326880,675740,519487,Junction,Pedestrian,353656,unset,EH68LX,No crossing facility within 50m or physical crossing facility not controlled by authorised person,No physical crossing facility within 50m,At scene,55.9691297118,-3.17160994264,"{""type"": ""Feature"",""geometry"": {""type"": ""Point"",""coordinates"": -3.17160994264, 55.9691297118}}"
176810,,Slight,1,1,05/03/2010,Friday,5,March,10,19,10,230,A,720,Dual carriageway - 2 lanes,70,Not at or within 20 metres of junction,unset,\,,Darkness: no street lighting,Fine (without high winds),Dry,None,None,No overtaking,320290,668950,570543,Segment,S.V.N.P.,353657,unset,EH145BQ,No crossing facility within 50m or physical crossing facility not controlled by authorised person,No physical crossing facility within 50m,At scene,55.907082385,-3.27516829855,"{""type"": ""Feature"",""geometry"": {""type"": ""Point"",""coordinates"": -3.27516829855, 55.907082385}}"
177010,,Slight,2,1,06/03/2010,Saturday,6,March,10,2,5,230,Unclassified,,One way Street,30,Not at or within 20 metres of junction,unset,\,,Darkness: street lights present and lit,Fine (without high winds),Dry,None,None,No overtaking,325970,673030,0,Unset,Pedestrian,353658,unset,EH89AL,No crossing facility within 50m or physical crossing facility not controlled by authorised person,No physical crossing facility within 50m,At scene,55.9446439598,-3.18544311972,"{""type"": ""Feature"",""geometry"": {""type"": ""Point"",""coordinates"": -3.18544311972, 55.9446439598}}"
178210,,Slight,2,1,23/02/2010,Tuesday,23,February,10,8,40,230,A,702,Single carriageway - 2 lanes,30,'T' or staggered junction,Give way sign or markings,Unclassified,,Daylight: street lights present,Unknown,Dry,None,None,No overtaking,324500,671620,523827,Junction,Cyclist,344823,unset,EH104BX,Control by other authorised person,Pedestrian phase at traffic signal junction,Elsewhere,55.931748094,-3.20858189935,"{""type"": ""Feature"",""geometry"": {""type"": ""Point"",""coordinates"": -3.20858189935, 55.931748094}}"