acc_ref,beat_no,severity,no_vehicle,no_casualt,a_date,a_day,a_date_day,a_date_mon,a_date_yr,a_time_hr,a_time_min,loc_auth,road1_class,road1_no,road_type,speed_limi,junc_det,junc_ctrl,road2_class,road2_no,light_cond,weather,road_surf,spec_cond,cway_hzrds,ovrtk_patrn,easting,northing,net_id,net_type,acc_type,text_id,division,Postcode,ped_xing_hc,ped_xing_p,place_reported,latitude,longitude,geojson
211810,,Slight,2,1,18/03/2010,Thursday,18,March,10,11,20,230,Unclassified,,Single carriageway - 2 lanes,30,Not at or within 20 metres of junction,unset,\,,Daylight: street lights present,Fine with high winds,Dry,None,None,No overtaking,322570,676110,0,Unset,T.V.N.P.,353707,unset,EH44DE,No crossing facility within 50m or physical crossing facility not controlled by authorised person,No physical crossing facility within 50m,Elsewhere,55.9717780769,-3.24075823438,"{""type"": ""Feature"",""geometry"": {""type"": ""Point"",""coordinates"": -3.24075823438, 55.9717780769}}"
212810,,Slight,2,1,19/03/2010,Friday,19,March,10,14,30,230,A,701,Single carriageway - 2 lanes,30,'T' or staggered junction,Automatic Traffic Signal,C,,Daylight: street lights present,Fine (without high winds),Dry,None,None,No overtaking,327140,670250,530089,Junction,Cyclist,353708,unset,EH166AJ,Control by other authorised person,Pedestrian phase at traffic signal junction,Elsewhere,55.9198472655,-3.1659619449,"{""type"": ""Feature"",""geometry"": {""type"": ""Point"",""coordinates"": -3.1659619449, 55.9198472655}}"
213310,,Slight,2,2,19/03/2010,Friday,19,March,10,22,15,230,A,90,Single carriageway - 2 lanes,40,Crossroads,Automatic Traffic Signal,B,9085,Darkness: street lights present and lit,Fine (without high winds),Dry,None,None,No overtaking,320650,675130,519720,Junction,T.V.N.P.,353709,unset,EH47AG,Control by other authorised person,Central refuge - no other controls,At scene,55.962660718,-3.27122768056,"{""type"": ""Feature"",""geometry"": {""type"": ""Point"",""coordinates"": -3.27122768056, 55.962660718}}"
213510,,Slight,2,3,19/03/2010,Friday,19,March,10,16,45,230,A,7,Single carriageway - 2 lanes,30,Crossroads,Automatic Traffic Signal,Unclassified,,Daylight: street lights present,Fine (without high winds),Dry,None,None,No overtaking,326330,672610,532690,Junction,T.V.N.P.,353710,unset,EH89PR,Control by other authorised person,Pedestrian phase at traffic signal junction,At scene,55.9409260234,-3.17956511424,"{""type"": ""Feature"",""geometry"": {""type"": ""Point"",""coordinates"": -3.17956511424, 55.9409260234}}"
213610,,Slight,2,1,15/03/2010,Monday,15,March,10,20,40,230,A,900,Dual carriageway - 2 lanes,30,Roundabout,Give way sign or markings,A,900,Darkness: street lights present and lit,Fine (without high winds),Dry,None,None,No overtaking,326040,674380,520656,Junction,Cyclist,353711,unset,EH13AA,Control by other authorised person,"Pelican, puffin, toucan or similar non-junction pedestrian light crossing",Elsewhere,55.9567829985,-3.184692792,"{""type"": ""Feature"",""geometry"": {""type"": ""Point"",""coordinates"": -3.184692792, 55.9567829985}}"
213710,,Slight,1,1,17/03/2010,Wednesday,17,March,10,20,25,230,C,,Single carriageway - 2 lanes,30,Not at or within 20 metres of junction,unset,\,,Darkness: street lights present and lit,Fine (without high winds),Dry,None,None,No overtaking,325800,674330,566777,Segment,Pedestrian,353712,unset,EH13HP,Control by other authorised person,"Pelican, puffin, toucan or similar non-junction pedestrian light crossing",At scene,55.9562967982,-3.18852242319,"{""type"": ""Feature"",""geometry"": {""type"": ""Point"",""coordinates"": -3.18852242319, 55.9562967982}}"
214410,,Slight,2,1,20/03/2010,Saturday,20,March,10,12,30,230,A,8,Single carriageway - 2 lanes,40,'T' or staggered junction,Give way sign or markings,Unclassified,,Daylight: street lights present,Fine (without high winds),Dry,None,None,No overtaking,318390,672760,4550135,Junction,T.V.N.P.,353713,unset,EH128NG,No crossing facility within 50m or physical crossing facility not controlled by authorised person,No physical crossing facility within 50m,At scene,55.9409912124,-3.30670619872,"{""type"": ""Feature"",""geometry"": {""type"": ""Point"",""coordinates"": -3.30670619872, 55.9409912124}}"
215410,,Slight,2,1,20/03/2010,Saturday,20,March,10,14,10,230,Unclassified,,Single carriageway - 2 lanes,30,Not at or within 20 metres of junction,unset,\,,Daylight: no street lighting,Fine (without high winds),Dry,None,None,No overtaking,320830,672600,0,Unset,Cyclist,353714,unset,EH127DQ,No crossing facility within 50m or physical crossing facility not controlled by authorised person,No physical crossing facility within 50m,At scene,55.9399618692,-3.26760187775,"{""type"": ""Feature"",""geometry"": {""type"": ""Point"",""coordinates"": -3.26760187775, 55.9399618692}}"
216310,,Slight,1,2,20/03/2010,Saturday,20,March,10,12,5,230,Unclassified,,Single carriageway - 2 lanes,30,Not at or within 20 metres of junction,unset,\,,Daylight: street lights present,Fine (without high winds),Dry,None,None,No overtaking,323700,669130,564896,Segment,Pedestrian,353715,unset,EH139JD,No crossing facility within 50m or physical crossing facility not controlled by authorised person,No physical crossing facility within 50m,At scene,55.9092521104,-3.22068152931,"{""type"": ""Feature"",""geometry"": {""type"": ""Point"",""coordinates"": -3.22068152931, 55.9092521104}}"
216510,,Slight,2,1,20/03/2010,Saturday,20,March,10,19,40,230,C,,Single carriageway - 2 lanes,30,Not at or within 20 metres of junction,unset,\,,Darkness: street lights present and lit,Fine (without high winds),Dry,None,None,No overtaking,325680,673350,567153,Segment,T.V.N.P.,353716,unset,EH11EN,No crossing facility within 50m or physical crossing facility not controlled by authorised person,No physical crossing facility within 50m,At scene,55.9474740504,-3.19017394724,"{""type"": ""Feature"",""geometry"": {""type"": ""Point"",""coordinates"": -3.19017394724, 55.9474740504}}"
216910,,Slight,1,1,21/03/2010,Sunday,21,March,10,3,45,230,A,7,Single carriageway - 2 lanes,30,Not at or within 20 metres of junction,unset,\,,Darkness: street lights present and lit,Fine (without high winds),Dry,None,None,No overtaking,325920,673690,569273,Segment,Pedestrian,353717,unset,EH11QN,No crossing facility within 50m or physical crossing facility not controlled by authorised person,Pedestrian phase at traffic signal junction,At scene,55.950565628,-3.18642487736,"{""type"": ""Feature"",""geometry"": {""type"": ""Point"",""coordinates"": -3.18642487736, 55.950565628}}"
217510,,Slight,1,1,21/03/2010,Sunday,21,March,10,20,5,230,Unclassified,,Single carriageway - 2 lanes,30,Other junction,Give way sign or markings,Unclassified,,Darkness: street lights present and lit,Fine (without high winds),Dry,None,None,No overtaking,327330,675620,519529,Junction,Bus,353718,unset,EH68DL,No crossing facility within 50m or physical crossing facility not controlled by authorised person,No physical crossing facility within 50m,At scene,55.9681199484,-3.16436884302,"{""type"": ""Feature"",""geometry"": {""type"": ""Point"",""coordinates"": -3.16436884302, 55.9681199484}}"
218310,,Slight,4,1,22/03/2010,Monday,22,March,10,11,0,230,Unclassified,,Single carriageway - 2 lanes,30,Not at or within 20 metres of junction,unset,\,,Daylight: street lights present,Raining (without high winds),Dry,None,None,No overtaking,321960,670700,564608,Segment,M.V.N.P.,353719,unset,EH142EP,Control by other authorised person,"Pelican, puffin, toucan or similar non-junction pedestrian light crossing",At scene,55.9230775848,-3.24896489894,"{""type"": ""Feature"",""geometry"": {""type"": ""Point"",""coordinates"": -3.24896489894, 55.9230775848}}"
220510,,Slight,1,1,23/03/2010,Tuesday,23,March,10,19,30,230,C,,Single carriageway - 2 lanes,30,Not at or within 20 metres of junction,unset,\,,Darkness: street lights present and lit,Fine with high winds,Dry,None,None,No overtaking,320030,672660,564442,Segment,Pedestrian,353720,unset,EH127HG,No crossing facility within 50m or physical crossing facility not controlled by authorised person,No physical crossing facility within 50m,At scene,55.9403684725,-3.28042499369,"{""type"": ""Feature"",""geometry"": {""type"": ""Point"",""coordinates"": -3.28042499369, 55.9403684725}}"
223010,,Slight,2,2,24/03/2010,Wednesday,24,March,10,7,0,230,A,90,Single carriageway - 2 lanes,30,Other junction,Give way sign or markings,Unclassified,,Daylight: street lights present,Fine (without high winds),Dry,None,None,No overtaking,324720,673950,520983,Junction,T.V.N.P.,353721,unset,EH24DR,No crossing facility within 50m or physical crossing facility not controlled by authorised person,No physical crossing facility within 50m,At scene,55.9527149363,-3.20571127171,"{""type"": ""Feature"",""geometry"": {""type"": ""Point"",""coordinates"": -3.20571127171, 55.9527149363}}"
223410,,Slight,1,1,24/03/2010,Wednesday,24,March,10,12,50,230,Unclassified,,Single carriageway - 2 lanes,30,Not at or within 20 metres of junction,unset,\,,Daylight: street lights present,Fine (without high winds),Dry,None,None,No overtaking,320170,674470,565949,Segment,Bus,353722,unset,EH126UF,No crossing facility within 50m or physical crossing facility not controlled by authorised person,No physical crossing facility within 50m,At scene,55.956652029,-3.27871985852,"{""type"": ""Feature"",""geometry"": {""type"": ""Point"",""coordinates"": -3.27871985852, 55.956652029}}"
224210,,Slight,3,2,24/03/2010,Wednesday,24,March,10,16,15,230,Unclassified,,Unknown,30,'T' or staggered junction,Give way sign or markings,A,90,Daylight: street lights present,Fine (without high winds),Dry,None,None,No overtaking,322500,674420,520404,Junction,M.V.N.P.,353723,unset,EH42LJ,No crossing facility within 50m or physical crossing facility not controlled by authorised person,No physical crossing facility within 50m,At scene,55.9565843501,-3.24139345771,"{""type"": ""Feature"",""geometry"": {""type"": ""Point"",""coordinates"": -3.24139345771, 55.9565843501}}"
224310,,Slight,2,1,24/03/2010,Wednesday,24,March,10,17,0,230,Unclassified,,Single carriageway - 2 lanes,30,Multiple junction,Authorised Person,Unclassified,,Daylight: street lights present,Fine (without high winds),Dry,None,None,No overtaking,326000,671000,533401,Junction,Cyclist,353724,unset,EH93ER,Control by other authorised person,Pedestrian phase at traffic signal junction,Elsewhere,55.9264112224,-3.18440623768,"{""type"": ""Feature"",""geometry"": {""type"": ""Point"",""coordinates"": -3.18440623768, 55.9264112224}}"
224810,,Slight,2,1,24/03/2010,Wednesday,24,March,10,18,55,230,A,900,Single carriageway - 2 lanes,30,'T' or staggered junction,Automatic Traffic Signal,C,,Darkness: street lights present and lit,Fine (without high winds),Dry,None,None,No overtaking,326570,675150,519867,Junction,T.V.N.P.,353725,unset,EH68SE,Control by other authorised person,No physical crossing facility within 50m,Elsewhere,55.9637819077,-3.17641509057,"{""type"": ""Feature"",""geometry"": {""type"": ""Point"",""coordinates"": -3.17641509057, 55.9637819077}}"
225810,,Slight,2,1,25/03/2010,Thursday,25,March,10,8,0,230,Motorway,8,Dual carriageway - 2 lanes,70,Not at or within 20 metres of junction,unset,\,,Daylight: street lights present,Raining (without high winds),Dry,None,None,No overtaking,313230,671280,6452039,Segment,T.V.N.P.,353726,unset,EH288LU,No crossing facility within 50m or physical crossing facility not controlled by authorised person,No physical crossing facility within 50m,Elsewhere,55.9267924102,-3.38882376151,"{""type"": ""Feature"",""geometry"": {""type"": ""Point"",""coordinates"": -3.38882376151, 55.9267924102}}"
226710,,Slight,2,1,25/03/2010,Thursday,25,March,10,7,35,230,Unclassified,,Dual carriageway - 2 lanes,30,Crossroads,Automatic Traffic Signal,Unclassified,,Daylight: street lights present,Fog (or mist if hazard),Dry,None,None,No overtaking,325570,673920,521100,Junction,Cyclist,353727,unset,EH22EJ,Control by other authorised person,Pedestrian phase at traffic signal junction,Elsewhere,55.952577836,-3.1920924199,"{""type"": ""Feature"",""geometry"": {""type"": ""Point"",""coordinates"": -3.1920924199, 55.952577836}}"
226810,,Slight,1,1,25/03/2010,Thursday,25,March,10,12,15,230,Unclassified,,Single carriageway - 2 lanes,30,'T' or staggered junction,Authorised Person,C,,Daylight: street lights present,Fog (or mist if hazard),Dry,None,None,No overtaking,325490,674250,520524,Junction,Bus,353728,unset,EH21AW,Control by other authorised person,Pedestrian phase at traffic signal junction,Elsewhere,55.9555301128,-3.19346462402,"{""type"": ""Feature"",""geometry"": {""type"": ""Point"",""coordinates"": -3.19346462402, 55.9555301128}}"
228210,,Slight,5,1,26/03/2010,Friday,26,March,10,6,25,230,Motorway,8,Dual carriageway - 2 lanes,70,Slip road,Give way sign or markings,Motorway,8,Daylight: no street lighting,Raining (without high winds),Dry,None,None,No overtaking,311620,671160,6452027,Junction,M.V.N.P.,353729,unset,EH288LQ,No crossing facility within 50m or physical crossing facility not controlled by authorised person,No physical crossing facility within 50m,At scene,55.9254212968,-3.41454508553,"{""type"": ""Feature"",""geometry"": {""type"": ""Point"",""coordinates"": -3.41454508553, 55.9254212968}}"
228310,,Slight,1,1,26/03/2010,Friday,26,March,10,11,50,230,A,8,Single carriageway - 2 lanes,30,'T' or staggered junction,Give way sign or markings,Unclassified,,Daylight: street lights present,Fine (without high winds),Dry,None,None,No overtaking,324520,673580,520884,Junction,Bus,353730,unset,EH24RT,Control by other authorised person,"Pelican, puffin, toucan or similar non-junction pedestrian light crossing",At scene,55.9493595487,-3.20881016098,"{""type"": ""Feature"",""geometry"": {""type"": ""Point"",""coordinates"": -3.20881016098, 55.9493595487}}"
228610,,Slight,2,1,26/03/2010,Friday,26,March,10,8,40,230,A,8,Dual carriageway - 2 lanes,40,Not at or within 20 metres of junction,unset,\,,Daylight: street lights present,Raining (without high winds),Dry,None,None,No overtaking,317210,672550,550821,Segment,T.V.N.P.,353731,unset,EH129BQ,No crossing facility within 50m or physical crossing facility not controlled by authorised person,No physical crossing facility within 50m,Elsewhere,55.9389029222,-3.325529797,"{""type"": ""Feature"",""geometry"": {""type"": ""Point"",""coordinates"": -3.325529797, 55.9389029222}}"
230110,,Slight,2,1,26/03/2010,Friday,26,March,10,14,56,230,Unclassified,,One way Street,30,Other junction,Automatic Traffic Signal,C,,Daylight: street lights present,Other,Dry,None,None,No overtaking,325750,673140,521514,Junction,T.V.N.P.,353732,unset,EH12QZ,Control by other authorised person,Pedestrian phase at traffic signal junction,Elsewhere,55.9455982532,-3.18899541131,"{""type"": ""Feature"",""geometry"": {""type"": ""Point"",""coordinates"": -3.18899541131, 55.9455982532}}"
230710,,Slight,1,1,26/03/2010,Friday,26,March,10,14,50,230,Unclassified,,Single carriageway - 2 lanes,40,Not at or within 20 metres of junction,unset,\,,Daylight: street lights present,Raining (without high winds),Dry,None,None,No overtaking,318080,668770,12229654,Segment,S.V.N.P.,353733,unset,EH145AB,No crossing facility within 50m or physical crossing facility not controlled by authorised person,No physical crossing facility within 50m,At scene,55.905094296,-3.31045819278,"{""type"": ""Feature"",""geometry"": {""type"": ""Point"",""coordinates"": -3.31045819278, 55.905094296}}"
231010,,Slight,1,1,26/03/2010,Friday,26,March,10,21,49,230,Unclassified,,Single carriageway - 2 lanes,30,'T' or staggered junction,Give way sign or markings,A,901,Darkness: street lights present but unlit,Fine with high winds,Dry,None,None,No overtaking,326880,676020,531346,Junction,S.V.N.P.,353734,unset,EH66BS,No crossing facility within 50m or physical crossing facility not controlled by authorised person,No physical crossing facility within 50m,At scene,55.9716452068,-3.17168597085,"{""type"": ""Feature"",""geometry"": {""type"": ""Point"",""coordinates"": -3.17168597085, 55.9716452068}}"
231410,,Slight,2,1,17/03/2010,Wednesday,17,March,10,14,30,230,C,,Single carriageway - 2 lanes,30,'T' or staggered junction,Automatic Traffic Signal,Unclassified,,Daylight: street lights present,Fine (without high winds),Dry,None,None,No overtaking,322230,670830,529735,Junction,T.V.N.P.,353735,unset,EH141LS,Control by school crossing patrol,Pedestrian phase at traffic signal junction,At scene,55.9242891972,-3.24468235584,"{""type"": ""Feature"",""geometry"": {""type"": ""Point"",""coordinates"": -3.24468235584, 55.9242891972}}"
232510,,Slight,2,1,27/03/2010,Saturday,27,March,10,8,10,230,C,,Single carriageway - 2 lanes,30,Not at or within 20 metres of junction,unset,\,,Daylight: street lights present,Fine (without high winds),Dry,None,None,No overtaking,324120,672660,559466,Segment,T.V.N.P.,353736,unset,EH111AW,No crossing facility within 50m or physical crossing facility not controlled by authorised person,No physical crossing facility within 50m,At scene,55.9410314555,-3.21495571247,"{""type"": ""Feature"",""geometry"": {""type"": ""Point"",""coordinates"": -3.21495571247, 55.9410314555}}"
233310,,Slight,2,1,27/03/2010,Saturday,27,March,10,18,0,230,Unclassified,,Single carriageway - 2 lanes,40,Not at or within 20 metres of junction,unset,\,,Daylight: street lights present,Fine (without high winds),Dry,None,None,No overtaking,329980,674290,554057,Segment,T.V.N.P.,353737,unset,EH151DL,Control by other authorised person,Pedestrian phase at traffic signal junction,At scene,55.9565648218,-3.12157239356,"{""type"": ""Feature"",""geometry"": {""type"": ""Point"",""coordinates"": -3.12157239356, 55.9565648218}}"
234210,,Slight,1,1,14/03/2010,Sunday,14,March,10,12,40,230,Unclassified,,Single carriageway - 2 lanes,20,Other junction,Give way sign or markings,Unclassified,,Daylight: street lights present,Fine (without high winds),Dry,None,None,No overtaking,328860,669500,12219945,Junction,Pedestrian,353738,unset,EH177EX,No crossing facility within 50m or physical crossing facility not controlled by authorised person,No physical crossing facility within 50m,At scene,55.9133666071,-3.13824589994,"{""type"": ""Feature"",""geometry"": {""type"": ""Point"",""coordinates"": -3.13824589994, 55.9133666071}}"
234810,,Slight,2,1,22/03/2010,Monday,22,March,10,9,30,230,Unclassified,,Single carriageway - 2 lanes,30,Not at or within 20 metres of junction,unset,\,,Daylight: street lights present,Fine (without high winds),Dry,None,None,No overtaking,320970,670930,565151,Segment,T.V.N.P.,353739,unset,EH142AR,No crossing facility within 50m or physical crossing facility not controlled by authorised person,No physical crossing facility within 50m,At scene,55.9249822017,-3.26487200763,"{""type"": ""Feature"",""geometry"": {""type"": ""Point"",""coordinates"": -3.26487200763, 55.9249822017}}"
235010,,Serious,1,5,28/03/2010,Sunday,28,March,10,23,33,230,Unclassified,,Single carriageway - 2 lanes,60,Not at or within 20 metres of junction,unset,\,,Darkness: no street lighting,Fine (without high winds),Dry,None,None,No overtaking,329340,667600,562879,Segment,S.V.N.P.,353740,unset,EH178RZ,No crossing facility within 50m or physical crossing facility not controlled by authorised person,No physical crossing facility within 50m,At scene,55.8963674683,-3.13007105954,"{""type"": ""Feature"",""geometry"": {""type"": ""Point"",""coordinates"": -3.13007105954, 55.8963674683}}"
237010,,Slight,2,1,29/03/2010,Monday,29,March,10,21,7,230,Motorway,9,Dual carriageway - 2 lanes,70,Not at or within 20 metres of junction,unset,\,,Darkness: no street lighting,Raining with high winds,Dry,None,None,No overtaking,312650,675510,0,Unset,T.V.N.P.,353741,unset,EH299EQ,No crossing facility within 50m or physical crossing facility not controlled by authorised person,No physical crossing facility within 50m,At scene,55.9646861413,-3.39947395463,"{""type"": ""Feature"",""geometry"": {""type"": ""Point"",""coordinates"": -3.39947395463, 55.9646861413}}"
237110,,Slight,2,4,29/03/2010,Monday,29,March,10,16,30,230,Unclassified,,Single carriageway - 2 lanes,30,Not at or within 20 metres of junction,unset,\,,Daylight: street lights present,Raining (without high winds),Dry,None,None,No overtaking,323630,671160,564166,Segment,T.V.N.P.,353742,unset,EH105BZ,No crossing facility within 50m or physical crossing facility not controlled by authorised person,No physical crossing facility within 50m,At scene,55.9274781658,-3.22237494255,"{""type"": ""Feature"",""geometry"": {""type"": ""Point"",""coordinates"": -3.22237494255, 55.9274781658}}"
237210,,Slight,1,1,26/03/2010,Friday,26,March,10,11,0,230,A,8,Single carriageway - 2 lanes,30,'T' or staggered junction,Automatic Traffic Signal,Unclassified,,Daylight: street lights present,Fine (without high winds),Dry,None,None,No overtaking,325680,673950,521082,Junction,S.V.N.P.,353743,unset,EH22EJ,No crossing facility within 50m or physical crossing facility not controlled by authorised person,No physical crossing facility within 50m,At scene,55.9528643785,-3.19033932631,"{""type"": ""Feature"",""geometry"": {""type"": ""Point"",""coordinates"": -3.19033932631, 55.9528643785}}"
238410,,Slight,1,1,30/03/2010,Tuesday,30,March,10,8,35,230,B,701,Single carriageway - 2 lanes,30,Not at or within 20 metres of junction,unset,\,,Daylight: street lights present,Raining (without high winds),Dry,None,None,No overtaking,328070,668360,2105918,Segment,Pedestrian,353744,unset,EH178HR,No crossing facility within 50m or physical crossing facility not controlled by authorised person,No physical crossing facility within 50m,At scene,55.9030073317,-3.15057980618,"{""type"": ""Feature"",""geometry"": {""type"": ""Point"",""coordinates"": -3.15057980618, 55.9030073317}}"
238910,,Slight,2,1,30/03/2010,Tuesday,30,March,10,15,45,230,Unclassified,,Single carriageway - 2 lanes,30,Roundabout,Give way sign or markings,Unclassified,,Daylight: street lights present,Raining with high winds,Dry,None,None,No overtaking,328130,674940,523299,Junction,T.V.N.P.,353745,unset,EH76EH,No crossing facility within 50m or physical crossing facility not controlled by authorised person,No physical crossing facility within 50m,At scene,55.9621312327,-3.15137219607,"{""type"": ""Feature"",""geometry"": {""type"": ""Point"",""coordinates"": -3.15137219607, 55.9621312327}}"
239210,,Serious,1,2,30/03/2010,Tuesday,30,March,10,19,50,230,Unclassified,,Single carriageway - 2 lanes,30,'T' or staggered junction,Give way sign or markings,Unclassified,,Darkness: street lights present and lit,Snowing with high winds,Dry,None,None,No overtaking,327520,668430,0,Unset,Pedestrian,353746,unset,EH166PU,No crossing facility within 50m or physical crossing facility not controlled by authorised person,No physical crossing facility within 50m,At scene,55.903553721,-3.15939425438,"{""type"": ""Feature"",""geometry"": {""type"": ""Point"",""coordinates"": -3.15939425438, 55.903553721}}"
239310,,Slight,1,2,30/03/2010,Tuesday,30,March,10,18,30,230,Unclassified,,Single carriageway - 2 lanes,30,'T' or staggered junction,Give way sign or markings,C,,Daylight: street lights present,Raining with high winds,Dry,None,Other object in carriageway,No overtaking,326170,673720,521160,Junction,S.V.N.P.,353747,unset,EH88BD,Control by other authorised person,Pedestrian phase at traffic signal junction,At scene,55.9508736197,-3.18243018902,"{""type"": ""Feature"",""geometry"": {""type"": ""Point"",""coordinates"": -3.18243018902, 55.9508736197}}"
239410,,Slight,1,1,30/03/2010,Tuesday,30,March,10,17,50,230,Unclassified,,Single carriageway - 2 lanes,30,Not at or within 20 metres of junction,unset,\,,Daylight: no street lighting,Raining with high winds,Dry,None,None,No overtaking,320730,675450,519759,Junction,Bus,353748,unset,EH45AA,Control by other authorised person,Pedestrian phase at traffic signal junction,At scene,55.9655486763,-3.27004055317,"{""type"": ""Feature"",""geometry"": {""type"": ""Point"",""coordinates"": -3.27004055317, 55.9655486763}}"
240610,,Slight,2,1,30/03/2010,Tuesday,30,March,10,21,30,230,Unclassified,,Single carriageway - 2 lanes,30,Not at or within 20 metres of junction,unset,\,,Darkness: street lights present and lit,Snowing with high winds,Dry,None,None,No overtaking,326330,676400,563718,Segment,T.V.N.P.,353749,unset,EH64AQ,Control by other authorised person,"Pelican, puffin, toucan or similar non-junction pedestrian light crossing",At scene,55.9749750114,-3.18060113388,"{""type"": ""Feature"",""geometry"": {""type"": ""Point"",""coordinates"": -3.18060113388, 55.9749750114}}"
241110,,Slight,3,3,31/03/2010,Wednesday,31,March,10,16,10,230,Unclassified,,Dual carriageway - 2 lanes,30,Not at or within 20 metres of junction,unset,\,,Daylight: street lights present,Fine (without high winds),Dry,None,None,No overtaking,317810,672350,9658643,Segment,M.V.N.P.,353750,unset,EH129DF,No crossing facility within 50m or physical crossing facility not controlled by authorised person,No physical crossing facility within 50m,At scene,55.9372091783,-3.31586529147,"{""type"": ""Feature"",""geometry"": {""type"": ""Point"",""coordinates"": -3.31586529147, 55.9372091783}}"
247210,,Slight,2,1,02/04/2010,Friday,2,April,10,9,46,230,A,90,Single carriageway - 2 lanes,30,'T' or staggered junction,Give way sign or markings,Unclassified,,Daylight: street lights present,Fine (without high winds),Dry,None,None,No overtaking,324650,673720,520962,Junction,T.V.N.P.,353849,unset,EH24DB,Control by other authorised person,Pedestrian phase at traffic signal junction,At scene,55.9506376851,-3.20676785709,"{""type"": ""Feature"",""geometry"": {""type"": ""Point"",""coordinates"": -3.20676785709, 55.9506376851}}"
248010,,Slight,3,1,02/04/2010,Friday,2,April,10,13,5,230,A,90,Single carriageway - 2 lanes,40,Not at or within 20 metres of junction,unset,\,,Daylight: street lights present,Fine (without high winds),Dry,None,None,No overtaking,319210,674930,555498,Segment,Cyclist,353850,unset,EH46ER,No crossing facility within 50m or physical crossing facility not controlled by authorised person,No physical crossing facility within 50m,At scene,55.9606239735,-3.29423068873,"{""type"": ""Feature"",""geometry"": {""type"": ""Point"",""coordinates"": -3.29423068873, 55.9606239735}}"
248110,,Slight,2,2,22/03/2010,Monday,22,March,10,10,7,230,B,701,Single carriageway - 2 lanes,30,Not at or within 20 metres of junction,unset,\,,Daylight: street lights present,Fine (without high winds),Dry,None,None,No overtaking,329330,668760,2105876,Segment,T.V.N.P.,353751,unset,EH177AN,No crossing facility within 50m or physical crossing facility not controlled by authorised person,No physical crossing facility within 50m,At scene,55.9067876049,-3.13053405305,"{""type"": ""Feature"",""geometry"": {""type"": ""Point"",""coordinates"": -3.13053405305, 55.9067876049}}"
248310,,Slight,2,2,02/04/2010,Friday,2,April,10,18,30,230,Unclassified,,Single carriageway - 2 lanes,30,'T' or staggered junction,Give way sign or markings,Unclassified,,Daylight: street lights present,Fine (without high winds),Dry,None,None,No overtaking,313870,671090,12231785,Junction,T.V.N.P.,353851,unset,EH288NP,No crossing facility within 50m or physical crossing facility not controlled by authorised person,No physical crossing facility within 50m,At scene,55.9252006238,-3.37852279397,"{""type"": ""Feature"",""geometry"": {""type"": ""Point"",""coordinates"": -3.37852279397, 55.9252006238}}"
249110,,Serious,1,1,03/04/2010,Saturday,3,April,10,0,1,230,Unclassified,,Single carriageway - 2 lanes,30,Not at or within 20 metres of junction,unset,\,,Darkness: street lights present and lit,Fine (without high winds),Dry,None,None,No overtaking,329810,670970,12228386,Segment,S.V.N.P.,353852,unset,EH164JJ,No crossing facility within 50m or physical crossing facility not controlled by authorised person,No physical crossing facility within 50m,At scene,55.9267127932,-3.12343106328,"{""type"": ""Feature"",""geometry"": {""type"": ""Point"",""coordinates"": -3.12343106328, 55.9267127932}}"
250810,,Slight,1,1,09/03/2010,Tuesday,9,March,10,18,30,230,Unclassified,,Single carriageway - 2 lanes,30,Not at or within 20 metres of junction,unset,\,,Daylight: no street lighting,Fine (without high winds),Dry,None,None,No overtaking,322710,675350,0,Unset,Pedestrian,353752,unset,EH42NW,No crossing facility within 50m or physical crossing facility not controlled by authorised person,No physical crossing facility within 50m,Elsewhere,55.9649730254,-3.23829732628,"{""type"": ""Feature"",""geometry"": {""type"": ""Point"",""coordinates"": -3.23829732628, 55.9649730254}}"
251010,,Slight,2,1,02/04/2010,Friday,2,April,10,20,55,230,Unclassified,,Single carriageway - 2 lanes,30,'T' or staggered junction,Automatic Traffic Signal,C,,Darkness: street lights present and lit,Fine (without high winds),Dry,None,None,No overtaking,322210,670830,529735,Junction,T.V.N.P.,353853,unset,EH141LS,Control by other authorised person,Pedestrian phase at traffic signal junction,Elsewhere,55.9242859633,-3.24500236406,"{""type"": ""Feature"",""geometry"": {""type"": ""Point"",""coordinates"": -3.24500236406, 55.9242859633}}"