acc_ref,beat_no,severity,no_vehicle,no_casualt,a_date,a_day,a_date_day,a_date_mon,a_date_yr,a_time_hr,a_time_min,loc_auth,road1_class,road1_no,road_type,speed_limi,junc_det,junc_ctrl,road2_class,road2_no,light_cond,weather,road_surf,spec_cond,cway_hzrds,ovrtk_patrn,easting,northing,net_id,net_type,acc_type,text_id,division,Postcode,ped_xing_hc,ped_xing_p,place_reported,latitude,longitude,geojson
291010,,Slight,1,2,21/04/2010,Wednesday,21,April,10,8,10,230,A,90,Single carriageway - 2 lanes,30,'T' or staggered junction,Give way sign or markings,Unclassified,,Daylight: no street lighting,Fine (without high winds),Dry,None,None,No overtaking,323870,674230,520461,Junction,Pedestrian,353903,unset,EH43AP,Control by other authorised person,Central refuge - no other controls,At scene,55.9550964757,-3.21940080087,"{""type"": ""Feature"",""geometry"": {""type"": ""Point"",""coordinates"": -3.21940080087, 55.9550964757}}"
291110,,Slight,2,2,21/04/2010,Wednesday,21,April,10,7,30,230,Unclassified,,Single carriageway - 2 lanes,30,Crossroads,Give way sign or markings,Unclassified,,Daylight: street lights present,Fine (without high winds),Dry,None,None,No overtaking,323370,677260,12227194,Junction,T.V.N.P.,353904,unset,EH51PN,No crossing facility within 50m or physical crossing facility not controlled by authorised person,No physical crossing facility within 50m,At scene,55.9822376888,-3.22826954327,"{""type"": ""Feature"",""geometry"": {""type"": ""Point"",""coordinates"": -3.22826954327, 55.9822376888}}"
292710,,Slight,1,1,21/04/2010,Wednesday,21,April,10,4,0,230,A,701,Single carriageway - 2 lanes,30,Not at or within 20 metres of junction,unset,\,,Darkness: street lights present and lit,Fine (without high winds),Dry,None,Any animal in carriagway (except riden hors,No overtaking,327330,668150,570770,Segment,Bus,353905,unset,EH166PN,No crossing facility within 50m or physical crossing facility not controlled by authorised person,No physical crossing facility within 50m,At scene,55.9010095452,-3.16235756791,"{""type"": ""Feature"",""geometry"": {""type"": ""Point"",""coordinates"": -3.16235756791, 55.9010095452}}"
294110,,Slight,2,1,21/04/2010,Wednesday,21,April,10,14,0,230,Unclassified,,Single carriageway - 2 lanes,30,Roundabout,Give way sign or markings,Unclassified,,Daylight: street lights present,Fine (without high winds),Dry,None,None,No overtaking,326500,676890,0,Unset,T.V.N.P.,353906,unset,EH66NL,No crossing facility within 50m or physical crossing facility not controlled by authorised person,No physical crossing facility within 50m,Elsewhere,55.9794031685,-3.17801123991,"{""type"": ""Feature"",""geometry"": {""type"": ""Point"",""coordinates"": -3.17801123991, 55.9794031685}}"
294710,,Slight,1,1,18/04/2010,Sunday,18,April,10,19,55,230,A,900,Single carriageway - 2 lanes,30,Not at or within 20 metres of junction,unset,\,,Daylight: street lights present,Fine (without high winds),Dry,None,None,No overtaking,327170,676170,558461,Segment,Bus,353907,unset,EH67AE,Control by other authorised person,Central refuge - no other controls,Elsewhere,55.973036869,-3.16708062641,"{""type"": ""Feature"",""geometry"": {""type"": ""Point"",""coordinates"": -3.16708062641, 55.973036869}}"
295110,,Slight,1,1,23/04/2010,Friday,23,April,10,2,0,230,A,900,Dual carriageway - 2 lanes,30,'T' or staggered junction,Automatic Traffic Signal,A,900,Darkness: street lights present and lit,Fine (without high winds),Dry,None,None,No overtaking,326110,674460,520659,Junction,S.V.N.P.,353908,unset,EH13AF,Control by other authorised person,Pedestrian phase at traffic signal junction,At scene,55.9575124808,-3.18359373246,"{""type"": ""Feature"",""geometry"": {""type"": ""Point"",""coordinates"": -3.18359373246, 55.9575124808}}"
295810,,Slight,2,1,22/04/2010,Thursday,22,April,10,20,30,230,C,,Roundabout,40,Roundabout,Give way sign or markings,A,71,Darkness: street lights present and lit,Fine (without high winds),Dry,None,None,No overtaking,320740,671130,529504,Junction,T.V.N.P.,353909,unset,EH113PA,No crossing facility within 50m or physical crossing facility not controlled by authorised person,No physical crossing facility within 50m,Elsewhere,55.9267410881,-3.26861083513,"{""type"": ""Feature"",""geometry"": {""type"": ""Point"",""coordinates"": -3.26861083513, 55.9267410881}}"
297710,,Slight,1,1,23/04/2010,Friday,23,April,10,17,30,230,A,7,Single carriageway - 2 lanes,30,Crossroads,Automatic Traffic Signal,C,,Daylight: street lights present,Fine (without high winds),Dry,None,None,No overtaking,325940,673650,521103,Junction,Pedestrian,353910,unset,EH11LL,Control by other authorised person,Pedestrian phase at traffic signal junction,At scene,55.9502093551,-3.18609365861,"{""type"": ""Feature"",""geometry"": {""type"": ""Point"",""coordinates"": -3.18609365861, 55.9502093551}}"
298710,,Slight,1,1,24/04/2010,Saturday,24,April,10,18,50,230,A,90,One way Street,30,'T' or staggered junction,Give way sign or markings,Unclassified,,Daylight: street lights present,Fine (without high winds),Dry,None,None,No overtaking,324620,673890,520971,Junction,Bus,353911,unset,EH24DR,No crossing facility within 50m or physical crossing facility not controlled by authorised person,No physical crossing facility within 50m,Elsewhere,55.9521602299,-3.20729573147,"{""type"": ""Feature"",""geometry"": {""type"": ""Point"",""coordinates"": -3.20729573147, 55.9521602299}}"
299210,,Slight,2,1,22/04/2010,Thursday,22,April,10,14,0,230,A,8,Roundabout,30,Roundabout,Automatic Traffic Signal,Unclassified,,Daylight: street lights present,Fine (without high winds),Dry,None,None,No overtaking,317560,672570,9658425,Junction,T.V.N.P.,353912,unset,EH129BS,No crossing facility within 50m or physical crossing facility not controlled by authorised person,No physical crossing facility within 50m,At scene,55.939142736,-3.3199338217,"{""type"": ""Feature"",""geometry"": {""type"": ""Point"",""coordinates"": -3.3199338217, 55.939142736}}"
299310,,Slight,2,1,24/04/2010,Saturday,24,April,10,22,15,230,Unclassified,,Roundabout,30,Roundabout,Give way sign or markings,C,,Darkness: street lights present and lit,Fine (without high winds),Dry,None,None,No overtaking,322950,675750,519397,Junction,T.V.N.P.,353913,unset,EH52DG,No crossing facility within 50m or physical crossing facility not controlled by authorised person,No physical crossing facility within 50m,At scene,55.9686050708,-3.23456760824,"{""type"": ""Feature"",""geometry"": {""type"": ""Point"",""coordinates"": -3.23456760824, 55.9686050708}}"
299410,,Slight,2,1,24/04/2010,Saturday,24,April,10,13,0,230,A,8,Single carriageway - 2 lanes,30,Other junction,Automatic Traffic Signal,Unclassified,,Daylight: street lights present,Fine (without high winds),Dry,None,None,No overtaking,324280,673390,521310,Junction,Bus,353914,unset,EH38HP,No crossing facility within 50m or physical crossing facility not controlled by authorised person,Pedestrian phase at traffic signal junction,At scene,55.9476148697,-3.21259943708,"{""type"": ""Feature"",""geometry"": {""type"": ""Point"",""coordinates"": -3.21259943708, 55.9476148697}}"
300010,,Slight,2,1,24/04/2010,Saturday,24,April,10,17,0,230,Unclassified,,Single carriageway - 2 lanes,30,Crossroads,Automatic Traffic Signal,C,,Daylight: street lights present,Fine (without high winds),Dry,None,None,No overtaking,326900,674330,520689,Junction,Cyclist,353915,unset,EH75AN,Control by other authorised person,Central refuge - no other controls,At scene,55.9564654243,-3.17090698813,"{""type"": ""Feature"",""geometry"": {""type"": ""Point"",""coordinates"": -3.17090698813, 55.9564654243}}"
300210,,Slight,1,1,25/04/2010,Sunday,25,April,10,12,35,230,Unclassified,,Single carriageway - 2 lanes,30,'T' or staggered junction,Give way sign or markings,Unclassified,,Daylight: street lights present,Fine (without high winds),Dry,None,None,No overtaking,327350,675040,12239017,Junction,Pedestrian,353916,unset,EH76BU,No crossing facility within 50m or physical crossing facility not controlled by authorised person,No physical crossing facility within 50m,At scene,55.9629122878,-3.16389203713,"{""type"": ""Feature"",""geometry"": {""type"": ""Point"",""coordinates"": -3.16389203713, 55.9629122878}}"
302310,,Slight,1,1,24/04/2010,Saturday,24,April,10,13,20,230,B,6415,Single carriageway - 2 lanes,30,Not at or within 20 metres of junction,unset,\,,Daylight: street lights present,Fine (without high winds),Dry,None,None,No overtaking,330570,673830,563352,Segment,Bus,353917,unset,EH151EU,No crossing facility within 50m or physical crossing facility not controlled by authorised person,No physical crossing facility within 50m,Elsewhere,55.9525177524,-3.11200536961,"{""type"": ""Feature"",""geometry"": {""type"": ""Point"",""coordinates"": -3.11200536961, 55.9525177524}}"
303010,,Slight,2,1,26/04/2010,Monday,26,April,10,8,5,230,B,701,Single carriageway - 2 lanes,30,Not at or within 20 metres of junction,unset,\,,Daylight: no street lighting,Fine (without high winds),Dry,None,None,No overtaking,319230,673600,551726,Segment,T.V.N.P.,353918,unset,EH128SZ,Control by other authorised person,Pedestrian phase at traffic signal junction,At scene,55.9486792528,-3.29351187144,"{""type"": ""Feature"",""geometry"": {""type"": ""Point"",""coordinates"": -3.29351187144, 55.9486792528}}"
303510,,Slight,2,1,27/04/2010,Tuesday,27,April,10,11,15,230,Unclassified,,Single carriageway - 2 lanes,30,Crossroads,Automatic Traffic Signal,Unclassified,,Daylight: street lights present,Fine (without high winds),Dry,None,None,No overtaking,324600,673380,10254956,Junction,T.V.N.P.,353919,unset,EH12DA,Control by other authorised person,Pedestrian phase at traffic signal junction,At scene,55.9475753419,-3.20747336198,"{""type"": ""Feature"",""geometry"": {""type"": ""Point"",""coordinates"": -3.20747336198, 55.9475753419}}"
303610,,Slight,2,1,27/04/2010,Tuesday,27,April,10,8,10,230,Unclassified,,Roundabout,30,Roundabout,Give way sign or markings,Unclassified,,Daylight: street lights present,Fine (without high winds),Dry,None,None,No overtaking,327910,674590,520323,Junction,Cyclist,353920,unset,EH76AP,No crossing facility within 50m or physical crossing facility not controlled by authorised person,No physical crossing facility within 50m,At scene,55.9589538725,-3.15480219908,"{""type"": ""Feature"",""geometry"": {""type"": ""Point"",""coordinates"": -3.15480219908, 55.9589538725}}"
303910,,Slight,1,1,22/04/2010,Thursday,22,April,10,16,40,230,Unclassified,,Unknown,30,'T' or staggered junction,Give way sign or markings,Unclassified,,Daylight: street lights present,Fine (without high winds),Dry,None,None,No overtaking,325550,674000,520554,Junction,Pedestrian,353921,unset,EH22DF,Control by other authorised person,Pedestrian phase at traffic signal junction,Elsewhere,55.9532934472,-3.19243476065,"{""type"": ""Feature"",""geometry"": {""type"": ""Point"",""coordinates"": -3.19243476065, 55.9532934472}}"
304810,,Slight,2,1,27/04/2010,Tuesday,27,April,10,11,50,230,C,,Dual carriageway - 2 lanes,30,Not at or within 20 metres of junction,unset,\,,Darkness: street lights present but unlit,Fine (without high winds),Dry,None,None,No overtaking,325270,674010,566570,Segment,T.V.N.P.,353922,unset,EH22LR,No crossing facility within 50m or physical crossing facility not controlled by authorised person,No physical crossing facility within 50m,At scene,55.95333982,-3.19692107798,"{""type"": ""Feature"",""geometry"": {""type"": ""Point"",""coordinates"": -3.19692107798, 55.95333982}}"
305110,,Slight,1,1,27/04/2010,Tuesday,27,April,10,16,45,230,Unclassified,,Single carriageway - 2 lanes,30,Not at or within 20 metres of junction,unset,\,,Daylight: street lights present,Fine (without high winds),Dry,None,None,No overtaking,321040,675390,0,Unset,Pedestrian,353923,unset,EH45AN,No crossing facility within 50m or physical crossing facility not controlled by authorised person,No physical crossing facility within 50m,Elsewhere,55.9650607253,-3.26505760199,"{""type"": ""Feature"",""geometry"": {""type"": ""Point"",""coordinates"": -3.26505760199, 55.9650607253}}"
307810,,Slight,2,1,28/04/2010,Wednesday,28,April,10,9,25,230,Unclassified,,Dual carriageway - 2 lanes,40,Not at or within 20 metres of junction,unset,\,,Daylight: street lights present,Fine (without high winds),Dry,None,None,No overtaking,317710,672440,9658643,Segment,T.V.N.P.,353924,unset,EH129DF,No crossing facility within 50m or physical crossing facility not controlled by authorised person,No physical crossing facility within 50m,Elsewhere,55.9380005847,-3.31749326489,"{""type"": ""Feature"",""geometry"": {""type"": ""Point"",""coordinates"": -3.31749326489, 55.9380005847}}"
308710,,Slight,2,1,28/04/2010,Wednesday,28,April,10,7,40,230,C,,Single carriageway - 2 lanes,30,Crossroads,Automatic Traffic Signal,Unclassified,,Daylight: street lights present,Fine (without high winds),Dry,None,None,No overtaking,323340,674890,520071,Junction,Cyclist,353925,unset,EH41QL,Control by other authorised person,Pedestrian phase at traffic signal junction,At scene,55.9609414759,-3.22807554788,"{""type"": ""Feature"",""geometry"": {""type"": ""Point"",""coordinates"": -3.22807554788, 55.9609414759}}"
309610,,Slight,2,1,29/04/2010,Thursday,29,April,10,12,10,230,A,8,Dual carriageway - 2 lanes,40,Not at or within 20 metres of junction,unset,\,,Daylight: street lights present,Fine (without high winds),Dry,None,None,No overtaking,317860,672710,9659466,Segment,T.V.N.P.,353926,unset,EH128ND,No crossing facility within 50m or physical crossing facility not controlled by authorised person,No physical crossing facility within 50m,At scene,55.9404517717,-3.31517461503,"{""type"": ""Feature"",""geometry"": {""type"": ""Point"",""coordinates"": -3.31517461503, 55.9404517717}}"
309710,,Serious,1,1,29/04/2010,Thursday,29,April,10,8,0,230,B,900,Single carriageway - 2 lanes,30,Not at or within 20 metres of junction,unset,\,,Daylight: street lights present,Fine (without high winds),Dry,None,None,No overtaking,324460,674660,554192,Segment,Pedestrian,353927,unset,EH41HU,Control by other authorised person,"Pelican, puffin, toucan or similar non-junction pedestrian light crossing",At scene,55.9590526355,-3.21007346431,"{""type"": ""Feature"",""geometry"": {""type"": ""Point"",""coordinates"": -3.21007346431, 55.9590526355}}"
312210,,Slight,2,1,27/04/2010,Tuesday,27,April,10,13,0,230,A,7,Single carriageway - 2 lanes,30,'T' or staggered junction,Automatic Traffic Signal,Unclassified,,Daylight: street lights present,Fine (without high winds),Dry,None,None,No overtaking,326000,673420,521589,Junction,Cyclist,353928,unset,EH11LL,Control by other authorised person,Pedestrian phase at traffic signal junction,At scene,55.9481523015,-3.18506985303,"{""type"": ""Feature"",""geometry"": {""type"": ""Point"",""coordinates"": -3.18506985303, 55.9481523015}}"
313610,,Slight,2,1,30/04/2010,Friday,30,April,10,16,5,230,C,,Single carriageway - 2 lanes,30,Crossroads,Give way sign or markings,Unclassified,,Daylight: street lights present,Fine (without high winds),Dry,None,None,No overtaking,322420,670490,530467,Junction,Cyclist,353929,unset,EH141HZ,No crossing facility within 50m or physical crossing facility not controlled by authorised person,No physical crossing facility within 50m,At scene,55.9212654036,-3.24154461872,"{""type"": ""Feature"",""geometry"": {""type"": ""Point"",""coordinates"": -3.24154461872, 55.9212654036}}"
314010,,Slight,2,1,30/04/2010,Friday,30,April,10,20,0,230,A,71,Single carriageway - 2 lanes,30,Crossroads,Automatic Traffic Signal,Unclassified,,Daylight: street lights present,Fine (without high winds),Dry,None,None,No overtaking,322300,671870,522219,Junction,T.V.N.P.,353930,unset,EH112RT,No crossing facility within 50m or physical crossing facility not controlled by authorised person,Pedestrian phase at traffic signal junction,At scene,55.9336435919,-3.2438616172,"{""type"": ""Feature"",""geometry"": {""type"": ""Point"",""coordinates"": -3.2438616172, 55.9336435919}}"
314210,,Slight,2,1,26/04/2010,Monday,26,April,10,16,20,230,Unclassified,,Roundabout,30,Roundabout,Give way sign or markings,Unclassified,,Daylight: street lights present,Fine (without high winds),Dry,None,None,No overtaking,320180,669370,533248,Junction,T.V.N.P.,353931,unset,EH143AU,No crossing facility within 50m or physical crossing facility not controlled by authorised person,No physical crossing facility within 50m,At scene,55.910837288,-3.27705155061,"{""type"": ""Feature"",""geometry"": {""type"": ""Point"",""coordinates"": -3.27705155061, 55.910837288}}"
314510,,Slight,3,2,01/05/2010,Saturday,1,May,10,14,30,230,A,901,Single carriageway - 2 lanes,30,Not at or within 20 metres of junction,unset,\,,Daylight: no street lighting,Fine (without high winds),Dry,None,None,No overtaking,326670,676240,558773,Segment,M.V.N.P.,337409,unset,EH65LJ,Control by other authorised person,Pedestrian phase at traffic signal junction,At scene,55.9735896393,-3.17511016413,"{""type"": ""Feature"",""geometry"": {""type"": ""Point"",""coordinates"": -3.17511016413, 55.9735896393}}"
316710,,Slight,2,1,01/05/2010,Saturday,1,May,10,15,45,230,B,1350,Single carriageway - 2 lanes,30,Not at or within 20 metres of junction,unset,\,,Daylight: no street lighting,Fine (without high winds),Dry,None,None,No overtaking,326540,674480,557680,Segment,T.V.N.P.,337410,unset,EH75DX,No crossing facility within 50m or physical crossing facility not controlled by authorised person,No physical crossing facility within 50m,At scene,55.9577581018,-3.17671294459,"{""type"": ""Feature"",""geometry"": {""type"": ""Point"",""coordinates"": -3.17671294459, 55.9577581018}}"
317910,,Slight,2,1,02/05/2010,Sunday,2,May,10,13,0,230,Unclassified,,Single carriageway - 2 lanes,30,Crossroads,Give way sign or markings,Unclassified,,Daylight: no street lighting,Fine (without high winds),Dry,None,None,No overtaking,326410,674660,12222024,Junction,Cyclist,337411,unset,EH75HY,Control by other authorised person,Pedestrian phase at traffic signal junction,At scene,55.959355309,-3.17884399608,"{""type"": ""Feature"",""geometry"": {""type"": ""Point"",""coordinates"": -3.17884399608, 55.959355309}}"
318210,,Slight,2,2,02/05/2010,Sunday,2,May,10,19,29,230,Unclassified,,Single carriageway - 2 lanes,30,Crossroads,Give way sign or markings,Unclassified,,Daylight: no street lighting,Fine (without high winds),Dry,None,None,No overtaking,325520,671260,0,Unset,T.V.N.P.,337412,unset,EH92HF,No crossing facility within 50m or physical crossing facility not controlled by authorised person,No physical crossing facility within 50m,At scene,55.9286729498,-3.19215872447,"{""type"": ""Feature"",""geometry"": {""type"": ""Point"",""coordinates"": -3.19215872447, 55.9286729498}}"
318310,,Slight,1,1,02/05/2010,Sunday,2,May,10,0,40,230,B,901,Roundabout,30,Roundabout,Give way sign or markings,C,,Darkness: street lights present and lit,Fine (without high winds),Dry,None,None,No overtaking,325720,674680,520206,Junction,Cyclist,337413,unset,EH36NB,No crossing facility within 50m or physical crossing facility not controlled by authorised person,No physical crossing facility within 50m,At scene,55.9594287909,-3.18990000454,"{""type"": ""Feature"",""geometry"": {""type"": ""Point"",""coordinates"": -3.18990000454, 55.9594287909}}"
318410,,Slight,2,1,02/05/2010,Sunday,2,May,10,16,15,230,C,,Single carriageway - 2 lanes,30,Crossroads,Automatic Traffic Signal,Unclassified,,Daylight: street lights present,Fine (without high winds),Dry,None,None,No overtaking,323340,674890,520071,Junction,T.V.N.P.,337414,unset,EH41QL,No crossing facility within 50m or physical crossing facility not controlled by authorised person,"Pelican, puffin, toucan or similar non-junction pedestrian light crossing",At scene,55.9609414759,-3.22807554788,"{""type"": ""Feature"",""geometry"": {""type"": ""Point"",""coordinates"": -3.22807554788, 55.9609414759}}"
318610,,Slight,1,2,02/05/2010,Sunday,2,May,10,8,40,230,Unclassified,,Single carriageway - 2 lanes,60,Not at or within 20 metres of junction,unset,\,,Daylight: no street lighting,Fine (without high winds),Dry,None,None,No overtaking,315370,671810,0,Unset,S.V.N.P.,337415,unset,EH288NN,No crossing facility within 50m or physical crossing facility not controlled by authorised person,No physical crossing facility within 50m,Elsewhere,55.9319348815,-3.35474836847,"{""type"": ""Feature"",""geometry"": {""type"": ""Point"",""coordinates"": -3.35474836847, 55.9319348815}}"
318810,,Slight,1,1,02/05/2010,Sunday,2,May,10,15,10,230,A,7,Single carriageway - 2 lanes,30,Crossroads,Automatic Traffic Signal,C,,Daylight: street lights present,Fine (without high winds),Dry,None,None,No overtaking,325940,673670,521103,Junction,Bus,337416,unset,EH11SB,No crossing facility within 50m or physical crossing facility not controlled by authorised person,Pedestrian phase at traffic signal junction,Elsewhere,55.9503890329,-3.18609915201,"{""type"": ""Feature"",""geometry"": {""type"": ""Point"",""coordinates"": -3.18609915201, 55.9503890329}}"
319810,,Slight,1,1,03/05/2010,Monday,3,May,10,16,0,230,Unclassified,,Unknown,20,Not at or within 20 metres of junction,unset,\,,Daylight: no street lighting,Fine (without high winds),Dry,None,None,No overtaking,324500,671200,0,Unset,Pedestrian,337417,unset,EH104QQ,No crossing facility within 50m or physical crossing facility not controlled by authorised person,No physical crossing facility within 50m,Elsewhere,55.927974877,-3.20846444727,"{""type"": ""Feature"",""geometry"": {""type"": ""Point"",""coordinates"": -3.20846444727, 55.927974877}}"
320010,,Slight,2,2,03/05/2010,Monday,3,May,10,18,50,230,A,702,Single carriageway - 2 lanes,30,Not at or within 20 metres of junction,unset,\,,Daylight: no street lighting,Fine (without high winds),Dry,None,None,No overtaking,324780,673340,548964,Segment,T.V.N.P.,337418,unset,EH12EA,No crossing facility within 50m or physical crossing facility not controlled by authorised person,No physical crossing facility within 50m,At scene,55.9472441944,-3.2045803601,"{""type"": ""Feature"",""geometry"": {""type"": ""Point"",""coordinates"": -3.2045803601, 55.9472441944}}"
320510,,Slight,4,4,01/05/2010,Saturday,1,May,10,11,10,230,A,720,Dual carriageway - 2 lanes,70,Not at or within 20 metres of junction,unset,\,,Daylight: street lights present,Fine (without high winds),Dry,None,None,No overtaking,331580,667930,2579269,Segment,M.V.N.P.,337419,unset,EH221RT,No crossing facility within 50m or physical crossing facility not controlled by authorised person,No physical crossing facility within 50m,At scene,55.8996557713,-3.09433748733,"{""type"": ""Feature"",""geometry"": {""type"": ""Point"",""coordinates"": -3.09433748733, 55.8996557713}}"
320610,,Slight,4,1,30/04/2010,Friday,30,April,10,15,0,230,B,900,Single carriageway - 2 lanes,30,Crossroads,Automatic Traffic Signal,B,900,Daylight: no street lighting,Fine (without high winds),Dry,None,None,No overtaking,324630,674540,520143,Junction,M.V.N.P.,353932,unset,EH36SZ,Control by other authorised person,Pedestrian phase at traffic signal junction,At scene,55.9580012798,-3.20731735834,"{""type"": ""Feature"",""geometry"": {""type"": ""Point"",""coordinates"": -3.20731735834, 55.9580012798}}"
322710,,Slight,2,1,04/05/2010,Tuesday,4,May,10,10,9,230,Motorway,8,Dual carriageway - 2 lanes,70,Roundabout,Automatic Traffic Signal,Motorway,8,Daylight: street lights present,Fine (without high winds),Dry,None,None,No overtaking,318050,670940,6453338,Junction,T.V.N.P.,337420,unset,EH129BU,No crossing facility within 50m or physical crossing facility not controlled by authorised person,No physical crossing facility within 50m,At scene,55.9245834222,-3.31159600216,"{""type"": ""Feature"",""geometry"": {""type"": ""Point"",""coordinates"": -3.31159600216, 55.9245834222}}"
323510,,Slight,1,1,04/05/2010,Tuesday,4,May,10,17,45,230,Unclassified,,Single carriageway - 2 lanes,30,Other junction,Give way sign or markings,Unclassified,,Daylight: street lights present,Fine (without high winds),Dry,None,None,No overtaking,320240,669490,533239,Junction,Pedestrian,337421,unset,EH143AN,No crossing facility within 50m or physical crossing facility not controlled by authorised person,Zebra crossing,At scene,55.9119252732,-3.27612727942,"{""type"": ""Feature"",""geometry"": {""type"": ""Point"",""coordinates"": -3.27612727942, 55.9119252732}}"
323610,,Slight,2,1,04/05/2010,Tuesday,4,May,10,17,20,230,A,772,Single carriageway - 2 lanes,30,'T' or staggered junction,Give way sign or markings,Unclassified,,Daylight: street lights present,Fine (without high winds),Dry,None,None,No overtaking,329650,668450,4526288,Junction,Cyclist,337422,unset,EH178RJ,No crossing facility within 50m or physical crossing facility not controlled by authorised person,No physical crossing facility within 50m,At scene,55.9040493947,-3.12533535459,"{""type"": ""Feature"",""geometry"": {""type"": ""Point"",""coordinates"": -3.12533535459, 55.9040493947}}"
323910,,Slight,2,1,03/05/2010,Monday,3,May,10,17,15,230,A,700,Single carriageway - 2 lanes,30,Crossroads,Automatic Traffic Signal,Unclassified,,Daylight: street lights present,Fine (without high winds),Dry,None,None,No overtaking,326220,672570,532729,Junction,Cyclist,337423,unset,EH91ND,No crossing facility within 50m or physical crossing facility not controlled by authorised person,No physical crossing facility within 50m,At scene,55.9405497965,-3.18131501679,"{""type"": ""Feature"",""geometry"": {""type"": ""Point"",""coordinates"": -3.18131501679, 55.9405497965}}"
324610,,Slight,3,1,04/05/2010,Tuesday,4,May,10,20,20,230,C,,Single carriageway - 2 lanes,30,'T' or staggered junction,Give way sign or markings,Unclassified,,Darkness: street lights present and lit,Fine (without high winds),Dry,None,None,No overtaking,323920,672170,533395,Junction,M.V.N.P.,337424,unset,EH111LB,No crossing facility within 50m or physical crossing facility not controlled by authorised person,No physical crossing facility within 50m,At scene,55.93659778,-3.21801904959,"{""type"": ""Feature"",""geometry"": {""type"": ""Point"",""coordinates"": -3.21801904959, 55.93659778}}"
324810,,Slight,2,2,05/05/2010,Wednesday,5,May,10,7,30,230,Unclassified,,Single carriageway - 2 lanes,40,Not at or within 20 metres of junction,unset,\,,Daylight: no street lighting,Fine (without high winds),Dry,None,None,No overtaking,312270,672120,12231321,Segment,T.V.N.P.,337425,unset,EH288PJ,No crossing facility within 50m or physical crossing facility not controlled by authorised person,No physical crossing facility within 50m,Elsewhere,55.9341641119,-3.40445713482,"{""type"": ""Feature"",""geometry"": {""type"": ""Point"",""coordinates"": -3.40445713482, 55.9341641119}}"
325210,,Slight,2,1,05/05/2010,Wednesday,5,May,10,16,0,230,Unclassified,,Single carriageway - 2 lanes,30,'T' or staggered junction,Give way sign or markings,Unclassified,,Daylight: street lighting unknown,Fine (without high winds),Dry,None,None,No overtaking,326000,673040,521574,Junction,Cyclist,337426,unset,EH89BT,No crossing facility within 50m or physical crossing facility not controlled by authorised person,No physical crossing facility within 50m,Elsewhere,55.9447384185,-3.18496558849,"{""type"": ""Feature"",""geometry"": {""type"": ""Point"",""coordinates"": -3.18496558849, 55.9447384185}}"
325810,,Slight,2,1,05/05/2010,Wednesday,5,May,10,8,10,230,A,70,Single carriageway - 2 lanes,30,'T' or staggered junction,Give way sign or markings,Unclassified,,Daylight: street lights present,Fine (without high winds),Dry,None,None,No overtaking,320390,668970,533023,Junction,Cyclist,337427,unset,EH145BA,No crossing facility within 50m or physical crossing facility not controlled by authorised person,No physical crossing facility within 50m,Elsewhere,55.9072786081,-3.27357487258,"{""type"": ""Feature"",""geometry"": {""type"": ""Point"",""coordinates"": -3.27357487258, 55.9072786081}}"
326110,,Slight,3,1,05/05/2010,Wednesday,5,May,10,17,20,230,A,772,Single carriageway - 2 lanes,30,Crossroads,Automatic Traffic Signal,C,,Daylight: street lights present,Fine (without high winds),Dry,None,None,No overtaking,328070,669940,530179,Junction,M.V.N.P.,337428,unset,EH177PR,Control by other authorised person,Pedestrian phase at traffic signal junction,At scene,55.9172021549,-3.15100023299,"{""type"": ""Feature"",""geometry"": {""type"": ""Point"",""coordinates"": -3.15100023299, 55.9172021549}}"
328610,,Slight,1,1,06/05/2010,Thursday,6,May,10,7,30,230,C,,Single carriageway - 2 lanes,30,'T' or staggered junction,Automatic Traffic Signal,Unclassified,,Daylight: street lights present,Fine (without high winds),Dry,None,None,No overtaking,328210,675980,523242,Junction,Pedestrian,337429,unset,EH67QP,No crossing facility within 50m or physical crossing facility not controlled by authorised person,No physical crossing facility within 50m,Elsewhere,55.9714865395,-3.15036806187,"{""type"": ""Feature"",""geometry"": {""type"": ""Point"",""coordinates"": -3.15036806187, 55.9714865395}}"