acc_ref,beat_no,severity,no_vehicle,no_casualt,a_date,a_day,a_date_day,a_date_mon,a_date_yr,a_time_hr,a_time_min,loc_auth,road1_class,road1_no,road_type,speed_limi,junc_det,junc_ctrl,road2_class,road2_no,light_cond,weather,road_surf,spec_cond,cway_hzrds,ovrtk_patrn,easting,northing,net_id,net_type,acc_type,text_id,division,Postcode,ped_xing_hc,ped_xing_p,place_reported,latitude,longitude,geojson
329610,,Slight,2,1,06/05/2010,Thursday,6,May,10,9,5,230,Unclassified,,Single carriageway - 2 lanes,30,Not at or within 20 metres of junction,unset,\,,Daylight: no street lighting,Fine (without high winds),Dry,None,None,No overtaking,322070,673620,565610,Segment,T.V.N.P.,337430,unset,EH126ET,No crossing facility within 50m or physical crossing facility not controlled by authorised person,No physical crossing facility within 50m,At scene,55.9493278481,-3.24804810011,"{""type"": ""Feature"",""geometry"": {""type"": ""Point"",""coordinates"": -3.24804810011, 55.9493278481}}"
330610,,Slight,2,1,06/05/2010,Thursday,6,May,10,16,15,230,Unclassified,,Dual carriageway - 2 lanes,30,'T' or staggered junction,Automatic Traffic Signal,A,8,Daylight: street lights present,Fine (without high winds),Dry,None,None,No overtaking,325580,673930,521097,Junction,Bus,337431,unset,EH22DF,Control by other authorised person,Pedestrian phase at traffic signal junction,Elsewhere,55.9526692236,-3.19193505644,"{""type"": ""Feature"",""geometry"": {""type"": ""Point"",""coordinates"": -3.19193505644, 55.9526692236}}"
331310,,Slight,1,1,07/05/2010,Friday,7,May,10,15,5,230,A,772,Single carriageway - 2 lanes,30,Not at or within 20 metres of junction,unset,\,,Daylight: street lights present,Fine (without high winds),Dry,None,None,No overtaking,327540,670420,569354,Segment,Bus,337432,unset,EH165TP,Control by other authorised person,"Pelican, puffin, toucan or similar non-junction pedestrian light crossing",At scene,55.9214349611,-3.15960791383,"{""type"": ""Feature"",""geometry"": {""type"": ""Point"",""coordinates"": -3.15960791383, 55.9214349611}}"
331610,,Serious,2,1,04/05/2010,Tuesday,4,May,10,8,30,230,Unclassified,,Single carriageway - 2 lanes,30,Not at or within 20 metres of junction,unset,\,,Daylight: street lights present,Fine (without high winds),Dry,None,None,No overtaking,330000,673950,554057,Segment,T.V.N.P.,337433,unset,EH151DJ,Control by other authorised person,"Pelican, puffin, toucan or similar non-junction pedestrian light crossing",At scene,55.9535131451,-3.12116380971,"{""type"": ""Feature"",""geometry"": {""type"": ""Point"",""coordinates"": -3.12116380971, 55.9535131451}}"
331810,,Slight,2,1,08/05/2010,Saturday,8,May,10,9,30,230,Unclassified,,Single carriageway - 2 lanes,30,'T' or staggered junction,Give way sign or markings,Unclassified,,Daylight: street lights present,Fine (without high winds),Dry,None,None,No overtaking,325500,676200,519250,Junction,T.V.N.P.,337434,unset,EH64ST,No crossing facility within 50m or physical crossing facility not controlled by authorised person,No physical crossing facility within 50m,At scene,55.9730501685,-3.19384375387,"{""type"": ""Feature"",""geometry"": {""type"": ""Point"",""coordinates"": -3.19384375387, 55.9730501685}}"
332210,,Slight,2,1,08/05/2010,Saturday,8,May,10,15,30,230,Unclassified,,Single carriageway - 2 lanes,30,Mini-roundabout,Give way sign or markings,Unclassified,,Daylight: street lights present,Fine (without high winds),Dry,None,None,No overtaking,320540,675440,519750,Junction,Cyclist,337435,unset,EH46AR,Control by other authorised person,Zebra crossing,At scene,55.9654274436,-3.27308088304,"{""type"": ""Feature"",""geometry"": {""type"": ""Point"",""coordinates"": -3.27308088304, 55.9654274436}}"
332910,,Slight,1,2,08/05/2010,Saturday,8,May,10,16,0,230,A,900,Single carriageway - 2 lanes,30,Not at or within 20 metres of junction,unset,\,,Daylight: street lights present,Fine (without high winds),Dry,None,None,No overtaking,326540,675090,2578478,Segment,Bus,337436,unset,EH74NY,No crossing facility within 50m or physical crossing facility not controlled by authorised person,No physical crossing facility within 50m,At scene,55.9632382861,-3.17687924333,"{""type"": ""Feature"",""geometry"": {""type"": ""Point"",""coordinates"": -3.17687924333, 55.9632382861}}"
333010,,Slight,2,1,08/05/2010,Saturday,8,May,10,15,45,230,C,,Single carriageway - 2 lanes,30,Crossroads,Authorised Person,Unclassified,,Daylight: street lights present,Fine (without high winds),Dry,None,None,No overtaking,324840,674440,520500,Junction,T.V.N.P.,337437,unset,EH36TL,Control by other authorised person,Pedestrian phase at traffic signal junction,Elsewhere,55.9571357975,-3.20392641368,"{""type"": ""Feature"",""geometry"": {""type"": ""Point"",""coordinates"": -3.20392641368, 55.9571357975}}"
334610,,Slight,2,2,09/05/2010,Sunday,9,May,10,16,15,230,A,902,Single carriageway - 2 lanes,40,'T' or staggered junction,Give way sign or markings,Unclassified,,Daylight: no street lighting,Fine (without high winds),Dry,None,None,No overtaking,318100,672840,521646,Junction,T.V.N.P.,337438,unset,EH128JY,No crossing facility within 50m or physical crossing facility not controlled by authorised person,No physical crossing facility within 50m,At scene,55.9416605714,-3.31137248135,"{""type"": ""Feature"",""geometry"": {""type"": ""Point"",""coordinates"": -3.31137248135, 55.9416605714}}"
335110,,Slight,2,1,09/05/2010,Sunday,9,May,10,16,5,230,Unclassified,,Single carriageway - 2 lanes,30,Other junction,Give way sign or markings,C,,Daylight: no street lighting,Fine (without high winds),Dry,None,None,No overtaking,326840,674130,520698,Junction,T.V.N.P.,337439,unset,EH88EB,No crossing facility within 50m or physical crossing facility not controlled by authorised person,No physical crossing facility within 50m,At scene,55.954659505,-3.17181355035,"{""type"": ""Feature"",""geometry"": {""type"": ""Point"",""coordinates"": -3.17181355035, 55.954659505}}"
335210,,Slight,2,1,08/05/2010,Saturday,8,May,10,19,20,230,Unclassified,,Single carriageway - 2 lanes,30,Other junction,Give way sign or markings,Unclassified,,Daylight: no street lighting,Fine (without high winds),Dry,None,None,No overtaking,326310,673170,517360,Junction,T.V.N.P.,337440,unset,EH89RR,No crossing facility within 50m or physical crossing facility not controlled by authorised person,No physical crossing facility within 50m,At scene,55.9459539552,-3.18003824757,"{""type"": ""Feature"",""geometry"": {""type"": ""Point"",""coordinates"": -3.18003824757, 55.9459539552}}"
336210,,Serious,2,1,10/05/2010,Monday,10,May,10,13,0,230,Unclassified,,Single carriageway - 2 lanes,30,'T' or staggered junction,Give way sign or markings,Unclassified,,Daylight: street lights present,Fine (without high winds),Dry,None,None,No overtaking,319650,671860,522126,Junction,T.V.N.P.,337441,unset,EH129AD,No crossing facility within 50m or physical crossing facility not controlled by authorised person,"Pelican, puffin, toucan or similar non-junction pedestrian light crossing",At scene,55.9331182503,-3.28626938183,"{""type"": ""Feature"",""geometry"": {""type"": ""Point"",""coordinates"": -3.28626938183, 55.9331182503}}"
338610,,Slight,1,1,13/03/2010,Saturday,13,March,10,20,40,230,Unclassified,,Single carriageway - 2 lanes,30,Not at or within 20 metres of junction,unset,\,,Darkness: street lights present and lit,Fine (without high winds),Dry,None,None,No overtaking,322640,672560,559224,Segment,Bus,353755,unset,EH112RB,Control by other authorised person,"Pelican, puffin, toucan or similar non-junction pedestrian light crossing",At scene,55.9398971917,-3.23861795203,"{""type"": ""Feature"",""geometry"": {""type"": ""Point"",""coordinates"": -3.23861795203, 55.9398971917}}"
340510,,Slight,2,1,12/05/2010,Wednesday,12,May,10,8,20,230,A,702,Single carriageway - 2 lanes,30,'T' or staggered junction,Give way sign or markings,Unclassified,,Daylight: street lights present,Raining (without high winds),Dry,None,None,No overtaking,324350,670390,530002,Junction,Cyclist,337442,unset,EH106AU,No crossing facility within 50m or physical crossing facility not controlled by authorised person,No physical crossing facility within 50m,Elsewhere,55.9206743877,-3.21063788271,"{""type"": ""Feature"",""geometry"": {""type"": ""Point"",""coordinates"": -3.21063788271, 55.9206743877}}"
340710,,Slight,2,1,12/05/2010,Wednesday,12,May,10,9,30,230,Unclassified,,Single carriageway - 2 lanes,20,Not at or within 20 metres of junction,unset,\,,Daylight: street lights present,Snowing (without high winds),Dry,None,None,No overtaking,325230,668830,0,Unset,Pedestrian,337443,unset,EH106XE,No crossing facility within 50m or physical crossing facility not controlled by authorised person,No physical crossing facility within 50m,Elsewhere,55.9067970571,-3.19612699488,"{""type"": ""Feature"",""geometry"": {""type"": ""Point"",""coordinates"": -3.19612699488, 55.9067970571}}"
341510,,Slight,2,1,12/05/2010,Wednesday,12,May,10,16,45,230,Unclassified,,Single carriageway - 2 lanes,30,Other junction,Give way sign or markings,Unclassified,,Daylight: street lights present,Fine (without high winds),Dry,None,None,No overtaking,324350,673820,10258611,Junction,T.V.N.P.,337444,unset,EH37RN,No crossing facility within 50m or physical crossing facility not controlled by authorised person,No physical crossing facility within 50m,At scene,55.9514889321,-3.21159935896,"{""type"": ""Feature"",""geometry"": {""type"": ""Point"",""coordinates"": -3.21159935896, 55.9514889321}}"
341910,,Slight,2,1,12/05/2010,Wednesday,12,May,10,18,40,230,Unclassified,,Single carriageway - 2 lanes,30,Crossroads,Give way sign or markings,Unclassified,,Daylight: street lights present,Fine (without high winds),Dry,None,None,No overtaking,327370,676190,12238905,Junction,Cyclist,337445,unset,EH67EZ,No crossing facility within 50m or physical crossing facility not controlled by authorised person,No physical crossing facility within 50m,At scene,55.9732468428,-3.16388182172,"{""type"": ""Feature"",""geometry"": {""type"": ""Point"",""coordinates"": -3.16388182172, 55.9732468428}}"
343210,,Slight,1,1,13/05/2010,Thursday,13,May,10,10,45,230,C,,Single carriageway - 2 lanes,30,'T' or staggered junction,Automatic Traffic Signal,Unclassified,,Daylight: street lights present,Fine (without high winds),Dry,None,None,No overtaking,325750,674330,520590,Junction,Pedestrian,337446,unset,EH13EP,Control by other authorised person,Pedestrian phase at traffic signal junction,At scene,55.9562890736,-3.1893231203,"{""type"": ""Feature"",""geometry"": {""type"": ""Point"",""coordinates"": -3.1893231203, 55.9562890736}}"
343310,,Slight,2,1,10/05/2010,Monday,10,May,10,8,20,230,A,901,Single carriageway - 2 lanes,30,Other junction,Automatic Traffic Signal,Unclassified,,Daylight: no street lighting,Fine (without high winds),Dry,None,None,No overtaking,326710,676190,531355,Junction,T.V.N.P.,337447,unset,EH65LJ,Control by other authorised person,Pedestrian phase at traffic signal junction,At scene,55.9731465519,-3.17445570676,"{""type"": ""Feature"",""geometry"": {""type"": ""Point"",""coordinates"": -3.17445570676, 55.9731465519}}"
343810,,Slight,2,1,08/05/2010,Saturday,8,May,10,20,0,230,A,701,Single carriageway - 2 lanes,30,Not at or within 20 metres of junction,unset,\,,Daylight: no street lighting,Fine (without high winds),Dry,None,None,No overtaking,327170,670680,570719,Segment,T.V.N.P.,337448,unset,EH165QT,No crossing facility within 50m or physical crossing facility not controlled by authorised person,No physical crossing facility within 50m,At scene,55.9237149285,-3.16559791058,"{""type"": ""Feature"",""geometry"": {""type"": ""Point"",""coordinates"": -3.16559791058, 55.9237149285}}"
344910,,Slight,1,2,13/05/2010,Thursday,13,May,10,17,40,230,A,701,Single carriageway - 2 lanes,30,Not at or within 20 metres of junction,unset,\,,Daylight: no street lighting,Fine (without high winds),Dry,None,None,No overtaking,326660,671960,569330,Segment,Pedestrian,337449,unset,EH91RQ,No crossing facility within 50m or physical crossing facility not controlled by authorised person,No physical crossing facility within 50m,At scene,55.9351369151,-3.1741059166,"{""type"": ""Feature"",""geometry"": {""type"": ""Point"",""coordinates"": -3.1741059166, 55.9351369151}}"
345110,,Slight,2,1,20/04/2010,Tuesday,20,April,10,8,0,230,A,8,Single carriageway - 2 lanes,30,'T' or staggered junction,Give way sign or markings,Unclassified,,Daylight: street lights present,Fine (without high winds),Dry,None,None,No overtaking,320200,672890,521727,Junction,Bus,353933,unset,EH126NN,Control by other authorised person,"Pelican, puffin, toucan or similar non-junction pedestrian light crossing",At scene,55.9424629493,-3.27777186345,"{""type"": ""Feature"",""geometry"": {""type"": ""Point"",""coordinates"": -3.27777186345, 55.9424629493}}"
345910,,Slight,3,2,14/05/2010,Friday,14,May,10,16,2,230,Motorway,9,Dual carriageway - 2 lanes,70,Not at or within 20 metres of junction,unset,\,,Daylight: no street lighting,Fine (without high winds),Dry,None,None,No overtaking,312080,673670,562735,Segment,M.V.N.P.,337450,unset,EH299EA,No crossing facility within 50m or physical crossing facility not controlled by authorised person,No physical crossing facility within 50m,Elsewhere,55.9480532449,-3.40800289636,"{""type"": ""Feature"",""geometry"": {""type"": ""Point"",""coordinates"": -3.40800289636, 55.9480532449}}"
346810,,Slight,2,1,14/05/2010,Friday,14,May,10,10,54,230,Unclassified,,Roundabout,30,Roundabout,Give way sign or markings,Unclassified,,Daylight: street lights present,Fine (without high winds),Dry,None,None,No overtaking,327910,674590,520323,Junction,T.V.N.P.,337451,unset,EH76AP,No crossing facility within 50m or physical crossing facility not controlled by authorised person,No physical crossing facility within 50m,Elsewhere,55.9589538725,-3.15480219908,"{""type"": ""Feature"",""geometry"": {""type"": ""Point"",""coordinates"": -3.15480219908, 55.9589538725}}"
347010,,Slight,1,1,14/05/2010,Friday,14,May,10,13,0,230,A,1140,Single carriageway - 2 lanes,30,Not at or within 20 metres of junction,unset,\,,Daylight: street lights present,Fine (without high winds),Dry,None,None,No overtaking,329100,674270,554921,Segment,Pedestrian,337452,unset,EH76PY,No crossing facility within 50m or physical crossing facility not controlled by authorised person,No physical crossing facility within 50m,At scene,55.9562560819,-3.13565977721,"{""type"": ""Feature"",""geometry"": {""type"": ""Point"",""coordinates"": -3.13565977721, 55.9562560819}}"
347310,,Slight,1,1,17/03/2010,Wednesday,17,March,10,12,30,230,Unclassified,,Single carriageway - 2 lanes,30,Not at or within 20 metres of junction,unset,\,,Daylight: street lights present,Fine (without high winds),Dry,None,None,No overtaking,323660,676610,0,Unset,Pedestrian,353756,unset,EH51BX,No crossing facility within 50m or physical crossing facility not controlled by authorised person,No physical crossing facility within 50m,Elsewhere,55.9764444776,-3.2234380815,"{""type"": ""Feature"",""geometry"": {""type"": ""Point"",""coordinates"": -3.2234380815, 55.9764444776}}"
349010,,Slight,3,1,12/05/2010,Wednesday,12,May,10,17,7,230,A,199,Single carriageway - 2 lanes,40,Not at or within 20 metres of junction,unset,\,,Daylight: no street lighting,Fine (without high winds),Dry,None,None,No overtaking,329940,674510,563275,Segment,M.V.N.P.,337453,unset,EH151TB,No crossing facility within 50m or physical crossing facility not controlled by authorised person,No physical crossing facility within 50m,At scene,55.9585354891,-3.122270161,"{""type"": ""Feature"",""geometry"": {""type"": ""Point"",""coordinates"": -3.122270161, 55.9585354891}}"
350110,,Slight,2,1,16/05/2010,Sunday,16,May,10,9,25,230,A,7,Single carriageway - 2 lanes,30,Not at or within 20 metres of junction,unset,\,,Daylight: street lights present,Fine (without high winds),Dry,None,None,No overtaking,326160,673040,569460,Segment,Cyclist,337454,unset,EH89EJ,No crossing facility within 50m or physical crossing facility not controlled by authorised person,No physical crossing facility within 50m,At scene,55.9447630251,-3.18240411499,"{""type"": ""Feature"",""geometry"": {""type"": ""Point"",""coordinates"": -3.18240411499, 55.9447630251}}"
350310,,Slight,1,1,16/05/2010,Sunday,16,May,10,0,45,230,A,900,Dual carriageway - 2 lanes,30,Not at or within 20 metres of junction,unset,\,,Darkness: street lights present and lit,Fine (without high winds),Dry,None,None,No overtaking,326070,674420,558509,Segment,Pedestrian,337455,unset,EH13NQ,Control by other authorised person,"Pelican, puffin, toucan or similar non-junction pedestrian light crossing",At scene,55.9571469715,-3.184223339,"{""type"": ""Feature"",""geometry"": {""type"": ""Point"",""coordinates"": -3.184223339, 55.9571469715}}"
352510,,Slight,1,1,17/05/2010,Monday,17,May,10,16,15,230,Unclassified,,Single carriageway - 2 lanes,30,Other junction,Give way sign or markings,Unclassified,,Daylight: street lights present,Fine (without high winds),Dry,None,None,No overtaking,322090,674520,520041,Junction,Pedestrian,337456,unset,EH43NF,No crossing facility within 50m or physical crossing facility not controlled by authorised person,"Pelican, puffin, toucan or similar non-junction pedestrian light crossing",At scene,55.9574164058,-3.24798798886,"{""type"": ""Feature"",""geometry"": {""type"": ""Point"",""coordinates"": -3.24798798886, 55.9574164058}}"
352610,,Slight,2,1,18/05/2010,Tuesday,18,May,10,1,30,230,Unclassified,,Single carriageway - 2 lanes,30,Not at or within 20 metres of junction,unset,\,,Darkness: street lights present and lit,Fine (without high winds),Dry,None,None,No overtaking,324080,673310,0,Unset,Cyclist,337457,unset,EH125EG,No crossing facility within 50m or physical crossing facility not controlled by authorised person,No physical crossing facility within 50m,At scene,55.9468646135,-3.21577895726,"{""type"": ""Feature"",""geometry"": {""type"": ""Point"",""coordinates"": -3.21577895726, 55.9468646135}}"
353210,,Slight,1,1,18/05/2010,Tuesday,18,May,10,8,30,230,C,,Single carriageway - 2 lanes,30,'T' or staggered junction,Give way sign or markings,Unclassified,,Daylight: street lights present,Fine (without high winds),Dry,None,None,No overtaking,326140,672120,532762,Junction,Pedestrian,337458,unset,EH91UQ,No crossing facility within 50m or physical crossing facility not controlled by authorised person,No physical crossing facility within 50m,Elsewhere,55.9364947467,-3.18247243979,"{""type"": ""Feature"",""geometry"": {""type"": ""Point"",""coordinates"": -3.18247243979, 55.9364947467}}"
354410,,Slight,2,1,18/05/2010,Tuesday,18,May,10,13,50,230,C,,Single carriageway - 2 lanes,30,Not at or within 20 metres of junction,unset,\,,Daylight: street lights present,Fine (without high winds),Dry,None,None,No overtaking,325500,671990,559048,Segment,Cyclist,337459,unset,EH91HA,No crossing facility within 50m or physical crossing facility not controlled by authorised person,No physical crossing facility within 50m,At scene,55.9352280986,-3.19268024096,"{""type"": ""Feature"",""geometry"": {""type"": ""Point"",""coordinates"": -3.19268024096, 55.9352280986}}"
354610,,Slight,1,1,17/05/2010,Monday,17,May,10,15,55,230,A,71,Single carriageway - 2 lanes,30,'T' or staggered junction,Give way sign or markings,Unclassified,,Daylight: street lights present,Fine (without high winds),Dry,None,None,No overtaking,322950,672260,521961,Junction,Pedestrian,337460,unset,EH111TU,No crossing facility within 50m or physical crossing facility not controlled by authorised person,No physical crossing facility within 50m,At scene,55.9372518506,-3.23357014662,"{""type"": ""Feature"",""geometry"": {""type"": ""Point"",""coordinates"": -3.23357014662, 55.9372518506}}"
355810,,Slight,3,1,10/05/2010,Monday,10,May,10,11,29,230,Unclassified,,Single carriageway - 2 lanes,30,Not at or within 20 metres of junction,unset,\,,Daylight: street lights present,Fine (without high winds),Dry,None,None,No overtaking,325830,676280,563619,Segment,M.V.N.P.,337461,unset,EH64NW,No crossing facility within 50m or physical crossing facility not controlled by authorised person,No physical crossing facility within 50m,At scene,55.9738199668,-3.1885789083,"{""type"": ""Feature"",""geometry"": {""type"": ""Point"",""coordinates"": -3.1885789083, 55.9738199668}}"
356210,,Slight,2,1,19/05/2010,Wednesday,19,May,10,8,20,230,A,7,Single carriageway - 2 lanes,30,Not at or within 20 metres of junction,unset,\,,Daylight: street lights present,Fine with high winds,Dry,None,None,No overtaking,328180,670710,568093,Segment,Cyclist,337462,unset,EH164TE,No crossing facility within 50m or physical crossing facility not controlled by authorised person,No physical crossing facility within 50m,At scene,55.924136309,-3.14944516272,"{""type"": ""Feature"",""geometry"": {""type"": ""Point"",""coordinates"": -3.14944516272, 55.924136309}}"
356410,,Serious,2,1,18/05/2010,Tuesday,18,May,10,15,30,230,A,8,Single carriageway - 2 lanes,30,'T' or staggered junction,Give way sign or markings,Unclassified,,Daylight: street lights present,Fine (without high winds),Dry,None,None,No overtaking,322920,673210,521268,Junction,Cyclist,337463,unset,EH125NJ,No crossing facility within 50m or physical crossing facility not controlled by authorised person,"Pelican, puffin, toucan or similar non-junction pedestrian light crossing",At scene,55.9457816015,-3.23432174593,"{""type"": ""Feature"",""geometry"": {""type"": ""Point"",""coordinates"": -3.23432174593, 55.9457816015}}"
358110,,Slight,2,1,20/05/2010,Thursday,20,May,10,16,20,230,Unclassified,,Single carriageway - 2 lanes,30,Not at or within 20 metres of junction,unset,\,,Daylight: street lights present,Fine (without high winds),Dry,None,None,No overtaking,326700,671810,569664,Segment,Pedestrian,337464,unset,EH91TQ,No crossing facility within 50m or physical crossing facility not controlled by authorised person,No physical crossing facility within 50m,Elsewhere,55.933795421,-3.17342496762,"{""type"": ""Feature"",""geometry"": {""type"": ""Point"",""coordinates"": -3.17342496762, 55.933795421}}"
360310,,Slight,1,1,19/05/2010,Wednesday,19,May,10,16,30,230,A,71,Single carriageway - 2 lanes,30,Not at or within 20 metres of junction,unset,\,,Daylight: street lights present,Fine (without high winds),Dry,None,None,No overtaking,322870,672240,549710,Segment,Pedestrian,337465,unset,EH112PP,Control by other authorised person,Pedestrian phase at traffic signal junction,Elsewhere,55.9370593482,-3.23484489558,"{""type"": ""Feature"",""geometry"": {""type"": ""Point"",""coordinates"": -3.23484489558, 55.9370593482}}"
360810,,Slight,2,1,21/05/2010,Friday,21,May,10,6,50,230,Unclassified,,Roundabout,30,Roundabout,Automatic Traffic Signal,Unclassified,,Daylight: no street lighting,Fine (without high winds),Dry,None,None,No overtaking,312460,677670,533308,Junction,Cyclist,337466,unset,EH309XS,Control by other authorised person,Pedestrian phase at traffic signal junction,Elsewhere,55.9840550235,-3.40321933693,"{""type"": ""Feature"",""geometry"": {""type"": ""Point"",""coordinates"": -3.40321933693, 55.9840550235}}"
361110,,Slight,1,1,21/05/2010,Friday,21,May,10,14,15,230,A,901,Single carriageway - 2 lanes,30,Multiple junction,Automatic Traffic Signal,Unclassified,,Daylight: street lights present,Fine (without high winds),Dry,None,None,No overtaking,326940,675910,522483,Junction,Pedestrian,337467,unset,EH65HX,Control by other authorised person,"Pelican, puffin, toucan or similar non-junction pedestrian light crossing",At scene,55.9706661095,-3.17069490245,"{""type"": ""Feature"",""geometry"": {""type"": ""Point"",""coordinates"": -3.17069490245, 55.9706661095}}"
361810,,Slight,2,2,21/05/2010,Friday,21,May,10,10,25,230,C,,Single carriageway - 2 lanes,30,Crossroads,Automatic Traffic Signal,Unclassified,,Daylight: street lights present,Fine (without high winds),Dry,None,None,No overtaking,323340,674890,520071,Junction,T.V.N.P.,337468,unset,EH41QL,Control by other authorised person,Pedestrian phase at traffic signal junction,At scene,55.9609414759,-3.22807554788,"{""type"": ""Feature"",""geometry"": {""type"": ""Point"",""coordinates"": -3.22807554788, 55.9609414759}}"
363110,,Slight,1,1,21/05/2010,Friday,21,May,10,21,0,230,Unclassified,,Roundabout,60,Roundabout,Give way sign or markings,Unclassified,,Daylight: street lights present,Fine (without high winds),Dry,None,None,No overtaking,317960,669930,0,Unset,S.V.N.P.,337469,unset,EH144AW,No crossing facility within 50m or physical crossing facility not controlled by authorised person,No physical crossing facility within 50m,At scene,55.9154947417,-3.31272929516,"{""type"": ""Feature"",""geometry"": {""type"": ""Point"",""coordinates"": -3.31272929516, 55.9154947417}}"
364310,,Slight,2,1,09/05/2010,Sunday,9,May,10,9,30,230,Unclassified,,Roundabout,30,Roundabout,Give way sign or markings,C,,Daylight: no street lighting,Fine (without high winds),Dry,None,None,No overtaking,321010,670970,530926,Junction,Cyclist,337470,unset,EH142AP,No crossing facility within 50m or physical crossing facility not controlled by authorised person,No physical crossing facility within 50m,At scene,55.9253481188,-3.26424368396,"{""type"": ""Feature"",""geometry"": {""type"": ""Point"",""coordinates"": -3.26424368396, 55.9253481188}}"
365210,,Slight,2,1,21/05/2010,Friday,21,May,10,12,0,230,Unclassified,,Single carriageway - 2 lanes,20,Crossroads,Automatic Traffic Signal,A,700,Daylight: street lights present,Fine (without high winds),Dry,None,None,No overtaking,326420,672400,532786,Junction,Bus,337471,unset,EH91QS,Control by other authorised person,Pedestrian phase at traffic signal junction,Elsewhere,55.9390531812,-3.17806715512,"{""type"": ""Feature"",""geometry"": {""type"": ""Point"",""coordinates"": -3.17806715512, 55.9390531812}}"
365510,,Slight,2,1,23/05/2010,Sunday,23,May,10,15,20,230,C,,Single carriageway - 2 lanes,30,Not at or within 20 metres of junction,unset,\,,Daylight: street lights present,Fine (without high winds),Dry,None,None,No overtaking,322870,676000,559931,Segment,T.V.N.P.,337472,unset,EH52NG,No crossing facility within 50m or physical crossing facility not controlled by authorised person,No physical crossing facility within 50m,At scene,55.9708381534,-3.23592070994,"{""type"": ""Feature"",""geometry"": {""type"": ""Point"",""coordinates"": -3.23592070994, 55.9708381534}}"
365710,,Slight,2,1,23/05/2010,Sunday,23,May,10,10,45,230,Unclassified,,Single carriageway - 2 lanes,30,'T' or staggered junction,Give way sign or markings,Unclassified,,Daylight: street lights present,Fine (without high winds),Dry,None,None,No overtaking,326170,671660,0,Unset,Cyclist,337473,unset,EH92EW,No crossing facility within 50m or physical crossing facility not controlled by authorised person,No physical crossing facility within 50m,At scene,55.9323667464,-3.18186643609,"{""type"": ""Feature"",""geometry"": {""type"": ""Point"",""coordinates"": -3.18186643609, 55.9323667464}}"
367310,,Slight,2,1,22/05/2010,Saturday,22,May,10,13,20,230,B,900,Single carriageway - 2 lanes,30,'T' or staggered junction,Give way sign or markings,Unclassified,,Daylight: street lights present,Fine (without high winds),Dry,None,None,No overtaking,323080,674490,520455,Junction,Cyclist,337474,unset,EH42EH,No crossing facility within 50m or physical crossing facility not controlled by authorised person,No physical crossing facility within 50m,Elsewhere,55.9573064214,-3.23212543232,"{""type"": ""Feature"",""geometry"": {""type"": ""Point"",""coordinates"": -3.23212543232, 55.9573064214}}"
371110,,Slight,1,1,24/05/2010,Monday,24,May,10,12,5,230,Unclassified,,Single carriageway - 2 lanes,30,Crossroads,Automatic Traffic Signal,A,71,Daylight: no street lighting,Fine (without high winds),Dry,None,None,No overtaking,322680,672210,521970,Junction,Bus,337475,unset,EH112QT,Control by other authorised person,Pedestrian phase at traffic signal junction,Elsewhere,55.9367593181,-3.2378773869,"{""type"": ""Feature"",""geometry"": {""type"": ""Point"",""coordinates"": -3.2378773869, 55.9367593181}}"
371610,,Slight,2,1,24/05/2010,Monday,24,May,10,16,45,230,Unclassified,,Single carriageway - 2 lanes,30,Mini-roundabout,Give way sign or markings,Unclassified,,Daylight: street lights present,Fine (without high winds),Dry,None,None,No overtaking,324290,675500,12232951,Junction,Cyclist,337476,unset,EH35PA,No crossing facility within 50m or physical crossing facility not controlled by authorised person,No physical crossing facility within 50m,Elsewhere,55.9665722549,-3.21303205419,"{""type"": ""Feature"",""geometry"": {""type"": ""Point"",""coordinates"": -3.21303205419, 55.9665722549}}"
371710,,Serious,1,1,25/05/2010,Tuesday,25,May,10,15,30,230,Unclassified,,Single carriageway - 2 lanes,30,Not at or within 20 metres of junction,unset,\,,Daylight: no street lighting,Fine (without high winds),Dry,None,None,No overtaking,323520,677200,12226718,Segment,Pedestrian,337477,unset,EH51PN,No crossing facility within 50m or physical crossing facility not controlled by authorised person,No physical crossing facility within 50m,At scene,55.9817225903,-3.2258488242,"{""type"": ""Feature"",""geometry"": {""type"": ""Point"",""coordinates"": -3.2258488242, 55.9817225903}}"
372710,,Slight,2,1,26/05/2010,Wednesday,26,May,10,8,15,230,C,,Single carriageway - 2 lanes,30,'T' or staggered junction,Give way sign or markings,Unclassified,,Daylight: no street lighting,Fine (without high winds),Dry,None,None,No overtaking,326440,675310,519855,Junction,Cyclist,337478,unset,EH65AL,Control by other authorised person,Pedestrian phase at traffic signal junction,At scene,55.9651994392,-3.17854100288,"{""type"": ""Feature"",""geometry"": {""type"": ""Point"",""coordinates"": -3.17854100288, 55.9651994392}}"