acc_ref,beat_no,severity,no_vehicle,no_casualt,a_date,a_day,a_date_day,a_date_mon,a_date_yr,a_time_hr,a_time_min,loc_auth,road1_class,road1_no,road_type,speed_limi,junc_det,junc_ctrl,road2_class,road2_no,light_cond,weather,road_surf,spec_cond,cway_hzrds,ovrtk_patrn,easting,northing,net_id,net_type,acc_type,text_id,division,Postcode,ped_xing_hc,ped_xing_p,place_reported,latitude,longitude,geojson
373710,,Slight,1,1,25/05/2010,Tuesday,25,May,10,14,0,230,B,701,Single carriageway - 2 lanes,40,Other junction,Give way sign or markings,Unclassified,,Daylight: street lights present,Fine (without high winds),Dry,None,None,No overtaking,319070,674180,520356,Junction,Pedestrian,337479,unset,EH48DB,No crossing facility within 50m or physical crossing facility not controlled by authorised person,Central refuge - no other controls,At scene,55.953862776,-3.2962475913,"{""type"": ""Feature"",""geometry"": {""type"": ""Point"",""coordinates"": -3.2962475913, 55.953862776}}"
375610,,Slight,1,1,26/05/2010,Wednesday,26,May,10,21,29,230,Unclassified,,Single carriageway - 2 lanes,30,Crossroads,Give way sign or markings,Unclassified,,Daylight: street lights present,Fine (without high winds),Dry,None,None,No overtaking,321170,671740,0,Unset,Pedestrian,337480,unset,EH113EP,No crossing facility within 50m or physical crossing facility not controlled by authorised person,No physical crossing facility within 50m,At scene,55.9322917941,-3.26190837564,"{""type"": ""Feature"",""geometry"": {""type"": ""Point"",""coordinates"": -3.26190837564, 55.9322917941}}"
375810,,Slight,1,1,27/05/2010,Thursday,27,May,10,16,37,230,B,900,Single carriageway - 2 lanes,30,'T' or staggered junction,Give way sign or markings,Unclassified,,Daylight: street lights present,Fine (without high winds),Dry,None,None,No overtaking,326550,675980,522321,Junction,Pedestrian,337481,unset,EH65ND,No crossing facility within 50m or physical crossing facility not controlled by authorised person,No physical crossing facility within 50m,Elsewhere,55.9712354853,-3.17696177771,"{""type"": ""Feature"",""geometry"": {""type"": ""Point"",""coordinates"": -3.17696177771, 55.9712354853}}"
377510,,Serious,1,1,28/05/2010,Friday,28,May,10,9,40,230,A,7,Single carriageway - 2 lanes,30,Other junction,Automatic Traffic Signal,Unclassified,,Daylight: street lights present,Fine (without high winds),Dry,None,None,No overtaking,326010,673400,2305729,Junction,Pedestrian,337482,unset,EH11LL,Control by other authorised person,Pedestrian phase at traffic signal junction,At scene,55.9479741632,-3.18490425955,"{""type"": ""Feature"",""geometry"": {""type"": ""Point"",""coordinates"": -3.18490425955, 55.9479741632}}"
377610,,Slight,3,1,27/05/2010,Thursday,27,May,10,14,10,230,Unclassified,,Dual carriageway - 2 lanes,30,Not at or within 20 metres of junction,unset,\,,Daylight: street lights present,Fine (without high winds),Dry,None,None,No overtaking,319520,671430,9659219,Segment,M.V.N.P.,337483,unset,EH113UP,No crossing facility within 50m or physical crossing facility not controlled by authorised person,No physical crossing facility within 50m,At scene,55.929233573,-3.28822168373,"{""type"": ""Feature"",""geometry"": {""type"": ""Point"",""coordinates"": -3.28822168373, 55.929233573}}"
378910,,Slight,1,2,18/05/2010,Tuesday,18,May,10,22,33,230,Unclassified,,Single carriageway - 2 lanes,60,Not at or within 20 metres of junction,unset,\,,Darkness: no street lighting,Fine (without high winds),Dry,None,None,No overtaking,314870,675580,0,Unset,S.V.N.P.,337484,unset,EH299EJ,No crossing facility within 50m or physical crossing facility not controlled by authorised person,No physical crossing facility within 50m,At scene,55.9657135824,-3.36393993346,"{""type"": ""Feature"",""geometry"": {""type"": ""Point"",""coordinates"": -3.36393993346, 55.9657135824}}"
379010,,Slight,2,1,26/05/2010,Wednesday,26,May,10,8,0,230,Unclassified,,Single carriageway - 2 lanes,30,Not at or within 20 metres of junction,unset,\,,Daylight: street lights present,Fine (without high winds),Dry,None,None,No overtaking,323550,674970,560030,Segment,Cyclist,337485,unset,EH41QL,No crossing facility within 50m or physical crossing facility not controlled by authorised person,No physical crossing facility within 50m,At scene,55.9616936435,-3.22473496041,"{""type"": ""Feature"",""geometry"": {""type"": ""Point"",""coordinates"": -3.22473496041, 55.9616936435}}"
379610,,Slight,2,1,28/05/2010,Friday,28,May,10,14,30,230,A,6106,Single carriageway - 2 lanes,30,'T' or staggered junction,Give way sign or markings,Unclassified,,Daylight: street lights present,Fine (without high winds),Dry,None,None,No overtaking,330060,673760,529624,Junction,T.V.N.P.,337486,unset,EH151LU,No crossing facility within 50m or physical crossing facility not controlled by authorised person,No physical crossing facility within 50m,Elsewhere,55.9518149037,-3.12015372713,"{""type"": ""Feature"",""geometry"": {""type"": ""Point"",""coordinates"": -3.12015372713, 55.9518149037}}"
380710,,Slight,2,3,26/05/2010,Wednesday,26,May,10,20,25,230,Unclassified,,Single carriageway - 2 lanes,30,Crossroads,Give way sign or markings,Unclassified,,Daylight: no street lighting,Raining (without high winds),Dry,None,None,No overtaking,323370,677260,12227194,Junction,T.V.N.P.,337487,unset,EH51PN,No crossing facility within 50m or physical crossing facility not controlled by authorised person,No physical crossing facility within 50m,At scene,55.9822376888,-3.22826954327,"{""type"": ""Feature"",""geometry"": {""type"": ""Point"",""coordinates"": -3.22826954327, 55.9822376888}}"
380810,,Slight,1,1,27/05/2010,Thursday,27,May,10,15,18,230,Unclassified,,Single carriageway - 2 lanes,30,Not at or within 20 metres of junction,unset,\,,Daylight: street lights present,Fine (without high winds),Dry,None,None,No overtaking,327410,671790,12227950,Segment,Bus,337488,unset,EH165EE,No crossing facility within 50m or physical crossing facility not controlled by authorised person,No physical crossing facility within 50m,Elsewhere,55.933723449,-3.16205617705,"{""type"": ""Feature"",""geometry"": {""type"": ""Point"",""coordinates"": -3.16205617705, 55.933723449}}"
381110,,Slight,1,1,29/05/2010,Saturday,29,May,10,12,32,230,A,8,Single carriageway - 2 lanes,30,Not at or within 20 metres of junction,unset,\,,Daylight: street lights present,Fine (without high winds),Dry,None,None,No overtaking,319920,672950,550689,Segment,Bus,337489,unset,EH128AX,No crossing facility within 50m or physical crossing facility not controlled by authorised person,No physical crossing facility within 50m,Elsewhere,55.9429554,-3.28227182409,"{""type"": ""Feature"",""geometry"": {""type"": ""Point"",""coordinates"": -3.28227182409, 55.9429554}}"
381410,,Slight,2,1,29/05/2010,Saturday,29,May,10,12,45,230,Unclassified,,Single carriageway - 2 lanes,30,Other junction,Give way sign or markings,Unclassified,,Daylight: street lights present,Fine (without high winds),Dry,None,None,No overtaking,320330,675730,519328,Junction,T.V.N.P.,337490,unset,EH46AF,No crossing facility within 50m or physical crossing facility not controlled by authorised person,No physical crossing facility within 50m,Elsewhere,55.9679978882,-3.27653026956,"{""type"": ""Feature"",""geometry"": {""type"": ""Point"",""coordinates"": -3.27653026956, 55.9679978882}}"
384210,,Slight,2,1,30/05/2010,Sunday,30,May,10,11,40,230,Unclassified,,Roundabout,30,Roundabout,Automatic Traffic Signal,Unclassified,,Daylight: no street lighting,Unknown,Dry,None,None,No overtaking,311800,674660,12230719,Junction,Cyclist,337491,unset,EH299ED,No crossing facility within 50m or physical crossing facility not controlled by authorised person,No physical crossing facility within 50m,Elsewhere,55.9568951941,-3.41280933044,"{""type"": ""Feature"",""geometry"": {""type"": ""Point"",""coordinates"": -3.41280933044, 55.9568951941}}"
384710,,Slight,2,1,30/05/2010,Sunday,30,May,10,3,50,230,Unclassified,,Single carriageway - 2 lanes,30,Not at or within 20 metres of junction,unset,\,,Darkness: street lights present and lit,Raining (without high winds),Dry,None,None,No overtaking,323430,672220,561697,Segment,T.V.N.P.,337492,unset,EH111NX,No crossing facility within 50m or physical crossing facility not controlled by authorised person,No physical crossing facility within 50m,At scene,55.9369691836,-3.22587598348,"{""type"": ""Feature"",""geometry"": {""type"": ""Point"",""coordinates"": -3.22587598348, 55.9369691836}}"
384810,,Slight,1,1,29/05/2010,Saturday,29,May,10,1,30,230,A,7,Single carriageway - 2 lanes,30,Crossroads,Automatic Traffic Signal,C,,Darkness: street lights present and lit,Fine (without high winds),Dry,None,None,No overtaking,325930,673670,521103,Junction,Pedestrian,337493,unset,EH11QN,Control by other authorised person,Pedestrian phase at traffic signal junction,At scene,55.9503874917,-3.18625926722,"{""type"": ""Feature"",""geometry"": {""type"": ""Point"",""coordinates"": -3.18625926722, 55.9503874917}}"
384910,,Slight,3,1,30/05/2010,Sunday,30,May,10,11,10,230,A,90,Dual carriageway - 2 lanes,70,Not at or within 20 metres of junction,unset,\,,Daylight: street lights present,Fine (without high winds),Dry,None,None,No overtaking,315130,677140,555414,Segment,M.V.N.P.,337494,unset,EH309UA,No crossing facility within 50m or physical crossing facility not controlled by authorised person,No physical crossing facility within 50m,At scene,55.9797734739,-3.36026729501,"{""type"": ""Feature"",""geometry"": {""type"": ""Point"",""coordinates"": -3.36026729501, 55.9797734739}}"
385410,,Slight,2,2,31/05/2010,Monday,31,May,10,16,10,230,Unclassified,,Single carriageway - 2 lanes,30,Crossroads,Give way sign or markings,Unclassified,,Daylight: street lights present,Fine (without high winds),Dry,None,None,No overtaking,320880,669060,0,Unset,T.V.N.P.,337495,unset,EH130LP,No crossing facility within 50m or physical crossing facility not controlled by authorised person,No physical crossing facility within 50m,At scene,55.9081679351,-3.26576450723,"{""type"": ""Feature"",""geometry"": {""type"": ""Point"",""coordinates"": -3.26576450723, 55.9081679351}}"
386910,,Slight,1,1,01/06/2010,Tuesday,1,June,10,7,0,230,B,900,Single carriageway - 2 lanes,30,'T' or staggered junction,Give way sign or markings,Unclassified,,Daylight: street lights present,Raining (without high winds),Dry,None,None,No overtaking,324320,674680,520110,Junction,Pedestrian,361151,unset,EH41JH,Control by other authorised person,Pedestrian phase at traffic signal junction,Elsewhere,55.9592102766,-3.21232117351,"{""type"": ""Feature"",""geometry"": {""type"": ""Point"",""coordinates"": -3.21232117351, 55.9592102766}}"
387110,,Serious,2,1,29/05/2010,Saturday,29,May,10,15,0,230,C,,Single carriageway - 2 lanes,30,'T' or staggered junction,Give way sign or markings,Unclassified,,Daylight: no street lighting,Fine (without high winds),Dry,None,None,No overtaking,325000,673290,521490,Junction,Cyclist,337496,unset,EH39DT,No crossing facility within 50m or physical crossing facility not controlled by authorised person,No physical crossing facility within 50m,At scene,55.9468293839,-3.20104422575,"{""type"": ""Feature"",""geometry"": {""type"": ""Point"",""coordinates"": -3.20104422575, 55.9468293839}}"
387410,,Slight,2,1,29/05/2010,Saturday,29,May,10,18,40,230,A,901,Single carriageway - 2 lanes,30,'T' or staggered junction,Automatic Traffic Signal,A,901,Daylight: street lights present,Fine (without high winds),Dry,None,None,No overtaking,326450,676750,531307,Junction,T.V.N.P.,337497,unset,EH66PJ,Control by other authorised person,Pedestrian phase at traffic signal junction,Elsewhere,55.9781377675,-3.1787741594,"{""type"": ""Feature"",""geometry"": {""type"": ""Point"",""coordinates"": -3.1787741594, 55.9781377675}}"
388910,,Slight,2,1,31/05/2010,Monday,31,May,10,18,5,230,Unclassified,,Single carriageway - 2 lanes,30,Crossroads,Give way sign or markings,Unclassified,,Daylight: street lights present,Fine (without high winds),Dry,None,None,No overtaking,325970,674960,0,Unset,Cyclist,337498,unset,EH74BB,No crossing facility within 50m or physical crossing facility not controlled by authorised person,No physical crossing facility within 50m,Elsewhere,55.9619828683,-3.18597311905,"{""type"": ""Feature"",""geometry"": {""type"": ""Point"",""coordinates"": -3.18597311905, 55.9619828683}}"
389110,,Slight,1,1,01/06/2010,Tuesday,1,June,10,6,21,230,Unclassified,,Single carriageway - 2 lanes,30,Not at or within 20 metres of junction,unset,\,,Daylight: no street lighting,Fine (without high winds),Dry,None,None,No overtaking,329060,670290,0,Unset,Pedestrian,361152,unset,EH164SQ,No crossing facility within 50m or physical crossing facility not controlled by authorised person,No physical crossing facility within 50m,At scene,55.9204935748,-3.13525400049,"{""type"": ""Feature"",""geometry"": {""type"": ""Point"",""coordinates"": -3.13525400049, 55.9204935748}}"
390410,,Slight,1,1,02/06/2010,Wednesday,2,June,10,10,0,230,B,900,Single carriageway - 2 lanes,30,'T' or staggered junction,Give way sign or markings,Unclassified,,Daylight: street lights present,Fine (without high winds),Dry,None,None,No overtaking,326460,675930,519469,Junction,Pedestrian,361153,unset,EH65NQ,Control by other authorised person,Pedestrian phase at traffic signal junction,Elsewhere,55.9707725156,-3.17838993856,"{""type"": ""Feature"",""geometry"": {""type"": ""Point"",""coordinates"": -3.17838993856, 55.9707725156}}"
390610,,Slight,1,1,02/06/2010,Wednesday,2,June,10,11,25,230,Unclassified,,Dual carriageway - 2 lanes,30,Not at or within 20 metres of junction,unset,\,,Daylight: no street lighting,Fine (without high winds),Dry,Road suface defective,None,No overtaking,319140,671630,12232546,Segment,S.V.N.P.,361154,unset,EH129EB,No crossing facility within 50m or physical crossing facility not controlled by authorised person,No physical crossing facility within 50m,At scene,55.9309665445,-3.29436240086,"{""type"": ""Feature"",""geometry"": {""type"": ""Point"",""coordinates"": -3.29436240086, 55.9309665445}}"
391210,,Slight,2,1,01/06/2010,Tuesday,1,June,10,18,50,230,Unclassified,,Roundabout,30,Mini-roundabout,Give way sign or markings,Unclassified,,Daylight: street lights present,Fine (without high winds),Dry,None,None,No overtaking,322570,669810,532855,Junction,T.V.N.P.,361155,unset,EH130PN,No crossing facility within 50m or physical crossing facility not controlled by authorised person,No physical crossing facility within 50m,At scene,55.9151806098,-3.23894986132,"{""type"": ""Feature"",""geometry"": {""type"": ""Point"",""coordinates"": -3.23894986132, 55.9151806098}}"
392410,,Slight,1,1,02/06/2010,Wednesday,2,June,10,17,54,230,B,900,Single carriageway - 2 lanes,30,Not at or within 20 metres of junction,unset,\,,Daylight: street lights present,Fine (without high winds),Dry,None,None,No overtaking,325470,675100,554285,Segment,Pedestrian,361156,unset,EH74EB,Control by other authorised person,Pedestrian phase at traffic signal junction,At scene,55.9631632874,-3.19401998158,"{""type"": ""Feature"",""geometry"": {""type"": ""Point"",""coordinates"": -3.19401998158, 55.9631632874}}"
392610,,Slight,1,1,02/06/2010,Wednesday,2,June,10,14,0,230,B,900,Single carriageway - 2 lanes,30,Crossroads,Automatic Traffic Signal,C,,Daylight: street lights present,Fine (without high winds),Dry,None,None,No overtaking,324560,674630,520152,Junction,Pedestrian,361157,unset,EH41LZ,Control by other authorised person,"Pelican, puffin, toucan or similar non-junction pedestrian light crossing",At scene,55.9587988355,-3.20846356953,"{""type"": ""Feature"",""geometry"": {""type"": ""Point"",""coordinates"": -3.20846356953, 55.9587988355}}"
394210,,Slight,2,1,28/05/2010,Friday,28,May,10,17,45,230,B,6415,Single carriageway - 2 lanes,30,Not at or within 20 metres of junction,unset,\,,Daylight: no street lighting,Fine (without high winds),Dry,None,None,No overtaking,331510,673430,563355,Segment,T.V.N.P.,337499,unset,EH152ET,No crossing facility within 50m or physical crossing facility not controlled by authorised person,No physical crossing facility within 50m,At scene,55.9490589879,-3.09685164912,"{""type"": ""Feature"",""geometry"": {""type"": ""Point"",""coordinates"": -3.09685164912, 55.9490589879}}"
394910,,Slight,1,1,18/05/2010,Tuesday,18,May,10,15,5,230,B,1350,Single carriageway - 2 lanes,30,Not at or within 20 metres of junction,unset,\,,Daylight: street lights present,Fine (without high winds),Dry,None,None,No overtaking,326230,674510,557671,Segment,Bus,337500,unset,EH75JW,No crossing facility within 50m or physical crossing facility not controlled by authorised person,"Pelican, puffin, toucan or similar non-junction pedestrian light crossing",At scene,55.957980117,-3.18168568034,"{""type"": ""Feature"",""geometry"": {""type"": ""Point"",""coordinates"": -3.18168568034, 55.957980117}}"
395910,,Slight,1,1,04/06/2010,Friday,4,June,10,7,35,230,Unclassified,,Single carriageway - 2 lanes,30,Not at or within 20 metres of junction,unset,\,,Daylight: street lights present,Fine (without high winds),Dry,None,None,No overtaking,314790,673310,0,Unset,Pedestrian,361158,unset,EH129DN,No crossing facility within 50m or physical crossing facility not controlled by authorised person,No physical crossing facility within 50m,At scene,55.9453073922,-3.36450367516,"{""type"": ""Feature"",""geometry"": {""type"": ""Point"",""coordinates"": -3.36450367516, 55.9453073922}}"
396010,,Slight,2,1,04/06/2010,Friday,4,June,10,7,55,230,A,8,Single carriageway - 2 lanes,30,Not at or within 20 metres of junction,unset,\,,Daylight: no street lighting,Fine (without high winds),Dry,None,None,No overtaking,320660,672810,550716,Segment,Cyclist,361159,unset,EH126TS,No crossing facility within 50m or physical crossing facility not controlled by authorised person,No physical crossing facility within 50m,At scene,55.941820404,-3.27038477549,"{""type"": ""Feature"",""geometry"": {""type"": ""Point"",""coordinates"": -3.27038477549, 55.941820404}}"
396510,,Slight,2,1,04/03/2010,Thursday,4,March,10,16,15,230,Unclassified,,Single carriageway - 2 lanes,30,Not at or within 20 metres of junction,unset,\,,Daylight: street lights present,Fine (without high winds),Dry,None,None,No overtaking,330530,673310,0,Unset,T.V.N.P.,353757,unset,EH151JJ,No crossing facility within 50m or physical crossing facility not controlled by authorised person,No physical crossing facility within 50m,Elsewhere,55.947840226,-3.11251190617,"{""type"": ""Feature"",""geometry"": {""type"": ""Point"",""coordinates"": -3.11251190617, 55.947840226}}"
396610,,Slight,1,1,04/06/2010,Friday,4,June,10,9,40,230,A,900,Single carriageway - 2 lanes,30,Not at or within 20 metres of junction,unset,\,,Daylight: street lights present,Fine (without high winds),Dry,None,None,No overtaking,327230,676290,558431,Segment,Pedestrian,361160,unset,EH67AF,No crossing facility within 50m or physical crossing facility not controlled by authorised person,No physical crossing facility within 50m,Elsewhere,55.9741240372,-3.16615180124,"{""type"": ""Feature"",""geometry"": {""type"": ""Point"",""coordinates"": -3.16615180124, 55.9741240372}}"
396710,,Slight,2,3,04/06/2010,Friday,4,June,10,16,15,230,A,702,Single carriageway - 2 lanes,30,Not at or within 20 metres of junction,unset,\,,Daylight: street lights present,Fine (without high winds),Dry,None,None,No overtaking,324270,670030,549123,Segment,T.V.N.P.,361161,unset,EH106JB,No crossing facility within 50m or physical crossing facility not controlled by authorised person,No physical crossing facility within 50m,Elsewhere,55.9174276134,-3.21181690167,"{""type"": ""Feature"",""geometry"": {""type"": ""Point"",""coordinates"": -3.21181690167, 55.9174276134}}"
396910,,Serious,2,1,04/06/2010,Friday,4,June,10,17,20,230,Unclassified,,Single carriageway - 2 lanes,30,'T' or staggered junction,Give way sign or markings,Unclassified,,Daylight: street lights present,Fine (without high winds),Dry,None,None,No overtaking,323570,671500,529597,Junction,T.V.N.P.,361162,unset,EH105BR,No crossing facility within 50m or physical crossing facility not controlled by authorised person,No physical crossing facility within 50m,At scene,55.9305231275,-3.22343129997,"{""type"": ""Feature"",""geometry"": {""type"": ""Point"",""coordinates"": -3.22343129997, 55.9305231275}}"
397910,,Slight,2,1,04/06/2010,Friday,4,June,10,19,45,230,Unclassified,,Single carriageway - 2 lanes,30,Not at or within 20 metres of junction,unset,\,,Daylight: no street lighting,Fine (without high winds),Dry,None,None,No overtaking,319740,676330,557148,Segment,T.V.N.P.,361163,unset,EH46JH,No crossing facility within 50m or physical crossing facility not controlled by authorised person,No physical crossing facility within 50m,At scene,55.9732897618,-3.28615983373,"{""type"": ""Feature"",""geometry"": {""type"": ""Point"",""coordinates"": -3.28615983373, 55.9732897618}}"
399310,,Slight,2,1,05/06/2010,Saturday,5,June,10,14,5,230,A,70,Single carriageway - 2 lanes,30,'T' or staggered junction,Give way sign or markings,Unclassified,,Daylight: street lights present,Fine (without high winds),Dry,None,None,No overtaking,323910,672940,521805,Junction,Cyclist,361164,unset,EH112AB,No crossing facility within 50m or physical crossing facility not controlled by authorised person,No physical crossing facility within 50m,Elsewhere,55.9435137255,-3.2183962575,"{""type"": ""Feature"",""geometry"": {""type"": ""Point"",""coordinates"": -3.2183962575, 55.9435137255}}"
399810,,Slight,1,1,05/06/2010,Saturday,5,June,10,18,34,230,B,6415,Single carriageway - 2 lanes,30,'T' or staggered junction,Give way sign or markings,Unclassified,,Daylight: street lights present,Raining (without high winds),Dry,None,None,No overtaking,330360,674050,523470,Junction,S.V.N.P.,361165,unset,EH151AN,Control by other authorised person,No physical crossing facility within 50m,Elsewhere,55.9544638677,-3.11542489043,"{""type"": ""Feature"",""geometry"": {""type"": ""Point"",""coordinates"": -3.11542489043, 55.9544638677}}"
400510,,Slight,1,1,05/06/2010,Saturday,5,June,10,19,44,230,C,,Single carriageway - 2 lanes,30,Not at or within 20 metres of junction,unset,\,,Daylight: street lights present,Raining (without high winds),Dry,None,None,No overtaking,320370,671960,564475,Segment,Pedestrian,361166,unset,EH127DU,No crossing facility within 50m or physical crossing facility not controlled by authorised person,No physical crossing facility within 50m,At scene,55.934136382,-3.27477610757,"{""type"": ""Feature"",""geometry"": {""type"": ""Point"",""coordinates"": -3.27477610757, 55.934136382}}"
400710,,Slight,2,1,21/05/2010,Friday,21,May,10,14,57,230,B,701,Single carriageway - 2 lanes,30,Crossroads,Automatic Traffic Signal,B,701,Daylight: street lights present,Fine (without high winds),Dry,None,None,No overtaking,327380,668070,530284,Junction,Bus,337501,unset,EH178AE,Control by other authorised person,Pedestrian phase at traffic signal junction,Elsewhere,55.9002983662,-3.16153652332,"{""type"": ""Feature"",""geometry"": {""type"": ""Point"",""coordinates"": -3.16153652332, 55.9002983662}}"
401410,,Serious,1,1,06/06/2010,Sunday,6,June,10,15,45,230,B,901,Single carriageway - 2 lanes,30,'T' or staggered junction,Automatic Traffic Signal,Unclassified,,Daylight: street lights present,Raining (without high winds),Dry,None,None,No overtaking,325220,675050,519825,Junction,Pedestrian,361167,unset,EH35LF,Control by other authorised person,Pedestrian phase at traffic signal junction,At scene,55.9626752387,-3.19801028593,"{""type"": ""Feature"",""geometry"": {""type"": ""Point"",""coordinates"": -3.19801028593, 55.9626752387}}"
402910,,Slight,3,1,06/06/2010,Sunday,6,June,10,21,0,230,A,902,Single carriageway - 2 lanes,40,'T' or staggered junction,Give way sign or markings,A,90,Daylight: street lights present,Raining (without high winds),Dry,None,None,No overtaking,318570,674950,519960,Junction,M.V.N.P.,361168,unset,EH48DZ,No crossing facility within 50m or physical crossing facility not controlled by authorised person,Pedestrian phase at traffic signal junction,At scene,55.9606955798,-3.30448635653,"{""type"": ""Feature"",""geometry"": {""type"": ""Point"",""coordinates"": -3.30448635653, 55.9606955798}}"
403610,,Slight,1,1,07/06/2010,Monday,7,June,10,7,24,230,A,8,Dual carriageway - 2 lanes,30,Other junction,Automatic Traffic Signal,C,,Daylight: no street lighting,Raining (without high winds),Dry,None,None,No overtaking,325220,673820,521037,Junction,Cyclist,361169,unset,EH22HG,No crossing facility within 50m or physical crossing facility not controlled by authorised person,Pedestrian phase at traffic signal junction,At scene,55.9516251091,-3.19766900975,"{""type"": ""Feature"",""geometry"": {""type"": ""Point"",""coordinates"": -3.19766900975, 55.9516251091}}"
404110,,Slight,2,1,28/05/2010,Friday,28,May,10,10,50,230,A,720,Dual carriageway - 2 lanes,70,Roundabout,Automatic Traffic Signal,A,7,Daylight: street lights present,Fine (without high winds),Dry,None,None,No overtaking,331740,667970,2608104,Junction,T.V.N.P.,337502,unset,EH221RT,No crossing facility within 50m or physical crossing facility not controlled by authorised person,No physical crossing facility within 50m,At scene,55.9000378528,-3.0917889989,"{""type"": ""Feature"",""geometry"": {""type"": ""Point"",""coordinates"": -3.0917889989, 55.9000378528}}"
405110,,Serious,1,1,07/06/2010,Monday,7,June,10,22,30,230,Unclassified,,Single carriageway - 2 lanes,30,'T' or staggered junction,Give way sign or markings,A,901,Daylight: street lights present,Fine (without high winds),Dry,None,None,No overtaking,326860,676010,531346,Junction,Pedestrian,361170,unset,EH65HX,No crossing facility within 50m or physical crossing facility not controlled by authorised person,Central refuge - no other controls,At scene,55.9715523217,-3.17200366222,"{""type"": ""Feature"",""geometry"": {""type"": ""Point"",""coordinates"": -3.17200366222, 55.9715523217}}"
406510,,Slight,2,1,04/06/2010,Friday,4,June,10,21,15,230,Unclassified,,Single carriageway - 2 lanes,30,'T' or staggered junction,Give way sign or markings,Unclassified,,Daylight: street lights present,Raining (without high winds),Dry,None,None,No overtaking,326480,672710,532735,Junction,Cyclist,361171,unset,EH89QZ,No crossing facility within 50m or physical crossing facility not controlled by authorised person,No physical crossing facility within 50m,At scene,55.941847381,-3.17719121552,"{""type"": ""Feature"",""geometry"": {""type"": ""Point"",""coordinates"": -3.17719121552, 55.941847381}}"
406610,,Slight,2,1,28/05/2010,Friday,28,May,10,15,0,230,C,,Single carriageway - 2 lanes,30,Crossroads,Automatic Traffic Signal,C,,Daylight: street lights present,Fine (without high winds),Dry,None,None,No overtaking,326890,674320,520689,Junction,T.V.N.P.,337503,unset,EH75AN,No crossing facility within 50m or physical crossing facility not controlled by authorised person,No physical crossing facility within 50m,At scene,55.9563740633,-3.17106441677,"{""type"": ""Feature"",""geometry"": {""type"": ""Point"",""coordinates"": -3.17106441677, 55.9563740633}}"
406810,,Serious,2,2,08/06/2010,Tuesday,8,June,10,10,10,230,Unclassified,,Single carriageway - 2 lanes,30,'T' or staggered junction,Give way sign or markings,Unclassified,,Daylight: no street lighting,Fine (without high winds),Dry,None,None,No overtaking,314180,678210,3948107,Junction,T.V.N.P.,361172,unset,EH309TF,No crossing facility within 50m or physical crossing facility not controlled by authorised person,No physical crossing facility within 50m,At scene,55.9892165737,-3.37582995709,"{""type"": ""Feature"",""geometry"": {""type"": ""Point"",""coordinates"": -3.37582995709, 55.9892165737}}"
406910,,Slight,2,3,07/06/2010,Monday,7,June,10,17,20,230,A,720,Single carriageway - 3 lanes,70,Roundabout,Give way sign or markings,A,702,Daylight: no street lighting,Raining (without high winds),Dry,None,None,No overtaking,324810,667700,522507,Junction,T.V.N.P.,361173,unset,EH107DUA,No crossing facility within 50m or physical crossing facility not controlled by authorised person,No physical crossing facility within 50m,At scene,55.8965798127,-3.2025301074,"{""type"": ""Feature"",""geometry"": {""type"": ""Point"",""coordinates"": -3.2025301074, 55.8965798127}}"
407310,,Slight,1,1,08/06/2010,Tuesday,8,June,10,11,30,230,A,71,Dual carriageway - 2 lanes,40,Slip road,Give way sign or markings,Unclassified,,Daylight: no street lighting,Raining (without high winds),Dry,None,None,No overtaking,318730,670470,2307061,Junction,S.V.N.P.,361174,unset,EH144AW,No crossing facility within 50m or physical crossing facility not controlled by authorised person,"Pelican, puffin, toucan or similar non-junction pedestrian light crossing",At scene,55.9204765262,-3.30057446987,"{""type"": ""Feature"",""geometry"": {""type"": ""Point"",""coordinates"": -3.30057446987, 55.9204765262}}"
407410,,Slight,2,2,08/06/2010,Tuesday,8,June,10,13,0,230,A,71,Single carriageway - 2 lanes,30,Not at or within 20 metres of junction,unset,\,,Daylight: no street lighting,Raining (without high winds),Dry,None,None,No overtaking,315130,669430,549647,Segment,T.V.N.P.,350413,unset,EH288NT,No crossing facility within 50m or physical crossing facility not controlled by authorised person,No physical crossing facility within 50m,At scene,55.9105122441,-3.35784130816,"{""type"": ""Feature"",""geometry"": {""type"": ""Point"",""coordinates"": -3.35784130816, 55.9105122441}}"