acc_ref,beat_no,severity,no_vehicle,no_casualt,a_date,a_day,a_date_day,a_date_mon,a_date_yr,a_time_hr,a_time_min,loc_auth,road1_class,road1_no,road_type,speed_limi,junc_det,junc_ctrl,road2_class,road2_no,light_cond,weather,road_surf,spec_cond,cway_hzrds,ovrtk_patrn,easting,northing,net_id,net_type,acc_type,text_id,division,Postcode,ped_xing_hc,ped_xing_p,place_reported,latitude,longitude,geojson
407910,,Slight,2,1,02/06/2010,Wednesday,2,June,10,16,53,230,C,,Single carriageway - 2 lanes,30,Not at or within 20 metres of junction,unset,\,,Daylight: street lights present,Fine (without high winds),Dry,None,None,No overtaking,326550,673830,558221,Segment,Cyclist,361175,unset,EH88BP,Control by other authorised person,Zebra crossing,At scene,55.951920084,-3.17637568245,"{""type"": ""Feature"",""geometry"": {""type"": ""Point"",""coordinates"": -3.17637568245, 55.951920084}}"
409110,,Slight,2,2,08/06/2010,Tuesday,8,June,10,13,15,230,C,,Roundabout,30,Roundabout,Give way sign or markings,A,71,Daylight: street lights present,Raining (without high winds),Dry,None,None,No overtaking,320710,671140,529507,Junction,T.V.N.P.,361176,unset,EH113RQ,No crossing facility within 50m or physical crossing facility not controlled by authorised person,No physical crossing facility within 50m,Elsewhere,55.92682598,-3.26909380962,"{""type"": ""Feature"",""geometry"": {""type"": ""Point"",""coordinates"": -3.26909380962, 55.92682598}}"
409710,,Slight,2,1,23/05/2010,Sunday,23,May,10,23,15,230,Unclassified,,Single carriageway - 2 lanes,30,'T' or staggered junction,Give way sign or markings,Unclassified,,Darkness: street lights present and lit,Fine (without high winds),Dry,None,None,No overtaking,325510,673400,521553,Junction,Cyclist,337504,unset,EH12HH,No crossing facility within 50m or physical crossing facility not controlled by authorised person,"Pelican, puffin, toucan or similar non-junction pedestrian light crossing",Elsewhere,55.9478969254,-3.19290950611,"{""type"": ""Feature"",""geometry"": {""type"": ""Point"",""coordinates"": -3.19290950611, 55.9478969254}}"
410510,,Serious,1,1,09/06/2010,Wednesday,9,June,10,8,10,230,C,,Single carriageway - 2 lanes,20,Not at or within 20 metres of junction,unset,\,,Daylight: street lights present,Raining (without high winds),Dry,None,None,No overtaking,327760,669730,553495,Segment,Pedestrian,361177,unset,EH166DY,No crossing facility within 50m or physical crossing facility not controlled by authorised person,No physical crossing facility within 50m,At scene,55.9152690624,-3.15590347645,"{""type"": ""Feature"",""geometry"": {""type"": ""Point"",""coordinates"": -3.15590347645, 55.9152690624}}"
410610,,Slight,2,2,06/05/2010,Thursday,6,May,10,11,40,230,B,1350,Single carriageway - 2 lanes,30,'T' or staggered junction,Give way sign or markings,Unclassified,,Daylight: street lights present,Fine (without high winds),Dry,None,None,No overtaking,326270,674500,520233,Junction,T.V.N.P.,337505,unset,EH75DX,No crossing facility within 50m or physical crossing facility not controlled by authorised person,No physical crossing facility within 50m,At scene,55.9578964185,-3.1810423572,"{""type"": ""Feature"",""geometry"": {""type"": ""Point"",""coordinates"": -3.1810423572, 55.9578964185}}"
412110,,Slight,2,1,22/05/2010,Saturday,22,May,10,16,10,230,C,,Single carriageway - 2 lanes,30,Crossroads,Automatic Traffic Signal,Unclassified,,Daylight: no street lighting,Fine (without high winds),Dry,None,None,No overtaking,326150,673700,521157,Junction,T.V.N.P.,337506,unset,EH11TB,Control by other authorised person,Pedestrian phase at traffic signal junction,At scene,55.9506908684,-3.18274494586,"{""type"": ""Feature"",""geometry"": {""type"": ""Point"",""coordinates"": -3.18274494586, 55.9506908684}}"
412610,,Slight,2,1,09/06/2010,Wednesday,9,June,10,16,45,230,Unclassified,,Single carriageway - 2 lanes,30,'T' or staggered junction,Give way sign or markings,Unclassified,,Daylight: street lights present,Unknown,Dry,None,None,No overtaking,318620,670910,12232045,Junction,T.V.N.P.,361178,unset,EH114DW,No crossing facility within 50m or physical crossing facility not controlled by authorised person,No physical crossing facility within 50m,Elsewhere,55.9244106882,-3.30246686787,"{""type"": ""Feature"",""geometry"": {""type"": ""Point"",""coordinates"": -3.30246686787, 55.9244106882}}"
413310,,Slight,1,1,18/05/2010,Tuesday,18,May,10,16,12,230,A,70,Single carriageway - 2 lanes,30,Not at or within 20 metres of junction,unset,\,,Daylight: street lights present,Fine (without high winds),Dry,None,None,No overtaking,319740,668550,561868,Segment,Bus,337507,unset,EH145EL,No crossing facility within 50m or physical crossing facility not controlled by authorised person,No physical crossing facility within 50m,Elsewhere,55.9033975378,-3.28384577532,"{""type"": ""Feature"",""geometry"": {""type"": ""Point"",""coordinates"": -3.28384577532, 55.9033975378}}"
414410,,Slight,2,1,01/06/2010,Tuesday,1,June,10,8,34,230,A,8,Dual carriageway - 2 lanes,60,Not at or within 20 metres of junction,unset,\,,Daylight: street lights present,Raining (without high winds),Dry,None,None,No overtaking,315510,672360,550794,Segment,T.V.N.P.,361179,unset,EH288NQ,No crossing facility within 50m or physical crossing facility not controlled by authorised person,No physical crossing facility within 50m,At scene,55.9369003352,-3.35268013378,"{""type"": ""Feature"",""geometry"": {""type"": ""Point"",""coordinates"": -3.35268013378, 55.9369003352}}"
414910,,Slight,1,1,10/06/2010,Thursday,10,June,10,15,25,230,Unclassified,,Single carriageway - 2 lanes,30,'T' or staggered junction,Give way sign or markings,A,70,Daylight: street lights present,Fine (without high winds),Dry,None,None,No overtaking,323750,672800,521796,Junction,Pedestrian,361180,unset,EH112JB,No crossing facility within 50m or physical crossing facility not controlled by authorised person,No physical crossing facility within 50m,At scene,55.9422306406,-3.22091804263,"{""type"": ""Feature"",""geometry"": {""type"": ""Point"",""coordinates"": -3.22091804263, 55.9422306406}}"
415010,,Slight,1,1,10/06/2010,Thursday,10,June,10,16,40,230,A,720,Unknown,60,Not at or within 20 metres of junction,unset,\,,Daylight: street lighting unknown,Unknown,Dry,None,None,No overtaking,326990,666970,2588155,Segment,S.V.N.P.,361181,unset,EH209NR,No crossing facility within 50m or physical crossing facility not controlled by authorised person,No physical crossing facility within 50m,At scene,55.8903569454,-3.1674761928,"{""type"": ""Feature"",""geometry"": {""type"": ""Point"",""coordinates"": -3.1674761928, 55.8903569454}}"
415910,,Serious,2,1,10/06/2010,Thursday,10,June,10,18,45,230,B,701,Single carriageway - 2 lanes,40,'T' or staggered junction,Give way sign or markings,Unclassified,,Daylight: street lights present,Fine (without high winds),Dry,None,None,No overtaking,326780,668020,533149,Junction,Cyclist,361182,unset,EH178RS,No crossing facility within 50m or physical crossing facility not controlled by authorised person,No physical crossing facility within 50m,At scene,55.8997582901,-3.17111757589,"{""type"": ""Feature"",""geometry"": {""type"": ""Point"",""coordinates"": -3.17111757589, 55.8997582901}}"
416010,,Slight,2,1,10/06/2010,Thursday,10,June,10,18,0,230,C,,Single carriageway - 2 lanes,30,Not at or within 20 metres of junction,unset,\,,Daylight: street lights present,Fine (without high winds),Dry,None,None,No overtaking,321480,670960,564589,Segment,Cyclist,361183,unset,EH142BJ,No crossing facility within 50m or physical crossing facility not controlled by authorised person,No physical crossing facility within 50m,At scene,55.9253352355,-3.25672041529,"{""type"": ""Feature"",""geometry"": {""type"": ""Point"",""coordinates"": -3.25672041529, 55.9253352355}}"
417110,,Slight,1,1,11/06/2010,Friday,11,June,10,13,30,230,A,772,Single carriageway - 2 lanes,30,Not at or within 20 metres of junction,unset,\,,Daylight: street lights present,Fine (without high winds),Dry,None,None,No overtaking,329030,668970,569390,Segment,Bus,361184,unset,EH178NQ,No crossing facility within 50m or physical crossing facility not controlled by authorised person,No physical crossing facility within 50m,At scene,55.9086301296,-3.135387332,"{""type"": ""Feature"",""geometry"": {""type"": ""Point"",""coordinates"": -3.135387332, 55.9086301296}}"
417210,,Slight,2,1,11/06/2010,Friday,11,June,10,14,52,230,Unclassified,,Roundabout,30,Roundabout,Give way sign or markings,A,902,Daylight: street lights present,Fine with high winds,Dry,None,None,No overtaking,322920,675720,519406,Junction,T.V.N.P.,361185,unset,EH42PW,Control by other authorised person,"Pelican, puffin, toucan or similar non-junction pedestrian light crossing",At scene,55.9683307453,-3.23503958492,"{""type"": ""Feature"",""geometry"": {""type"": ""Point"",""coordinates"": -3.23503958492, 55.9683307453}}"
417410,,Slight,1,1,11/06/2010,Friday,11,June,10,12,30,230,C,,One way Street,30,Crossroads,Automatic Traffic Signal,A,702,Daylight: street lights present,Fine (without high winds),Dry,None,None,No overtaking,324830,673070,521403,Junction,Pedestrian,361186,unset,EH39BN,Control by other authorised person,Pedestrian phase at traffic signal junction,At scene,55.9448263799,-3.20370460213,"{""type"": ""Feature"",""geometry"": {""type"": ""Point"",""coordinates"": -3.20370460213, 55.9448263799}}"
417810,,Slight,2,1,08/06/2010,Tuesday,8,June,10,8,0,230,Unclassified,,Single carriageway - 2 lanes,40,Other junction,Give way sign or markings,Unclassified,,Daylight: street lights present,Other,Dry,None,None,No overtaking,312170,669530,12231740,Junction,T.V.N.P.,361187,unset,EH278BBA,No crossing facility within 50m or physical crossing facility not controlled by authorised person,No physical crossing facility within 50m,Elsewhere,55.9108794853,-3.4052153123,"{""type"": ""Feature"",""geometry"": {""type"": ""Point"",""coordinates"": -3.4052153123, 55.9108794853}}"
419610,,Slight,2,1,11/06/2010,Friday,11,June,10,11,57,230,C,,Single carriageway - 2 lanes,30,Not at or within 20 metres of junction,unset,\,,Daylight: no street lighting,Fine (without high winds),Dry,None,None,No overtaking,325320,674080,566705,Segment,T.V.N.P.,361188,unset,EH21EL,No crossing facility within 50m or physical crossing facility not controlled by authorised person,No physical crossing facility within 50m,Elsewhere,55.9539764637,-3.19613983591,"{""type"": ""Feature"",""geometry"": {""type"": ""Point"",""coordinates"": -3.19613983591, 55.9539764637}}"
419810,,Slight,1,1,12/06/2010,Saturday,12,June,10,11,25,230,C,,Single carriageway - 2 lanes,30,'T' or staggered junction,Give way sign or markings,Unclassified,,Daylight: no street lighting,Fine (without high winds),Dry,None,None,No overtaking,325920,673480,521565,Junction,Pedestrian,361189,unset,EH11JJ,No crossing facility within 50m or physical crossing facility not controlled by authorised person,Pedestrian phase at traffic signal junction,At scene,55.9486790104,-3.18636718358,"{""type"": ""Feature"",""geometry"": {""type"": ""Point"",""coordinates"": -3.18636718358, 55.9486790104}}"
420210,,Fatal,2,2,12/06/2010,Saturday,12,June,10,14,0,230,Unclassified,,Single carriageway - 2 lanes,60,Not at or within 20 metres of junction,unset,\,,Daylight: no street lighting,Fine (without high winds),Dry,None,None,No overtaking,311580,674750,12230591,Segment,Cyclist,361190,unset,EH299EF,No crossing facility within 50m or physical crossing facility not controlled by authorised person,No physical crossing facility within 50m,At scene,55.9576632316,-3.41636166102,"{""type"": ""Feature"",""geometry"": {""type"": ""Point"",""coordinates"": -3.41636166102, 55.9576632316}}"
420310,,Slight,1,1,12/06/2010,Saturday,12,June,10,11,0,230,Unclassified,,Dual carriageway - 2 lanes,30,Not at or within 20 metres of junction,unset,\,,Daylight: street lights present,Fine (without high winds),Dry,None,None,No overtaking,325540,673920,551196,Segment,Pedestrian,361191,unset,EH22DF,Control by other authorised person,Pedestrian phase at traffic signal junction,Elsewhere,55.9525731882,-3.19257279153,"{""type"": ""Feature"",""geometry"": {""type"": ""Point"",""coordinates"": -3.19257279153, 55.9525731882}}"
420610,,Slight,1,1,01/06/2010,Tuesday,1,June,10,13,20,230,C,,Single carriageway - 2 lanes,30,Not at or within 20 metres of junction,unset,\,,Daylight: street lights present,Fine (without high winds),Dry,None,None,No overtaking,327980,669890,553480,Segment,Pedestrian,361192,unset,EH166BR,No crossing facility within 50m or physical crossing facility not controlled by authorised person,No physical crossing facility within 50m,At scene,55.9167394892,-3.152426729,"{""type"": ""Feature"",""geometry"": {""type"": ""Point"",""coordinates"": -3.152426729, 55.9167394892}}"
420810,,Slight,2,1,12/06/2010,Saturday,12,June,10,19,30,230,A,199,Single carriageway - 2 lanes,30,'T' or staggered junction,Give way sign or markings,Unclassified,,Daylight: no street lighting,Fine (without high winds),Dry,None,None,No overtaking,326830,676630,531337,Junction,T.V.N.P.,361193,unset,EH66EP,No crossing facility within 50m or physical crossing facility not controlled by authorised person,No physical crossing facility within 50m,At scene,55.9771177705,-3.17265277781,"{""type"": ""Feature"",""geometry"": {""type"": ""Point"",""coordinates"": -3.17265277781, 55.9771177705}}"
420910,,Slight,1,1,13/06/2010,Sunday,13,June,10,1,30,230,Unclassified,,Single carriageway - 2 lanes,30,Not at or within 20 metres of junction,unset,\,,Darkness: street lights present and lit,Fine (without high winds),Dry,None,None,No overtaking,323880,676580,570129,Segment,S.V.N.P.,361194,unset,EH52BJ,No crossing facility within 50m or physical crossing facility not controlled by authorised person,No physical crossing facility within 50m,At scene,55.9762098981,-3.21990474044,"{""type"": ""Feature"",""geometry"": {""type"": ""Point"",""coordinates"": -3.21990474044, 55.9762098981}}"
423610,,Slight,2,1,13/06/2010,Sunday,13,June,10,18,47,230,A,8000,Roundabout,30,Roundabout,Give way sign or markings,Unclassified,,Daylight: street lights present,Fine (without high winds),Dry,None,None,No overtaking,312920,677600,10292768,Junction,T.V.N.P.,361195,unset,EH309PA,Control by other authorised person,Pedestrian phase at traffic signal junction,At scene,55.9835098867,-3.3958255968,"{""type"": ""Feature"",""geometry"": {""type"": ""Point"",""coordinates"": -3.3958255968, 55.9835098867}}"
425510,,Slight,1,1,12/06/2010,Saturday,12,June,10,10,0,230,Unclassified,,Single carriageway - 2 lanes,40,Not at or within 20 metres of junction,unset,\,,Daylight: street lights present,Fine (without high winds),Dry,Road suface defective,Other object in carriageway,No overtaking,329100,673770,558104,Segment,Cyclist,361196,unset,EH87PL,No crossing facility within 50m or physical crossing facility not controlled by authorised person,Pedestrian phase at traffic signal junction,At scene,55.9517640576,-3.13552827071,"{""type"": ""Feature"",""geometry"": {""type"": ""Point"",""coordinates"": -3.13552827071, 55.9517640576}}"
426110,,Slight,2,1,13/06/2010,Sunday,13,June,10,14,36,230,A,199,Single carriageway - 2 lanes,30,'T' or staggered junction,Give way sign or markings,Unclassified,,Daylight: street lights present,Fine (without high winds),Dry,None,None,No overtaking,326810,676630,531337,Junction,T.V.N.P.,361197,unset,EH66JD,No crossing facility within 50m or physical crossing facility not controlled by authorised person,"Pelican, puffin, toucan or similar non-junction pedestrian light crossing",At scene,55.9771147217,-3.17297323055,"{""type"": ""Feature"",""geometry"": {""type"": ""Point"",""coordinates"": -3.17297323055, 55.9771147217}}"
426310,,Slight,2,1,14/06/2010,Monday,14,June,10,11,47,230,A,720,Dual carriageway - 2 lanes,70,Not at or within 20 metres of junction,unset,\,,Daylight: street lights present,Fine (without high winds),Dry,None,None,No overtaking,320260,669010,570543,Segment,T.V.N.P.,361198,unset,EH145BP,No crossing facility within 50m or physical crossing facility not controlled by authorised person,No physical crossing facility within 50m,At scene,55.9076164352,-3.27566578852,"{""type"": ""Feature"",""geometry"": {""type"": ""Point"",""coordinates"": -3.27566578852, 55.9076164352}}"
427010,,Serious,2,1,15/06/2010,Tuesday,15,June,10,8,30,230,C,,Single carriageway - 2 lanes,30,Crossroads,Give way sign or markings,Unclassified,,Daylight: street lights present,Fine (without high winds),Dry,None,None,No overtaking,327030,675220,519900,Junction,Cyclist,361199,unset,EH68RT,No crossing facility within 50m or physical crossing facility not controlled by authorised person,No physical crossing facility within 50m,At scene,55.9644808877,-3.16906616566,"{""type"": ""Feature"",""geometry"": {""type"": ""Point"",""coordinates"": -3.16906616566, 55.9644808877}}"
427310,,Slight,2,1,15/06/2010,Tuesday,15,June,10,13,0,230,A,902,Single carriageway - 2 lanes,40,Not at or within 20 metres of junction,unset,\,,Daylight: street lights present,Fine (without high winds),Dry,None,None,No overtaking,318110,672940,566096,Segment,T.V.N.P.,361200,unset,EH128LA,No crossing facility within 50m or physical crossing facility not controlled by authorised person,No physical crossing facility within 50m,At scene,55.9425606228,-3.31124276465,"{""type"": ""Feature"",""geometry"": {""type"": ""Point"",""coordinates"": -3.31124276465, 55.9425606228}}"
428010,,Slight,1,1,15/06/2010,Tuesday,15,June,10,8,30,230,Unclassified,,Single carriageway - 2 lanes,30,Not at or within 20 metres of junction,unset,\,,Daylight: street lights present,Fine (without high winds),Dry,None,None,No overtaking,312150,672620,12231263,Segment,S.V.N.P.,350563,unset,EH288SS,No crossing facility within 50m or physical crossing facility not controlled by authorised person,No physical crossing facility within 50m,Elsewhere,55.938633769,-3.40654030778,"{""type"": ""Feature"",""geometry"": {""type"": ""Point"",""coordinates"": -3.40654030778, 55.938633769}}"
428210,,Slight,2,1,15/06/2010,Tuesday,15,June,10,18,9,230,A,900,Single carriageway - 2 lanes,30,Not at or within 20 metres of junction,unset,\,,Daylight: street lights present,Fine (without high winds),Dry,None,None,No overtaking,326730,675430,558479,Segment,T.V.N.P.,361201,unset,EH68NY,No crossing facility within 50m or physical crossing facility not controlled by authorised person,No physical crossing facility within 50m,At scene,55.9663218372,-3.17392850996,"{""type"": ""Feature"",""geometry"": {""type"": ""Point"",""coordinates"": -3.17392850996, 55.9663218372}}"
429310,,Slight,1,1,15/06/2010,Tuesday,15,June,10,18,40,230,A,1140,Single carriageway - 2 lanes,30,'T' or staggered junction,Give way sign or markings,Unclassified,,Daylight: street lights present,Fine (without high winds),Dry,None,None,No overtaking,329050,674250,523440,Junction,Bus,361202,unset,EH76RS,No crossing facility within 50m or physical crossing facility not controlled by authorised person,No physical crossing facility within 50m,Elsewhere,55.9560690199,-3.1364552238,"{""type"": ""Feature"",""geometry"": {""type"": ""Point"",""coordinates"": -3.1364552238, 55.9560690199}}"
430110,,Slight,1,1,16/06/2010,Wednesday,16,June,10,15,10,230,Unclassified,,Single carriageway - 2 lanes,30,'T' or staggered junction,Give way sign or markings,Unclassified,,Daylight: street lights present,Fine (without high winds),Dry,None,None,No overtaking,323510,676540,522864,Junction,Pedestrian,361203,unset,EH52DA,No crossing facility within 50m or physical crossing facility not controlled by authorised person,No physical crossing facility within 50m,At scene,55.9757917414,-3.22582149897,"{""type"": ""Feature"",""geometry"": {""type"": ""Point"",""coordinates"": -3.22582149897, 55.9757917414}}"
431510,,Slight,2,1,17/06/2010,Thursday,17,June,10,13,35,230,Unclassified,,Dual carriageway - 2 lanes,40,Not at or within 20 metres of junction,unset,\,,Daylight: street lights present,Fine (without high winds),Dry,None,None,No overtaking,312770,672650,550499,Segment,T.V.N.P.,361204,unset,EH288LH,No crossing facility within 50m or physical crossing facility not controlled by authorised person,No physical crossing facility within 50m,At scene,55.9390161558,-3.39662669806,"{""type"": ""Feature"",""geometry"": {""type"": ""Point"",""coordinates"": -3.39662669806, 55.9390161558}}"
432310,,Slight,2,1,17/06/2010,Thursday,17,June,10,19,20,230,A,900,Dual carriageway - 2 lanes,30,Roundabout,Give way sign or markings,Unclassified,,Daylight: street lights present,Fine (without high winds),Dry,None,None,No overtaking,326120,674500,520242,Junction,Bus,361205,unset,EH13NH,Control by other authorised person,"Pelican, puffin, toucan or similar non-junction pedestrian light crossing",At scene,55.9578733744,-3.18344455292,"{""type"": ""Feature"",""geometry"": {""type"": ""Point"",""coordinates"": -3.18344455292, 55.9578733744}}"
435810,,Slight,1,1,19/06/2010,Saturday,19,June,10,0,10,230,A,1,Single carriageway - 2 lanes,30,Crossroads,Automatic Traffic Signal,A,1,Darkness: street lights present and lit,Fine (without high winds),Dry,None,None,No overtaking,328320,674140,523374,Junction,Pedestrian,361206,unset,EH87AB,No crossing facility within 50m or physical crossing facility not controlled by authorised person,No physical crossing facility within 50m,At scene,55.9549724217,-3.1481162591,"{""type"": ""Feature"",""geometry"": {""type"": ""Point"",""coordinates"": -3.1481162591, 55.9549724217}}"
437810,,Slight,1,1,19/06/2010,Saturday,19,June,10,22,45,230,A,7,Single carriageway - 2 lanes,30,Crossroads,Automatic Traffic Signal,Unclassified,,Daylight: street lights present,Fine (without high winds),Dry,None,None,No overtaking,325950,673630,521103,Junction,Pedestrian,361207,unset,EH11LL,Control by other authorised person,Pedestrian phase at traffic signal junction,Elsewhere,55.9500312182,-3.18592805154,"{""type"": ""Feature"",""geometry"": {""type"": ""Point"",""coordinates"": -3.18592805154, 55.9500312182}}"
437910,,Slight,3,1,19/06/2010,Saturday,19,June,10,19,30,230,Unclassified,,Single carriageway - 2 lanes,30,Not at or within 20 metres of junction,unset,\,,Daylight: street lights present,Fine (without high winds),Dry,None,None,No overtaking,321160,674370,565685,Segment,M.V.N.P.,361208,unset,EH43PE,No crossing facility within 50m or physical crossing facility not controlled by authorised person,No physical crossing facility within 50m,At scene,55.9559171452,-3.26283711138,"{""type"": ""Feature"",""geometry"": {""type"": ""Point"",""coordinates"": -3.26283711138, 55.9559171452}}"
440310,,Serious,1,1,21/06/2010,Monday,21,June,10,11,15,230,A,8,Unknown,30,Not at or within 20 metres of junction,unset,\,,Daylight: street lighting unknown,Fine (without high winds),Dry,None,None,No overtaking,320650,672810,550716,Segment,S.V.N.P.,361209,unset,EH126TS,No crossing facility within 50m or physical crossing facility not controlled by authorised person,No physical crossing facility within 50m,Elsewhere,55.9418187534,-3.27054485029,"{""type"": ""Feature"",""geometry"": {""type"": ""Point"",""coordinates"": -3.27054485029, 55.9418187534}}"
441810,,Slight,1,1,22/06/2010,Tuesday,22,June,10,4,45,230,A,901,Single carriageway - 2 lanes,30,Not at or within 20 metres of junction,unset,\,,Daylight: no street lighting,Fine (without high winds),Dry,None,None,No overtaking,326000,676940,558755,Segment,S.V.N.P.,361210,unset,EH64JG,No crossing facility within 50m or physical crossing facility not controlled by authorised person,No physical crossing facility within 50m,At scene,55.9797755427,-3.18603674458,"{""type"": ""Feature"",""geometry"": {""type"": ""Point"",""coordinates"": -3.18603674458, 55.9797755427}}"
442310,,Slight,2,1,22/06/2010,Tuesday,22,June,10,7,50,230,A,720,Dual carriageway - 2 lanes,60,Not at or within 20 metres of junction,unset,\,,Daylight: no street lighting,Fine (without high winds),Dry,None,None,No overtaking,323840,667970,570534,Segment,T.V.N.P.,361211,unset,EH107DS,No crossing facility within 50m or physical crossing facility not controlled by authorised person,No physical crossing facility within 50m,Elsewhere,55.8988530125,-3.21811562352,"{""type"": ""Feature"",""geometry"": {""type"": ""Point"",""coordinates"": -3.21811562352, 55.8988530125}}"
443210,,Slight,2,1,25/05/2010,Tuesday,25,May,10,11,55,230,B,701,Dual carriageway - 2 lanes,40,'T' or staggered junction,Automatic Traffic Signal,Unclassified,,Daylight: street lights present,Fine (without high winds),Dry,None,None,No overtaking,319620,669920,12201408,Junction,T.V.N.P.,337508,unset,EH142RU,Control by other authorised person,"Pelican, puffin, toucan or similar non-junction pedestrian light crossing",At scene,55.9156850688,-3.2861721161,"{""type"": ""Feature"",""geometry"": {""type"": ""Point"",""coordinates"": -3.2861721161, 55.9156850688}}"
444310,,Slight,1,1,23/06/2010,Wednesday,23,June,10,0,20,230,A,90,Single carriageway - 2 lanes,30,'T' or staggered junction,Automatic Traffic Signal,A,8,Darkness: street lights present and lit,Fine (without high winds),Dry,None,None,No overtaking,324790,673730,520932,Junction,Cyclist,361212,unset,EH24AX,No crossing facility within 50m or physical crossing facility not controlled by authorised person,"Pelican, puffin, toucan or similar non-junction pedestrian light crossing",At scene,55.9507494551,-3.20452903443,"{""type"": ""Feature"",""geometry"": {""type"": ""Point"",""coordinates"": -3.20452903443, 55.9507494551}}"
445110,,Slight,2,1,21/06/2010,Monday,21,June,10,20,25,230,A,71,Single carriageway - 2 lanes,50,'T' or staggered junction,Give way sign or markings,Unclassified,,Daylight: street lights present,Fine (without high winds),Dry,None,None,No overtaking,314560,669180,517744,Junction,T.V.N.P.,361213,unset,EH278EB,No crossing facility within 50m or physical crossing facility not controlled by authorised person,No physical crossing facility within 50m,At scene,55.90816556,-3.36687885914,"{""type"": ""Feature"",""geometry"": {""type"": ""Point"",""coordinates"": -3.36687885914, 55.90816556}}"
445210,,Serious,1,1,18/06/2010,Friday,18,June,10,13,0,230,C,,Single carriageway - 2 lanes,30,'T' or staggered junction,Give way sign or markings,Unclassified,,Daylight: street lights present,Fine (without high winds),Dry,None,None,No overtaking,326200,672500,532732,Junction,Pedestrian,361214,unset,EH91ND,No crossing facility within 50m or physical crossing facility not controlled by authorised person,No physical crossing facility within 50m,At scene,55.939917852,-3.18161601938,"{""type"": ""Feature"",""geometry"": {""type"": ""Point"",""coordinates"": -3.18161601938, 55.939917852}}"
446110,,Slight,2,1,23/06/2010,Wednesday,23,June,10,8,45,230,C,,Single carriageway - 2 lanes,30,Not at or within 20 metres of junction,unset,\,,Daylight: street lights present,Fine (without high winds),Dry,None,None,No overtaking,325990,672080,566264,Segment,T.V.N.P.,361215,unset,EH91UF,Control by school crossing patrol,Pedestrian phase at traffic signal junction,At scene,55.9361123237,-3.18486234013,"{""type"": ""Feature"",""geometry"": {""type"": ""Point"",""coordinates"": -3.18486234013, 55.9361123237}}"
446610,,Serious,3,1,23/06/2010,Wednesday,23,June,10,8,10,230,A,7,Single carriageway - 2 lanes,30,'T' or staggered junction,Give way sign or markings,Unclassified,,Daylight: street lights present,Fine (without high winds),Dry,None,None,No overtaking,328210,670660,530083,Junction,M.V.N.P.,361216,unset,EH165RH,Control by other authorised person,"Pelican, puffin, toucan or similar non-junction pedestrian light crossing",At scene,55.9236915847,-3.1489518451,"{""type"": ""Feature"",""geometry"": {""type"": ""Point"",""coordinates"": -3.1489518451, 55.9236915847}}"
447110,,Slight,2,1,23/06/2010,Wednesday,23,June,10,9,20,230,Unclassified,,Single carriageway - 2 lanes,30,'T' or staggered junction,Automatic Traffic Signal,A,702,Daylight: street lights present,Fine (without high winds),Dry,None,None,No overtaking,324500,671930,522291,Junction,T.V.N.P.,361217,unset,EH104DH,Control by other authorised person,Pedestrian phase at traffic signal junction,Elsewhere,55.9345330859,-3.20866860817,"{""type"": ""Feature"",""geometry"": {""type"": ""Point"",""coordinates"": -3.20866860817, 55.9345330859}}"
447210,,Slight,2,1,23/06/2010,Wednesday,23,June,10,14,30,230,C,,Single carriageway - 2 lanes,30,'T' or staggered junction,Automatic Traffic Signal,C,,Daylight: street lights present,Fine (without high winds),Dry,None,None,No overtaking,325930,674380,520599,Junction,Bus,361218,unset,EH13JG,Control by other authorised person,Pedestrian phase at traffic signal junction,Elsewhere,55.9567660521,-3.18645434965,"{""type"": ""Feature"",""geometry"": {""type"": ""Point"",""coordinates"": -3.18645434965, 55.9567660521}}"
447310,,Slight,2,1,23/06/2010,Wednesday,23,June,10,14,20,230,A,900,Single carriageway - 2 lanes,30,Not at or within 20 metres of junction,unset,\,,Daylight: street lights present,Fine (without high winds),Dry,None,None,No overtaking,327010,675940,558521,Segment,T.V.N.P.,361219,unset,EH67AA,No crossing facility within 50m or physical crossing facility not controlled by authorised person,No physical crossing facility within 50m,Elsewhere,55.9709462724,-3.16958163484,"{""type"": ""Feature"",""geometry"": {""type"": ""Point"",""coordinates"": -3.16958163484, 55.9709462724}}"