acc_ref,beat_no,severity,no_vehicle,no_casualt,a_date,a_day,a_date_day,a_date_mon,a_date_yr,a_time_hr,a_time_min,loc_auth,road1_class,road1_no,road_type,speed_limi,junc_det,junc_ctrl,road2_class,road2_no,light_cond,weather,road_surf,spec_cond,cway_hzrds,ovrtk_patrn,easting,northing,net_id,net_type,acc_type,text_id,division,Postcode,ped_xing_hc,ped_xing_p,place_reported,latitude,longitude,geojson
514010,,Slight,2,1,16/07/2010,Friday,16,July,10,18,36,230,Unclassified,,Single carriageway - 2 lanes,30,Not at or within 20 metres of junction,unset,\,,Daylight: street lights present,Fine (without high winds),Dry,None,None,No overtaking,325780,676270,563619,Segment,T.V.N.P.,361444,unset,EH64NW,No crossing facility within 50m or physical crossing facility not controlled by authorised person,No physical crossing facility within 50m,At scene,55.9737224017,-3.18937721057,"{""type"": ""Feature"",""geometry"": {""type"": ""Point"",""coordinates"": -3.18937721057, 55.9737224017}}"
515410,,Slight,1,1,18/07/2010,Sunday,18,July,10,19,12,230,A,71,Single carriageway - 2 lanes,30,Not at or within 20 metres of junction,unset,\,,Daylight: street lights present,Fine (without high winds),Dry,None,None,No overtaking,322160,671780,549749,Segment,Bus,361445,unset,EH113BQ,No crossing facility within 50m or physical crossing facility not controlled by authorised person,No physical crossing facility within 50m,At scene,55.9328124145,-3.24607626,"{""type"": ""Feature"",""geometry"": {""type"": ""Point"",""coordinates"": -3.24607626, 55.9328124145}}"
517910,,Slight,2,1,18/07/2010,Sunday,18,July,10,23,0,230,C,,Single carriageway - 2 lanes,30,Crossroads,Give way sign or markings,Unclassified,,Darkness: street lights present and lit,Raining (without high winds),Dry,None,None,No overtaking,326990,675000,519864,Junction,Cyclist,361446,unset,EH75NA,Control by other authorised person,Pedestrian phase at traffic signal junction,Elsewhere,55.962498345,-3.16964724253,"{""type"": ""Feature"",""geometry"": {""type"": ""Point"",""coordinates"": -3.16964724253, 55.962498345}}"
519810,,Slight,1,3,20/07/2010,Tuesday,20,July,10,16,45,230,A,701,Single carriageway - 2 lanes,30,'T' or staggered junction,Give way sign or markings,Unclassified,,Daylight: street lights present,Fine (without high winds),Dry,None,None,No overtaking,327390,669230,530188,Junction,S.V.N.P.,361447,unset,EH166JU,No crossing facility within 50m or physical crossing facility not controlled by authorised person,No physical crossing facility within 50m,At scene,55.9107213586,-3.16168810807,"{""type"": ""Feature"",""geometry"": {""type"": ""Point"",""coordinates"": -3.16168810807, 55.9107213586}}"
520010,,Slight,3,1,16/07/2010,Friday,16,July,10,13,47,230,A,720,Dual carriageway - 2 lanes,70,Not at or within 20 metres of junction,unset,\,,Daylight: no street lighting,Fine (without high winds),Dry,None,None,No overtaking,318660,670270,2582067,Segment,M.V.N.P.,361448,unset,EH144AW,No crossing facility within 50m or physical crossing facility not controlled by authorised person,No physical crossing facility within 50m,At scene,55.9186679872,-3.30163414807,"{""type"": ""Feature"",""geometry"": {""type"": ""Point"",""coordinates"": -3.30163414807, 55.9186679872}}"
520110,,Slight,2,2,20/07/2010,Tuesday,20,July,10,18,5,230,A,7,Single carriageway - 2 lanes,30,Not at or within 20 metres of junction,unset,\,,Daylight: street lighting unknown,Fine (without high winds),Dry,None,None,No overtaking,327480,671380,568090,Segment,T.V.N.P.,361449,unset,EH165DT,No crossing facility within 50m or physical crossing facility not controlled by authorised person,No physical crossing facility within 50m,At scene,55.9300505706,-3.16082569699,"{""type"": ""Feature"",""geometry"": {""type"": ""Point"",""coordinates"": -3.16082569699, 55.9300505706}}"
521910,,Slight,3,2,20/07/2010,Tuesday,20,July,10,16,30,230,Unclassified,,Single carriageway - 2 lanes,30,Crossroads,Automatic Traffic Signal,Unclassified,,Daylight: street lights present,Fine (without high winds),Dry,None,None,No overtaking,328800,671640,523773,Junction,M.V.N.P.,361450,unset,EH164AJ,Control by other authorised person,Pedestrian phase at traffic signal junction,Elsewhere,55.9325836687,-3.13976981107,"{""type"": ""Feature"",""geometry"": {""type"": ""Point"",""coordinates"": -3.13976981107, 55.9325836687}}"
522410,,Slight,2,1,21/07/2010,Wednesday,21,July,10,15,45,230,C,,Single carriageway - 2 lanes,30,'T' or staggered junction,Give way sign or markings,Unclassified,,Daylight: street lights present,Raining (without high winds),Dry,None,None,No overtaking,326860,674170,520695,Junction,T.V.N.P.,361451,unset,EH88EJ,No crossing facility within 50m or physical crossing facility not controlled by authorised person,No physical crossing facility within 50m,At scene,55.9550219073,-3.17150413644,"{""type"": ""Feature"",""geometry"": {""type"": ""Point"",""coordinates"": -3.17150413644, 55.9550219073}}"
522510,,Slight,2,1,21/07/2010,Wednesday,21,July,10,17,5,230,Unclassified,,Single carriageway - 2 lanes,30,Crossroads,Give way sign or markings,Unclassified,,Daylight: street lights present,Raining (without high winds),Dry,None,None,No overtaking,325740,674440,12222930,Junction,T.V.N.P.,361452,unset,EH13QN,No crossing facility within 50m or physical crossing facility not controlled by authorised person,No physical crossing facility within 50m,At scene,55.9572757541,-3.18951356738,"{""type"": ""Feature"",""geometry"": {""type"": ""Point"",""coordinates"": -3.18951356738, 55.9572757541}}"
522810,,Serious,2,1,21/07/2010,Wednesday,21,July,10,15,40,230,Unclassified,,Single carriageway - 2 lanes,30,Not at or within 20 metres of junction,unset,\,,Daylight: street lights present,Raining (without high winds),Dry,None,None,No overtaking,327640,675900,554672,Segment,T.V.N.P.,361453,unset,EH67ES,No crossing facility within 50m or physical crossing facility not controlled by authorised person,No physical crossing facility within 50m,At scene,55.9706822649,-3.15947818916,"{""type"": ""Feature"",""geometry"": {""type"": ""Point"",""coordinates"": -3.15947818916, 55.9706822649}}"
523610,,Slight,3,1,18/07/2010,Sunday,18,July,10,18,50,230,Unclassified,,Single carriageway - 2 lanes,30,Other junction,Give way sign or markings,Unclassified,,Daylight: no street lighting,Fine (without high winds),Dry,None,None,No overtaking,329200,674990,523359,Junction,M.V.N.P.,361454,unset,EH76RQ,No crossing facility within 50m or physical crossing facility not controlled by authorised person,No physical crossing facility within 50m,At scene,55.9627393413,-3.13424752168,"{""type"": ""Feature"",""geometry"": {""type"": ""Point"",""coordinates"": -3.13424752168, 55.9627393413}}"
523810,,Slight,2,2,21/07/2010,Wednesday,21,July,10,19,10,230,A,702,Single carriageway - 2 lanes,30,Crossroads,Automatic Traffic Signal,C,,Daylight: no street lighting,Raining (without high winds),Dry,None,None,No overtaking,324830,673080,521403,Junction,T.V.N.P.,361455,unset,EH39BG,Control by other authorised person,"Pelican, puffin, toucan or similar non-junction pedestrian light crossing",At scene,55.9449162184,-3.20370738903,"{""type"": ""Feature"",""geometry"": {""type"": ""Point"",""coordinates"": -3.20370738903, 55.9449162184}}"
523910,,Slight,1,1,20/07/2010,Tuesday,20,July,10,15,30,230,Unclassified,,One way Street,30,Not at or within 20 metres of junction,unset,\,,Daylight: street lights present,Fine (without high winds),Dry,None,None,No overtaking,314950,673650,6454438,Segment,Bus,361456,unset,EH129DN,Control by other authorised person,Zebra crossing,Elsewhere,55.9483900475,-3.36204956351,"{""type"": ""Feature"",""geometry"": {""type"": ""Point"",""coordinates"": -3.36204956351, 55.9483900475}}"
525710,,Slight,2,1,22/07/2010,Thursday,22,July,10,18,45,230,Unclassified,,Single carriageway - 2 lanes,30,Roundabout,Give way sign or markings,Unclassified,,Daylight: street lights present,Fine (without high winds),Dry,None,None,No overtaking,326180,674500,520236,Junction,T.V.N.P.,361457,unset,EH75DX,Control by other authorised person,"Pelican, puffin, toucan or similar non-junction pedestrian light crossing",Elsewhere,55.9578825977,-3.18248367505,"{""type"": ""Feature"",""geometry"": {""type"": ""Point"",""coordinates"": -3.18248367505, 55.9578825977}}"
525810,,Slight,2,1,22/07/2010,Thursday,22,July,10,16,50,230,A,70,Single carriageway - 2 lanes,30,Not at or within 20 metres of junction,unset,\,,Daylight: street lights present,Fine (without high winds),Dry,None,None,No overtaking,322180,670790,561790,Segment,T.V.N.P.,361458,unset,EH141TQ,No crossing facility within 50m or physical crossing facility not controlled by authorised person,Pedestrian phase at traffic signal junction,At scene,55.9239217614,-3.24547085087,"{""type"": ""Feature"",""geometry"": {""type"": ""Point"",""coordinates"": -3.24547085087, 55.9239217614}}"
525910,,Slight,1,1,22/07/2010,Thursday,22,July,10,18,50,230,A,702,Single carriageway - 2 lanes,30,'T' or staggered junction,Give way sign or markings,Unclassified,,Daylight: street lights present,Fine (without high winds),Dry,None,None,No overtaking,324530,670930,529837,Junction,Bus,361459,unset,EH104RP,No crossing facility within 50m or physical crossing facility not controlled by authorised person,No physical crossing facility within 50m,Elsewhere,55.9255539443,-3.20790892264,"{""type"": ""Feature"",""geometry"": {""type"": ""Point"",""coordinates"": -3.20790892264, 55.9255539443}}"
526210,,Slight,1,1,21/07/2010,Wednesday,21,July,10,17,20,230,A,8,Single carriageway - 2 lanes,30,'T' or staggered junction,Automatic Traffic Signal,C,,Daylight: no street lighting,Raining (without high winds),Dry,None,None,No overtaking,325220,673830,521055,Junction,Bus,361460,unset,EH22ER,Control by other authorised person,Pedestrian phase at traffic signal junction,Elsewhere,55.9517149477,-3.19767178339,"{""type"": ""Feature"",""geometry"": {""type"": ""Point"",""coordinates"": -3.19767178339, 55.9517149477}}"
528910,,Slight,4,8,24/07/2010,Saturday,24,July,10,12,30,230,Motorway,9,Dual carriageway - 2 lanes,70,Not at or within 20 metres of junction,unset,\,,Daylight: no street lighting,Fine (without high winds),Dry,None,None,No overtaking,311740,674260,562735,Segment,M.V.N.P.,361461,unset,EH299EF,No crossing facility within 50m or physical crossing facility not controlled by authorised person,No physical crossing facility within 50m,At scene,55.953290945,-3.41363912535,"{""type"": ""Feature"",""geometry"": {""type"": ""Point"",""coordinates"": -3.41363912535, 55.953290945}}"
530710,,Serious,2,1,25/07/2010,Sunday,25,July,10,12,40,230,Unclassified,,Single carriageway - 2 lanes,30,'T' or staggered junction,Automatic Traffic Signal,Unclassified,,Daylight: no street lighting,Fine (without high winds),Dry,None,None,No overtaking,323440,675820,519409,Junction,Bus,361462,unset,EH52DH,Control by other authorised person,Pedestrian phase at traffic signal junction,At scene,55.9693123007,-3.22673829733,"{""type"": ""Feature"",""geometry"": {""type"": ""Point"",""coordinates"": -3.22673829733, 55.9693123007}}"
530810,,Slight,2,3,25/07/2010,Sunday,25,July,10,11,0,230,A,1,Single carriageway - 2 lanes,30,Crossroads,Automatic Traffic Signal,C,,Daylight: street lights present,Raining (without high winds),Dry,None,None,No overtaking,329200,673080,523614,Junction,T.V.N.P.,361463,unset,EH151SU,Control by other authorised person,Pedestrian phase at traffic signal junction,At scene,55.9455797992,-3.13374587053,"{""type"": ""Feature"",""geometry"": {""type"": ""Point"",""coordinates"": -3.13374587053, 55.9455797992}}"
531510,,Slight,2,1,25/07/2010,Sunday,25,July,10,14,55,230,Unclassified,,Roundabout,30,Roundabout,Give way sign or markings,C,,Daylight: street lights present,Fine (without high winds),Dry,None,None,No overtaking,322220,672040,521940,Junction,Cyclist,361464,unset,EH113BQ,No crossing facility within 50m or physical crossing facility not controlled by authorised person,No physical crossing facility within 50m,At scene,55.9351578906,-3.24519094819,"{""type"": ""Feature"",""geometry"": {""type"": ""Point"",""coordinates"": -3.24519094819, 55.9351578906}}"
532710,,Slight,1,1,26/07/2010,Monday,26,July,10,10,25,230,A,900,Roundabout,30,Roundabout,Give way sign or markings,C,,Daylight: street lights present,Fine (without high winds),Dry,None,None,No overtaking,325990,674350,520620,Junction,Bus,361465,unset,EH13JT,Control by other authorised person,"Pelican, puffin, toucan or similar non-junction pedestrian light crossing",At scene,55.9565057821,-3.18548526241,"{""type"": ""Feature"",""geometry"": {""type"": ""Point"",""coordinates"": -3.18548526241, 55.9565057821}}"
533110,,Slight,2,1,26/07/2010,Monday,26,July,10,8,30,230,Unclassified,,Single carriageway - 2 lanes,30,Not at or within 20 metres of junction,unset,\,,Daylight: street lights present,Fine (without high winds),Dry,None,None,No overtaking,326590,670780,564331,Segment,Cyclist,361466,unset,EH93JF,No crossing facility within 50m or physical crossing facility not controlled by authorised person,No physical crossing facility within 50m,At scene,55.9245251611,-3.17490543738,"{""type"": ""Feature"",""geometry"": {""type"": ""Point"",""coordinates"": -3.17490543738, 55.9245251611}}"
534510,,Slight,1,1,26/07/2010,Monday,26,July,10,15,55,230,Unclassified,,Single carriageway - 2 lanes,30,Not at or within 20 metres of junction,unset,\,,Daylight: street lighting unknown,Unknown,Dry,None,None,No overtaking,323680,669120,564896,Segment,Pedestrian,361467,unset,EH139HX,No crossing facility within 50m or physical crossing facility not controlled by authorised person,No physical crossing facility within 50m,At scene,55.9091591009,-3.22099859342,"{""type"": ""Feature"",""geometry"": {""type"": ""Point"",""coordinates"": -3.22099859342, 55.9091591009}}"
536210,,Slight,2,1,27/07/2010,Tuesday,27,July,10,16,45,230,Unclassified,,Dual carriageway - 2 lanes,30,Roundabout,Give way sign or markings,A,199,Daylight: street lights present,Fine (without high winds),Dry,None,None,No overtaking,329990,674380,530851,Junction,T.V.N.P.,361468,unset,EH76TH,Control by other authorised person,Pedestrian phase at traffic signal junction,At scene,55.9573748471,-3.12143562764,"{""type"": ""Feature"",""geometry"": {""type"": ""Point"",""coordinates"": -3.12143562764, 55.9573748471}}"
537210,,Slight,2,2,27/07/2010,Tuesday,27,July,10,12,5,230,Unclassified,,Single carriageway - 2 lanes,30,Crossroads,Give way sign or markings,Unclassified,,Daylight: no street lighting,Fine (without high winds),Dry,None,None,No overtaking,311540,677850,517426,Junction,T.V.N.P.,361469,unset,EH309SW,No crossing facility within 50m or physical crossing facility not controlled by authorised person,No physical crossing facility within 50m,Elsewhere,55.985503284,-3.41802057129,"{""type"": ""Feature"",""geometry"": {""type"": ""Point"",""coordinates"": -3.41802057129, 55.985503284}}"
537910,,Serious,1,1,26/07/2010,Monday,26,July,10,11,57,230,Unclassified,,One way Street,30,Not at or within 20 metres of junction,unset,\,,Daylight: street lights present,Fine (without high winds),Dry,None,None,No overtaking,325540,673490,567186,Segment,Pedestrian,361470,unset,EH12HE,No crossing facility within 50m or physical crossing facility not controlled by authorised person,No physical crossing facility within 50m,Elsewhere,55.9487101232,-3.19245404307,"{""type"": ""Feature"",""geometry"": {""type"": ""Point"",""coordinates"": -3.19245404307, 55.9487101232}}"
538410,,Slight,1,2,28/07/2010,Wednesday,28,July,10,12,25,230,B,1350,Single carriageway - 2 lanes,30,Not at or within 20 metres of junction,unset,\,,Daylight: street lights present,Fine (without high winds),Dry,None,None,No overtaking,326310,674500,557668,Segment,Bus,361471,unset,EH75DX,No crossing facility within 50m or physical crossing facility not controlled by authorised person,No physical crossing facility within 50m,Elsewhere,55.9579025557,-3.18040177109,"{""type"": ""Feature"",""geometry"": {""type"": ""Point"",""coordinates"": -3.18040177109, 55.9579025557}}"
538510,,Slight,3,2,28/07/2010,Wednesday,28,July,10,8,0,230,A,6106,Single carriageway - 2 lanes,30,Other junction,Give way sign or markings,Unclassified,,Daylight: street lights present,Fine (without high winds),Dry,None,None,No overtaking,330450,672470,523767,Junction,M.V.N.P.,361472,unset,EH153LJ,No crossing facility within 50m or physical crossing facility not controlled by authorised person,No physical crossing facility within 50m,Elsewhere,55.9402819855,-3.11357618839,"{""type"": ""Feature"",""geometry"": {""type"": ""Point"",""coordinates"": -3.11357618839, 55.9402819855}}"
540110,,Slight,1,1,29/07/2010,Thursday,29,July,10,11,15,230,Unclassified,,Single carriageway - 2 lanes,30,Not at or within 20 metres of junction,unset,\,,Daylight: street lights present,Fine (without high winds),Dry,None,None,No overtaking,326480,676870,0,Unset,Bus,361473,unset,EH66NL,Control by other authorised person,Pedestrian phase at traffic signal junction,Elsewhere,55.9792204282,-3.17832624755,"{""type"": ""Feature"",""geometry"": {""type"": ""Point"",""coordinates"": -3.17832624755, 55.9792204282}}"
540610,,Slight,2,1,25/07/2010,Sunday,25,July,10,14,30,230,A,772,Single carriageway - 2 lanes,30,Crossroads,Automatic Traffic Signal,C,,Daylight: street lights present,Fine (without high winds),Dry,None,None,No overtaking,328060,669950,530179,Junction,T.V.N.P.,361474,unset,EH165UR,Control by other authorised person,Pedestrian phase at traffic signal junction,At scene,55.9172905004,-3.1511628759,"{""type"": ""Feature"",""geometry"": {""type"": ""Point"",""coordinates"": -3.1511628759, 55.9172905004}}"
540810,,Slight,2,3,29/07/2010,Thursday,29,July,10,11,10,230,Unclassified,,Single carriageway - 2 lanes,30,Mini-roundabout,Give way sign or markings,Unclassified,,Daylight: street lights present,Fine (without high winds),Dry,None,None,No overtaking,320560,675440,519753,Junction,T.V.N.P.,361475,unset,EH45BY,Control by other authorised person,Zebra crossing,At scene,55.9654307521,-3.27276053884,"{""type"": ""Feature"",""geometry"": {""type"": ""Point"",""coordinates"": -3.27276053884, 55.9654307521}}"
541310,,Slight,2,1,30/07/2010,Friday,30,July,10,7,0,230,A,702,Single carriageway - 2 lanes,30,Multiple junction,Automatic Traffic Signal,Unclassified,,Daylight: street lights present,Fine (without high winds),Dry,None,None,No overtaking,324900,672960,533374,Junction,Cyclist,361476,unset,EH39LY,Control by other authorised person,Pedestrian phase at traffic signal junction,Elsewhere,55.943849099,-3.20255333669,"{""type"": ""Feature"",""geometry"": {""type"": ""Point"",""coordinates"": -3.20255333669, 55.943849099}}"
542710,,Slight,3,1,30/07/2010,Friday,30,July,10,7,40,230,Motorway,8,Dual carriageway - 2 lanes,70,Not at or within 20 metres of junction,unset,\,,Daylight: no street lighting,Fine (without high winds),Dry,None,None,No overtaking,317830,670750,6452850,Segment,M.V.N.P.,361477,unset,EH129BU,No crossing facility within 50m or physical crossing facility not controlled by authorised person,No physical crossing facility within 50m,At scene,55.9228390278,-3.31505821968,"{""type"": ""Feature"",""geometry"": {""type"": ""Point"",""coordinates"": -3.31505821968, 55.9228390278}}"
543310,,Slight,2,1,30/07/2010,Friday,30,July,10,12,40,230,A,90,Single carriageway - 2 lanes,40,Not at or within 20 metres of junction,unset,\,,Daylight: no street lighting,Fine (without high winds),Dry,None,None,No overtaking,321460,674950,555672,Segment,T.V.N.P.,361478,unset,EH45DB,No crossing facility within 50m or physical crossing facility not controlled by authorised person,"Pelican, puffin, toucan or similar non-junction pedestrian light crossing",At scene,55.9611767916,-3.25820213342,"{""type"": ""Feature"",""geometry"": {""type"": ""Point"",""coordinates"": -3.25820213342, 55.9611767916}}"
543510,,Slight,2,1,30/07/2010,Friday,30,July,10,11,10,230,A,8,Single carriageway - 2 lanes,30,'T' or staggered junction,Give way sign or markings,Unclassified,,Daylight: street lights present,Fine (without high winds),Dry,None,None,No overtaking,319770,672970,521700,Junction,Cyclist,361479,unset,EH128AY,No crossing facility within 50m or physical crossing facility not controlled by authorised person,No physical crossing facility within 50m,Elsewhere,55.9431100587,-3.2846789518,"{""type"": ""Feature"",""geometry"": {""type"": ""Point"",""coordinates"": -3.2846789518, 55.9431100587}}"
543710,,Slight,2,1,29/07/2010,Thursday,29,July,10,12,9,230,A,71,Single carriageway - 2 lanes,30,Not at or within 20 metres of junction,unset,\,,Daylight: street lighting unknown,Fine (without high winds),Dry,None,None,No overtaking,322790,672220,549713,Segment,T.V.N.P.,361480,unset,EH112QZ,No crossing facility within 50m or physical crossing facility not controlled by authorised person,Pedestrian phase at traffic signal junction,At scene,55.9368668328,-3.23611963171,"{""type"": ""Feature"",""geometry"": {""type"": ""Point"",""coordinates"": -3.23611963171, 55.9368668328}}"
543910,,Slight,1,1,27/07/2010,Tuesday,27,July,10,13,50,230,C,,Single carriageway - 2 lanes,30,Other junction,Give way sign or markings,Unclassified,,Daylight: no street lighting,Fine (without high winds),Dry,None,None,No overtaking,324330,672810,521835,Junction,Bus,361481,unset,EH111AL,No crossing facility within 50m or physical crossing facility not controlled by authorised person,No physical crossing facility within 50m,Elsewhere,55.9424121308,-3.2116362088,"{""type"": ""Feature"",""geometry"": {""type"": ""Point"",""coordinates"": -3.2116362088, 55.9424121308}}"
544110,,Slight,2,1,30/07/2010,Friday,30,July,10,21,0,230,Unclassified,,Single carriageway - 2 lanes,30,Not at or within 20 metres of junction,unset,\,,Daylight: street lights present,Fine (without high winds),Dry,None,None,No overtaking,325470,676190,563577,Segment,Cyclist,361482,unset,EH64ST,Control by other authorised person,Pedestrian phase at traffic signal junction,Elsewhere,55.9729556743,-3.19432161074,"{""type"": ""Feature"",""geometry"": {""type"": ""Point"",""coordinates"": -3.19432161074, 55.9729556743}}"
544410,,Slight,1,1,30/07/2010,Friday,30,July,10,22,25,230,Unclassified,,Single carriageway - 2 lanes,30,'T' or staggered junction,Give way sign or markings,Unclassified,,Darkness: street lights present and lit,Fine (without high winds),Dry,None,None,No overtaking,321790,672150,0,Unset,Pedestrian,361483,unset,EH113BD,No crossing facility within 50m or physical crossing facility not controlled by authorised person,No physical crossing facility within 50m,At scene,55.9360763466,-3.25210491209,"{""type"": ""Feature"",""geometry"": {""type"": ""Point"",""coordinates"": -3.25210491209, 55.9360763466}}"
546410,,Slight,3,2,31/07/2010,Saturday,31,July,10,15,25,230,B,701,Single carriageway - 2 lanes,30,'T' or staggered junction,Give way sign or markings,Unclassified,,Daylight: street lights present,Fine (without high winds),Dry,None,None,No overtaking,319150,673880,520791,Junction,M.V.N.P.,361484,unset,EH128TD,Control by other authorised person,"Pelican, puffin, toucan or similar non-junction pedestrian light crossing",At scene,55.9511811878,-3.2948766401,"{""type"": ""Feature"",""geometry"": {""type"": ""Point"",""coordinates"": -3.2948766401, 55.9511811878}}"
546510,,Slight,1,1,29/07/2010,Thursday,29,July,10,17,50,230,Unclassified,,Single carriageway - 2 lanes,30,Not at or within 20 metres of junction,unset,\,,Daylight: street lights present,Fine (without high winds),Dry,None,None,No overtaking,323300,676870,0,Unset,Pedestrian,361485,unset,EH51PB,No crossing facility within 50m or physical crossing facility not controlled by authorised person,No physical crossing facility within 50m,At scene,55.9787228625,-3.22928010119,"{""type"": ""Feature"",""geometry"": {""type"": ""Point"",""coordinates"": -3.22928010119, 55.9787228625}}"
551810,,Slight,2,1,02/08/2010,Monday,2,August,10,17,15,230,Unclassified,,Single carriageway - 2 lanes,30,Not at or within 20 metres of junction,unset,\,,Daylight: street lights present,Fine (without high winds),Dry,Road works present,Any animal in carriagway (except riden hors,No overtaking,325550,671530,559129,Segment,Cyclist,350414,unset,EH92DY,No crossing facility within 50m or physical crossing facility not controlled by authorised person,No physical crossing facility within 50m,At scene,55.9311032491,-3.19175310353,"{""type"": ""Feature"",""geometry"": {""type"": ""Point"",""coordinates"": -3.19175310353, 55.9311032491}}"
552410,,Slight,2,2,02/08/2010,Monday,2,August,10,18,0,230,A,90,Single carriageway - 2 lanes,30,Multiple junction,Automatic Traffic Signal,A,902,Daylight: no street lighting,Fine (without high winds),Dry,None,None,No overtaking,321580,674890,520032,Junction,T.V.N.P.,350415,unset,EH43TH,Control by other authorised person,"Pelican, puffin, toucan or similar non-junction pedestrian light crossing",At scene,55.9606573784,-3.2562628048,"{""type"": ""Feature"",""geometry"": {""type"": ""Point"",""coordinates"": -3.2562628048, 55.9606573784}}"
553010,,Slight,2,2,02/08/2010,Monday,2,August,10,18,15,230,A,900,Single carriageway - 2 lanes,30,Crossroads,Automatic Traffic Signal,A,901,Daylight: street lights present,Fine (without high winds),Dry,None,None,No overtaking,326940,675890,522483,Junction,T.V.N.P.,350416,unset,EH65AE,Control by other authorised person,Pedestrian phase at traffic signal junction,At scene,55.9704864312,-3.17068947625,"{""type"": ""Feature"",""geometry"": {""type"": ""Point"",""coordinates"": -3.17068947625, 55.9704864312}}"
553510,,Slight,1,1,03/08/2010,Tuesday,3,August,10,13,40,230,Unclassified,,Single carriageway - 2 lanes,30,'T' or staggered junction,Give way sign or markings,A,702,Daylight: street lights present,Fine (without high winds),Dry,None,None,No overtaking,324510,671280,530425,Junction,Pedestrian,350417,unset,EH104PU,No crossing facility within 50m or physical crossing facility not controlled by authorised person,No physical crossing facility within 50m,At scene,55.9286951549,-3.20832679249,"{""type"": ""Feature"",""geometry"": {""type"": ""Point"",""coordinates"": -3.20832679249, 55.9286951549}}"
554210,,Slight,3,2,03/08/2010,Tuesday,3,August,10,14,35,230,A,90,Dual carriageway - 2 lanes,70,Slip road,Give way sign or markings,B,924,Daylight: street lights present,Fine (without high winds),Dry,None,None,No overtaking,316170,677020,517432,Junction,M.V.N.P.,350418,unset,EH309TQ,No crossing facility within 50m or physical crossing facility not controlled by authorised person,No physical crossing facility within 50m,At scene,55.9788782255,-3.34356634249,"{""type"": ""Feature"",""geometry"": {""type"": ""Point"",""coordinates"": -3.34356634249, 55.9788782255}}"
555110,,Serious,1,1,25/07/2010,Sunday,25,July,10,15,35,230,C,,Single carriageway - 2 lanes,30,Other junction,Automatic Traffic Signal,Unclassified,,Daylight: street lights present,Fine (without high winds),Dry,None,None,No overtaking,325620,674290,520572,Junction,Bus,361486,unset,EH13PG,No crossing facility within 50m or physical crossing facility not controlled by authorised person,No physical crossing facility within 50m,At scene,55.9559096105,-3.19139389264,"{""type"": ""Feature"",""geometry"": {""type"": ""Point"",""coordinates"": -3.19139389264, 55.9559096105}}"
555410,,Serious,1,1,31/07/2010,Saturday,31,July,10,17,55,230,Unclassified,,Single carriageway - 2 lanes,30,Other junction,Give way sign or markings,Unclassified,,Daylight: no street lighting,Fine (without high winds),Dry,None,None,No overtaking,327630,674290,520752,Junction,S.V.N.P.,361487,unset,EH76AA,No crossing facility within 50m or physical crossing facility not controlled by authorised person,No physical crossing facility within 50m,At scene,55.9562165823,-3.15920590134,"{""type"": ""Feature"",""geometry"": {""type"": ""Point"",""coordinates"": -3.15920590134, 55.9562165823}}"
556810,,Slight,1,1,04/08/2010,Wednesday,4,August,10,16,35,230,A,701,Single carriageway - 2 lanes,30,Not at or within 20 metres of junction,unset,\,,Daylight: street lights present,Fine (without high winds),Dry,None,None,No overtaking,326990,671360,569339,Segment,Bus,350419,unset,EH165PF,No crossing facility within 50m or physical crossing facility not controlled by authorised person,No physical crossing facility within 50m,At scene,55.9297967515,-3.16866187674,"{""type"": ""Feature"",""geometry"": {""type"": ""Point"",""coordinates"": -3.16866187674, 55.9297967515}}"
557110,,Slight,1,1,04/08/2010,Wednesday,4,August,10,16,40,230,Unclassified,,Single carriageway - 2 lanes,20,'T' or staggered junction,Give way sign or markings,A,90,Daylight: street lights present,Fine (without high winds),Dry,None,None,No overtaking,319570,674980,519981,Junction,Pedestrian,350420,unset,EH47ND,Control by other authorised person,"Pelican, puffin, toucan or similar non-junction pedestrian light crossing",At scene,55.9611335611,-3.28848016921,"{""type"": ""Feature"",""geometry"": {""type"": ""Point"",""coordinates"": -3.28848016921, 55.9611335611}}"
557510,,Slight,1,1,04/08/2010,Wednesday,4,August,10,16,31,230,Unclassified,,Single carriageway - 2 lanes,30,Not at or within 20 metres of junction,unset,\,,Daylight: street lights present,Fine (without high winds),Dry,None,None,No overtaking,322540,672440,559248,Segment,Bus,350421,unset,EH112QE,No crossing facility within 50m or physical crossing facility not controlled by authorised person,No physical crossing facility within 50m,Elsewhere,55.9388030419,-3.24018419001,"{""type"": ""Feature"",""geometry"": {""type"": ""Point"",""coordinates"": -3.24018419001, 55.9388030419}}"