acc_ref,beat_no,severity,no_vehicle,no_casualt,a_date,a_day,a_date_day,a_date_mon,a_date_yr,a_time_hr,a_time_min,loc_auth,road1_class,road1_no,road_type,speed_limi,junc_det,junc_ctrl,road2_class,road2_no,light_cond,weather,road_surf,spec_cond,cway_hzrds,ovrtk_patrn,easting,northing,net_id,net_type,acc_type,text_id,division,Postcode,ped_xing_hc,ped_xing_p,place_reported,latitude,longitude,geojson
557910,,Slight,2,1,04/08/2010,Wednesday,4,August,10,15,30,230,Unclassified,,Single carriageway - 2 lanes,30,'T' or staggered junction,Give way sign or markings,Unclassified,,Daylight: street lights present,Fine (without high winds),Dry,None,None,No overtaking,322420,674530,0,Unset,T.V.N.P.,350422,unset,EH42LN,Control by other authorised person,Central refuge - no other controls,At scene,55.9575596451,-3.24270622042,"{""type"": ""Feature"",""geometry"": {""type"": ""Point"",""coordinates"": -3.24270622042, 55.9575596451}}"
558110,,Slight,2,4,04/08/2010,Wednesday,4,August,10,13,0,230,Motorway,8,Dual carriageway - 2 lanes,70,Not at or within 20 metres of junction,unset,\,,Daylight: street lights present,Fine (without high winds),Dry,None,None,No overtaking,318050,670920,6452850,Segment,T.V.N.P.,350423,unset,EH129BU,No crossing facility within 50m or physical crossing facility not controlled by authorised person,No physical crossing facility within 50m,At scene,55.9244037522,-3.31158993351,"{""type"": ""Feature"",""geometry"": {""type"": ""Point"",""coordinates"": -3.31158993351, 55.9244037522}}"
559110,,Slight,1,1,04/08/2010,Wednesday,4,August,10,15,30,230,A,8,Single carriageway - 2 lanes,30,Other junction,Give way sign or markings,Unclassified,,Daylight: street lights present,Fine (without high winds),Dry,None,None,No overtaking,323350,673210,521289,Junction,Bus,350424,unset,EH125JQ,Control by other authorised person,"Pelican, puffin, toucan or similar non-junction pedestrian light crossing",Elsewhere,55.945850369,-3.22743771649,"{""type"": ""Feature"",""geometry"": {""type"": ""Point"",""coordinates"": -3.22743771649, 55.945850369}}"
559310,,Slight,2,1,04/08/2010,Wednesday,4,August,10,15,45,230,A,90,Single carriageway - 2 lanes,30,'T' or staggered junction,Stop sign,Unclassified,,Daylight: street lights present,Fine (without high winds),Dry,None,None,No overtaking,322020,674580,520044,Junction,Cyclist,350425,unset,EH42BS,Control by other authorised person,Pedestrian phase at traffic signal junction,Elsewhere,55.9579440692,-3.24912633279,"{""type"": ""Feature"",""geometry"": {""type"": ""Point"",""coordinates"": -3.24912633279, 55.9579440692}}"
560010,,Serious,1,1,05/08/2010,Thursday,5,August,10,20,30,230,A,700,Single carriageway - 2 lanes,30,Other junction,Give way sign or markings,Unclassified,,Darkness: street lights present and lit,Fine (without high winds),Dry,None,None,No overtaking,326240,672470,532780,Junction,Pedestrian,350426,unset,EH91NQ,Control by other authorised person,Pedestrian phase at traffic signal junction,At scene,55.9396544731,-3.18096752887,"{""type"": ""Feature"",""geometry"": {""type"": ""Point"",""coordinates"": -3.18096752887, 55.9396544731}}"
560210,,Slight,1,1,05/08/2010,Thursday,5,August,10,19,45,230,C,,Single carriageway - 2 lanes,30,Not at or within 20 metres of junction,unset,\,,Daylight: street lights present,Fine (without high winds),Dry,None,Pedestrian in carriagway - not injured,No overtaking,325830,673630,558188,Segment,Pedestrian,350427,unset,EH11PE,No crossing facility within 50m or physical crossing facility not controlled by authorised person,No physical crossing facility within 50m,Elsewhere,55.9500127122,-3.18784941542,"{""type"": ""Feature"",""geometry"": {""type"": ""Point"",""coordinates"": -3.18784941542, 55.9500127122}}"
561410,,Slight,2,3,05/08/2010,Thursday,5,August,10,13,46,230,B,6415,Single carriageway - 2 lanes,30,Crossroads,Give way sign or markings,Unclassified,,Daylight: street lights present,Fine (without high winds),Dry,None,None,No overtaking,331160,673570,531382,Junction,T.V.N.P.,350428,unset,EH152DQ,No crossing facility within 50m or physical crossing facility not controlled by authorised person,No physical crossing facility within 50m,At scene,55.9502667611,-3.10249139697,"{""type"": ""Feature"",""geometry"": {""type"": ""Point"",""coordinates"": -3.10249139697, 55.9502667611}}"
561710,,Slight,1,1,05/08/2010,Thursday,5,August,10,20,50,230,A,90,Single carriageway - 2 lanes,30,Not at or within 20 metres of junction,unset,\,,Daylight: street lights present,Fine (without high winds),Dry,None,None,No overtaking,324620,673700,555627,Segment,Bus,350429,unset,EH24RA,No crossing facility within 50m or physical crossing facility not controlled by authorised person,No physical crossing facility within 50m,Elsewhere,55.9504533036,-3.20724261074,"{""type"": ""Feature"",""geometry"": {""type"": ""Point"",""coordinates"": -3.20724261074, 55.9504533036}}"
563510,,Slight,1,1,07/08/2010,Saturday,7,August,10,0,5,230,A,701,Single carriageway - 2 lanes,30,Not at or within 20 metres of junction,unset,\,,Darkness: street lights present and lit,Fine (without high winds),Dry,None,None,No overtaking,327270,668720,570778,Segment,S.V.N.P.,350430,unset,EH166NE,No crossing facility within 50m or physical crossing facility not controlled by authorised person,No physical crossing facility within 50m,At scene,55.9061213848,-3.1634703426,"{""type"": ""Feature"",""geometry"": {""type"": ""Point"",""coordinates"": -3.1634703426, 55.9061213848}}"
563710,,Slight,2,1,06/08/2010,Friday,6,August,10,17,20,230,Unclassified,,Single carriageway - 2 lanes,30,Mini-roundabout,Give way sign or markings,Unclassified,,Daylight: street lighting unknown,Raining (without high winds),Dry,None,None,No overtaking,323800,671640,12227378,Junction,Cyclist,350431,unset,EH105BL,No crossing facility within 50m or physical crossing facility not controlled by authorised person,No physical crossing facility within 50m,Elsewhere,55.9318173596,-3.21979009749,"{""type"": ""Feature"",""geometry"": {""type"": ""Point"",""coordinates"": -3.21979009749, 55.9318173596}}"
563910,,Slight,2,5,06/08/2010,Friday,6,August,10,20,30,230,Unclassified,,Single carriageway - 2 lanes,30,Crossroads,Automatic Traffic Signal,Unclassified,,Daylight: street lights present,Fine (without high winds),Dry,None,None,No overtaking,323660,671850,522279,Junction,T.V.N.P.,350432,unset,EH105BW,No crossing facility within 50m or physical crossing facility not controlled by authorised person,Pedestrian phase at traffic signal junction,At scene,55.9336817532,-3.22208999914,"{""type"": ""Feature"",""geometry"": {""type"": ""Point"",""coordinates"": -3.22208999914, 55.9336817532}}"
565810,,Slight,1,1,05/08/2010,Thursday,5,August,10,19,50,230,Unclassified,,Single carriageway - 2 lanes,30,Not at or within 20 metres of junction,unset,\,,Daylight: street lights present,Fine (without high winds),Dry,None,None,No overtaking,322060,671180,0,Unset,Pedestrian,350433,unset,EH141RL,No crossing facility within 50m or physical crossing facility not controlled by authorised person,No physical crossing facility within 50m,At scene,55.9274059858,-3.24750343749,"{""type"": ""Feature"",""geometry"": {""type"": ""Point"",""coordinates"": -3.24750343749, 55.9274059858}}"
566010,,Serious,5,1,07/08/2010,Saturday,7,August,10,10,45,230,Unclassified,,Single carriageway - 2 lanes,30,Not at or within 20 metres of junction,unset,\,,Daylight: street lights present,Fine (without high winds),Dry,None,None,No overtaking,325810,674470,12222952,Segment,Cyclist,350434,unset,EH13QR,No crossing facility within 50m or physical crossing facility not controlled by authorised person,No physical crossing facility within 50m,At scene,55.9575560852,-3.18840082117,"{""type"": ""Feature"",""geometry"": {""type"": ""Point"",""coordinates"": -3.18840082117, 55.9575560852}}"
568010,,Slight,1,1,09/08/2010,Monday,9,August,10,14,10,230,Unclassified,,Single carriageway - 2 lanes,30,Not at or within 20 metres of junction,unset,\,,Daylight: street lights present,Raining (without high winds),Dry,None,None,No overtaking,313650,678360,3948181,Segment,Pedestrian,350435,unset,EH309TB,No crossing facility within 50m or physical crossing facility not controlled by authorised person,No physical crossing facility within 50m,Elsewhere,55.9904689646,-3.38437206841,"{""type"": ""Feature"",""geometry"": {""type"": ""Point"",""coordinates"": -3.38437206841, 55.9904689646}}"
568310,,Slight,1,1,09/08/2010,Monday,9,August,10,14,30,230,Unclassified,,Single carriageway - 2 lanes,30,Roundabout,Give way sign or markings,Unclassified,,Daylight: no street lighting,Raining (without high winds),Dry,None,None,No overtaking,325720,673740,2310553,Junction,Pedestrian,350436,unset,EH11DF,No crossing facility within 50m or physical crossing facility not controlled by authorised person,Central refuge - no other controls,At scene,55.950983949,-3.18964096747,"{""type"": ""Feature"",""geometry"": {""type"": ""Point"",""coordinates"": -3.18964096747, 55.950983949}}"
568710,,Serious,1,1,09/08/2010,Monday,9,August,10,15,0,230,A,90,Dual carriageway - 2 lanes,30,Not at or within 20 metres of junction,unset,\,,Daylight: street lights present,Raining (without high winds),Dry,None,None,No overtaking,322430,674420,555552,Segment,Pedestrian,350437,unset,EH42BG,Control by other authorised person,Pedestrian phase at traffic signal junction,At scene,55.9565730533,-3.24251441989,"{""type"": ""Feature"",""geometry"": {""type"": ""Point"",""coordinates"": -3.24251441989, 55.9565730533}}"
569910,,Slight,1,1,09/08/2010,Monday,9,August,10,7,25,230,A,7,Single carriageway - 2 lanes,30,Other junction,Give way sign or markings,Unclassified,,Daylight: street lights present,Fine (without high winds),Dry,None,None,No overtaking,326090,673170,521580,Junction,Pedestrian,350438,unset,EH89BZ,No crossing facility within 50m or physical crossing facility not controlled by authorised person,No physical crossing facility within 50m,At scene,55.9459201745,-3.1835603837,"{""type"": ""Feature"",""geometry"": {""type"": ""Point"",""coordinates"": -3.1835603837, 55.9459201745}}"
572610,,Fatal,4,1,10/08/2010,Tuesday,10,August,10,22,59,230,Motorway,8,Dual carriageway - 2 lanes,70,Not at or within 20 metres of junction,unset,\,,Darkness: no street lighting,Fine (without high winds),Dry,None,None,No overtaking,317430,670460,6452039,Segment,Pedestrian,350439,unset,EH129BU,No crossing facility within 50m or physical crossing facility not controlled by authorised person,No physical crossing facility within 50m,At scene,55.9201653295,-3.32136931212,"{""type"": ""Feature"",""geometry"": {""type"": ""Point"",""coordinates"": -3.32136931212, 55.9201653295}}"
573310,,Slight,3,1,11/08/2010,Wednesday,11,August,10,9,20,230,C,,Single carriageway - 2 lanes,30,'T' or staggered junction,Give way sign or markings,Unclassified,,Daylight: no street lighting,Fine (without high winds),Dry,None,None,No overtaking,320480,671790,522138,Junction,M.V.N.P.,350440,unset,EH113NR,No crossing facility within 50m or physical crossing facility not controlled by authorised person,Pedestrian phase at traffic signal junction,At scene,55.9326273695,-3.27296555277,"{""type"": ""Feature"",""geometry"": {""type"": ""Point"",""coordinates"": -3.27296555277, 55.9326273695}}"
574110,,Slight,1,1,11/08/2010,Wednesday,11,August,10,13,0,230,A,8,One way Street,30,Other junction,Give way sign or markings,A,8,Daylight: street lights present,Fine (without high winds),Dry,None,None,No overtaking,324260,673320,521325,Junction,Bus,350441,unset,EH38JQ,No crossing facility within 50m or physical crossing facility not controlled by authorised person,Pedestrian phase at traffic signal junction,Elsewhere,55.9469828516,-3.21289998223,"{""type"": ""Feature"",""geometry"": {""type"": ""Point"",""coordinates"": -3.21289998223, 55.9469828516}}"
575210,,Slight,2,1,11/08/2010,Wednesday,11,August,10,18,0,230,Unclassified,,Single carriageway - 2 lanes,30,Crossroads,Give way sign or markings,Unclassified,,Daylight: street lights present,Raining (without high winds),Dry,None,None,No overtaking,324340,671980,12227406,Junction,Cyclist,350442,unset,EH105AN,No crossing facility within 50m or physical crossing facility not controlled by authorised person,No physical crossing facility within 50m,Elsewhere,55.934957128,-3.21124339847,"{""type"": ""Feature"",""geometry"": {""type"": ""Point"",""coordinates"": -3.21124339847, 55.934957128}}"
576210,,Slight,2,1,12/08/2010,Thursday,12,August,10,9,35,230,C,,Roundabout,30,Roundabout,Give way sign or markings,Unclassified,,Daylight: street lights present,Fine (without high winds),Dry,None,None,No overtaking,323550,674600,520089,Junction,Cyclist,350443,unset,EH41BG,Control by other authorised person,"Pelican, puffin, toucan or similar non-junction pedestrian light crossing",At scene,55.9583696553,-3.22462998853,"{""type"": ""Feature"",""geometry"": {""type"": ""Point"",""coordinates"": -3.22462998853, 55.9583696553}}"
576310,,Slight,2,1,12/08/2010,Thursday,12,August,10,10,50,230,A,701,Single carriageway - 2 lanes,30,'T' or staggered junction,Give way sign or markings,Unclassified,,Daylight: street lights present,Fine (without high winds),Dry,None,None,No overtaking,327380,669070,530185,Junction,Cyclist,350444,unset,EH166TE,No crossing facility within 50m or physical crossing facility not controlled by authorised person,No physical crossing facility within 50m,Elsewhere,55.9092824049,-3.16180507823,"{""type"": ""Feature"",""geometry"": {""type"": ""Point"",""coordinates"": -3.16180507823, 55.9092824049}}"
576410,,Slight,2,1,11/08/2010,Wednesday,11,August,10,9,0,230,Unclassified,,Single carriageway - 2 lanes,30,'T' or staggered junction,Give way sign or markings,Unclassified,,Daylight: street lights present,Fine (without high winds),Dry,None,None,No overtaking,327100,676390,0,Unset,Cyclist,350445,unset,EH66SU,No crossing facility within 50m or physical crossing facility not controlled by authorised person,No physical crossing facility within 50m,Elsewhere,55.9750027076,-3.16826166532,"{""type"": ""Feature"",""geometry"": {""type"": ""Point"",""coordinates"": -3.16826166532, 55.9750027076}}"
576610,,Slight,2,1,11/08/2010,Wednesday,11,August,10,10,30,230,A,902,Single carriageway - 2 lanes,30,Other junction,Automatic Traffic Signal,Unclassified,,Daylight: street lights present,Unknown,Dry,None,None,No overtaking,322480,674950,520062,Junction,T.V.N.P.,350446,unset,EH42LZ,No crossing facility within 50m or physical crossing facility not controlled by authorised person,No physical crossing facility within 50m,At scene,55.9613424822,-3.24186619181,"{""type"": ""Feature"",""geometry"": {""type"": ""Point"",""coordinates"": -3.24186619181, 55.9613424822}}"
576910,,Slight,2,1,12/08/2010,Thursday,12,August,10,11,22,230,B,901,Roundabout,30,Roundabout,Give way sign or markings,C,,Daylight: street lights present,Fine (without high winds),Dry,None,None,No overtaking,325730,674670,520206,Junction,Cyclist,350447,unset,EH36LX,No crossing facility within 50m or physical crossing facility not controlled by authorised person,No physical crossing facility within 50m,Elsewhere,55.9593404984,-3.18973709615,"{""type"": ""Feature"",""geometry"": {""type"": ""Point"",""coordinates"": -3.18973709615, 55.9593404984}}"
577110,,Slight,2,1,12/08/2010,Thursday,12,August,10,11,30,230,A,902,Single carriageway - 2 lanes,30,Other junction,Automatic Traffic Signal,Unclassified,,Daylight: street lights present,Fine (without high winds),Dry,None,None,No overtaking,322260,674900,520050,Junction,T.V.N.P.,350448,unset,EH42LX,No crossing facility within 50m or physical crossing facility not controlled by authorised person,Pedestrian phase at traffic signal junction,At scene,55.9608577441,-3.245375219,"{""type"": ""Feature"",""geometry"": {""type"": ""Point"",""coordinates"": -3.245375219, 55.9608577441}}"
577210,,Slight,2,1,11/08/2010,Wednesday,11,August,10,9,45,230,B,701,Single carriageway - 2 lanes,30,'T' or staggered junction,Give way sign or markings,Unclassified,,Daylight: street lights present,Fine (without high winds),Dry,None,None,No overtaking,318970,674550,519924,Junction,T.V.N.P.,350449,unset,EH48AT,No crossing facility within 50m or physical crossing facility not controlled by authorised person,No physical crossing facility within 50m,At scene,55.9571698195,-3.2979600473,"{""type"": ""Feature"",""geometry"": {""type"": ""Point"",""coordinates"": -3.2979600473, 55.9571698195}}"
577810,,Serious,2,1,12/08/2010,Thursday,12,August,10,17,24,230,A,7,Single carriageway - 2 lanes,30,'T' or staggered junction,Give way sign or markings,Unclassified,,Daylight: street lights present,Fine (without high winds),Dry,None,None,No overtaking,326290,672700,532693,Junction,Cyclist,350450,unset,EH89JG,No crossing facility within 50m or physical crossing facility not controlled by authorised person,No physical crossing facility within 50m,At scene,55.9417284451,-3.18023000983,"{""type"": ""Feature"",""geometry"": {""type"": ""Point"",""coordinates"": -3.18023000983, 55.9417284451}}"
577910,,Slight,2,1,12/08/2010,Thursday,12,August,10,8,30,230,A,90,Single carriageway - 2 lanes,30,Crossroads,Automatic Traffic Signal,A,90,Daylight: street lights present,Fine (without high winds),Dry,None,None,No overtaking,323830,674240,520464,Junction,Cyclist,350451,unset,EH41NZ,No crossing facility within 50m or physical crossing facility not controlled by authorised person,No physical crossing facility within 50m,At scene,55.9551799738,-3.22004415731,"{""type"": ""Feature"",""geometry"": {""type"": ""Point"",""coordinates"": -3.22004415731, 55.9551799738}}"
578010,,Slight,1,1,12/08/2010,Thursday,12,August,10,7,40,230,Unclassified,,Single carriageway - 2 lanes,30,Other junction,Automatic Traffic Signal,Unclassified,,Daylight: street lights present,Fine (without high winds),Dry,None,None,No overtaking,327390,674370,520725,Junction,Bus,350452,unset,EH75TA,No crossing facility within 50m or physical crossing facility not controlled by authorised person,No physical crossing facility within 50m,Elsewhere,55.9568990875,-3.16307082831,"{""type"": ""Feature"",""geometry"": {""type"": ""Point"",""coordinates"": -3.16307082831, 55.9568990875}}"
579710,,Slight,2,1,12/08/2010,Thursday,12,August,10,16,5,230,Unclassified,,Single carriageway - 2 lanes,30,'T' or staggered junction,Give way sign or markings,Unclassified,,Daylight: street lights present,Fine (without high winds),Dry,None,None,No overtaking,319410,669770,12338063,Junction,T.V.N.P.,350453,unset,EH142SR,No crossing facility within 50m or physical crossing facility not controlled by authorised person,No physical crossing facility within 50m,At scene,55.9143024036,-3.28948666844,"{""type"": ""Feature"",""geometry"": {""type"": ""Point"",""coordinates"": -3.28948666844, 55.9143024036}}"
580010,,Slight,2,1,13/08/2010,Friday,13,August,10,17,30,230,Motorway,8,Dual carriageway - 2 lanes,70,Not at or within 20 metres of junction,unset,\,,Daylight: street lights present,Fine (without high winds),Dry,None,None,No overtaking,317430,670460,6452039,Segment,T.V.N.P.,350454,unset,EH129BU,No crossing facility within 50m or physical crossing facility not controlled by authorised person,No physical crossing facility within 50m,At scene,55.9201653295,-3.32136931212,"{""type"": ""Feature"",""geometry"": {""type"": ""Point"",""coordinates"": -3.32136931212, 55.9201653295}}"
581610,,Slight,2,1,13/08/2010,Friday,13,August,10,12,5,230,Unclassified,,Single carriageway - 2 lanes,30,'T' or staggered junction,Give way sign or markings,Unclassified,,Daylight: street lights present,Fine (without high winds),Dry,None,None,No overtaking,327180,675760,519544,Junction,Cyclist,350455,unset,EH68HW,Control by other authorised person,"Pelican, puffin, toucan or similar non-junction pedestrian light crossing",At scene,55.9693549765,-3.16680954059,"{""type"": ""Feature"",""geometry"": {""type"": ""Point"",""coordinates"": -3.16680954059, 55.9693549765}}"
581710,,Slight,3,5,14/08/2010,Saturday,14,August,10,15,0,230,Motorway,8,Dual carriageway - 2 lanes,70,Not at or within 20 metres of junction,unset,\,,Daylight: no street lighting,Fine (without high winds),Dry,None,None,No overtaking,317940,670830,6452850,Segment,M.V.N.P.,350456,unset,EH129BU,No crossing facility within 50m or physical crossing facility not controlled by authorised person,No physical crossing facility within 50m,At scene,55.9235764846,-3.31332259249,"{""type"": ""Feature"",""geometry"": {""type"": ""Point"",""coordinates"": -3.31332259249, 55.9235764846}}"
582010,,Serious,1,1,14/08/2010,Saturday,14,August,10,14,19,230,Unclassified,,Unknown,30,Not at or within 20 metres of junction,unset,\,,Daylight: no street lighting,Fine (without high winds),Dry,None,None,No overtaking,318330,675330,0,Unset,S.V.N.P.,350457,unset,EH46QL,No crossing facility within 50m or physical crossing facility not controlled by authorised person,No physical crossing facility within 50m,At scene,55.9640685503,-3.30844515152,"{""type"": ""Feature"",""geometry"": {""type"": ""Point"",""coordinates"": -3.30844515152, 55.9640685503}}"
583510,,Slight,2,1,15/08/2010,Sunday,15,August,10,13,33,230,A,90,Dual carriageway - 2 lanes,50,Not at or within 20 metres of junction,unset,\,,Daylight: street lights present,Fine (without high winds),Dry,None,None,No overtaking,312480,678540,555393,Segment,T.V.N.P.,350458,unset,EH309SQ,No crossing facility within 50m or physical crossing facility not controlled by authorised person,No physical crossing facility within 50m,At scene,55.9918739412,-3.40318191857,"{""type"": ""Feature"",""geometry"": {""type"": ""Point"",""coordinates"": -3.40318191857, 55.9918739412}}"
584810,,Slight,2,2,14/08/2010,Saturday,14,August,10,13,45,230,A,8000,Roundabout,30,Roundabout,Give way sign or markings,Unclassified,,Daylight: street lights present,Fine (without high winds),Dry,None,None,No overtaking,312930,677590,10292768,Junction,T.V.N.P.,350459,unset,EH309PA,Control by other authorised person,"Pelican, puffin, toucan or similar non-junction pedestrian light crossing",At scene,55.9834218698,-3.39566212203,"{""type"": ""Feature"",""geometry"": {""type"": ""Point"",""coordinates"": -3.39566212203, 55.9834218698}}"
585410,,Slight,4,2,11/08/2010,Wednesday,11,August,10,18,0,230,A,71,Dual carriageway - 2 lanes,60,Not at or within 20 metres of junction,unset,\,,Daylight: street lights present,Raining (without high winds),Dry,None,None,No overtaking,320830,671150,562816,Segment,M.V.N.P.,350460,unset,EH113PA,No crossing facility within 50m or physical crossing facility not controlled by authorised person,No physical crossing facility within 50m,Elsewhere,55.9269355838,-3.26717658326,"{""type"": ""Feature"",""geometry"": {""type"": ""Point"",""coordinates"": -3.26717658326, 55.9269355838}}"
586510,,Serious,2,1,15/08/2010,Sunday,15,August,10,13,10,230,Motorway,8,Dual carriageway - 2 lanes,70,Not at or within 20 metres of junction,unset,\,,Daylight: no street lighting,Fine (without high winds),Dry,None,None,No overtaking,317670,670620,6452039,Segment,T.V.N.P.,350461,unset,EH129BU,No crossing facility within 50m or physical crossing facility not controlled by authorised person,No physical crossing facility within 50m,At scene,55.9216438181,-3.3175784942,"{""type"": ""Feature"",""geometry"": {""type"": ""Point"",""coordinates"": -3.3175784942, 55.9216438181}}"
588810,,Slight,2,1,17/08/2010,Tuesday,17,August,10,12,50,230,A,199,Single carriageway - 2 lanes,30,Other junction,Give way sign or markings,Unclassified,,Daylight: street lights present,Fine (without high winds),Dry,None,None,No overtaking,327220,676480,519274,Junction,T.V.N.P.,350462,unset,EH66SH,No crossing facility within 50m or physical crossing facility not controlled by authorised person,Pedestrian phase at traffic signal junction,At scene,55.9758294664,-3.16636338125,"{""type"": ""Feature"",""geometry"": {""type"": ""Point"",""coordinates"": -3.16636338125, 55.9758294664}}"
589210,,Slight,2,1,16/08/2010,Monday,16,August,10,10,41,230,A,701,Single carriageway - 2 lanes,30,Other junction,Automatic Traffic Signal,Unclassified,,Daylight: no street lighting,Fine (without high winds),Dry,None,None,No overtaking,326730,671830,529477,Junction,Cyclist,350463,unset,EH91SB,No crossing facility within 50m or physical crossing facility not controlled by authorised person,No physical crossing facility within 50m,At scene,55.9339796724,-3.17295025419,"{""type"": ""Feature"",""geometry"": {""type"": ""Point"",""coordinates"": -3.17295025419, 55.9339796724}}"
590110,,Slight,2,1,12/08/2010,Thursday,12,August,10,15,0,230,Unclassified,,Single carriageway - 2 lanes,30,Not at or within 20 metres of junction,unset,\,,Daylight: street lights present,Fine (without high winds),Dry,None,None,No overtaking,327880,674800,0,Unset,Cyclist,350464,unset,EH76DF,No crossing facility within 50m or physical crossing facility not controlled by authorised person,No physical crossing facility within 50m,Elsewhere,55.9608360051,-3.1553388601,"{""type"": ""Feature"",""geometry"": {""type"": ""Point"",""coordinates"": -3.1553388601, 55.9608360051}}"
591710,,Slight,1,2,17/08/2010,Tuesday,17,August,10,16,18,230,A,8,Single carriageway - 2 lanes,30,Crossroads,Automatic Traffic Signal,A,8,Daylight: street lights present,Fine (without high winds),Dry,None,None,No overtaking,324730,673670,522381,Junction,Bus,350465,unset,EH24BL,Control by other authorised person,Pedestrian phase at traffic signal junction,At scene,55.950201031,-3.20547297832,"{""type"": ""Feature"",""geometry"": {""type"": ""Point"",""coordinates"": -3.20547297832, 55.950201031}}"
592910,,Slight,3,1,18/08/2010,Wednesday,18,August,10,16,43,230,A,901,Single carriageway - 2 lanes,30,'T' or staggered junction,Give way sign or markings,Unclassified,,Daylight: street lights present,Fine (without high winds),Dry,None,None,No overtaking,326280,676840,518530,Junction,M.V.N.P.,350466,unset,EH64ER,No crossing facility within 50m or physical crossing facility not controlled by authorised person,No physical crossing facility within 50m,At scene,55.9789202392,-3.18152272227,"{""type"": ""Feature"",""geometry"": {""type"": ""Point"",""coordinates"": -3.18152272227, 55.9789202392}}"
594010,,Slight,1,1,19/08/2010,Thursday,19,August,10,0,15,230,Unclassified,,Single carriageway - 2 lanes,30,Not at or within 20 metres of junction,unset,\,,Darkness: street lights present and lit,Fine (without high winds),Dry,None,None,No overtaking,318000,672750,550926,Segment,S.V.N.P.,350467,unset,EH128NE,No crossing facility within 50m or physical crossing facility not controlled by authorised person,No physical crossing facility within 50m,At scene,55.9408350112,-3.31294584164,"{""type"": ""Feature"",""geometry"": {""type"": ""Point"",""coordinates"": -3.31294584164, 55.9408350112}}"
594910,,Slight,2,1,19/08/2010,Thursday,19,August,10,9,0,230,B,701,Single carriageway - 2 lanes,30,'T' or staggered junction,Give way sign or markings,Unclassified,,Daylight: street lighting unknown,Fine (without high winds),Dry,None,None,No overtaking,319140,673950,520788,Junction,T.V.N.P.,350468,unset,EH128TH,No crossing facility within 50m or physical crossing facility not controlled by authorised person,"Pelican, puffin, toucan or similar non-junction pedestrian light crossing",At scene,55.9518083517,-3.29505774566,"{""type"": ""Feature"",""geometry"": {""type"": ""Point"",""coordinates"": -3.29505774566, 55.9518083517}}"
595210,,Slight,1,1,19/08/2010,Thursday,19,August,10,11,25,230,Unclassified,,Single carriageway - 2 lanes,20,Not at or within 20 metres of junction,unset,\,,Daylight: street lights present,Fine (without high winds),Dry,None,None,No overtaking,326670,672550,0,Unset,Pedestrian,350469,unset,EH165BH,Control by school crossing patrol,"Pelican, puffin, toucan or similar non-junction pedestrian light crossing",At scene,55.9404389713,-3.17410619451,"{""type"": ""Feature"",""geometry"": {""type"": ""Point"",""coordinates"": -3.17410619451, 55.9404389713}}"
596510,,Slight,1,2,19/08/2010,Thursday,19,August,10,20,30,230,A,7,Single carriageway - 2 lanes,30,Other junction,Automatic Traffic Signal,A,7,Darkness: street lights present and lit,Fine (without high winds),Dry,None,None,No overtaking,325930,673660,521103,Junction,Pedestrian,350470,unset,EH11PD,No crossing facility within 50m or physical crossing facility not controlled by authorised person,Pedestrian phase at traffic signal junction,At scene,55.9502976527,-3.18625652014,"{""type"": ""Feature"",""geometry"": {""type"": ""Point"",""coordinates"": -3.18625652014, 55.9502976527}}"
596910,,Slight,2,1,19/08/2010,Thursday,19,August,10,6,1,230,A,900,Single carriageway - 2 lanes,30,Not at or within 20 metres of junction,unset,\,,Daylight: street lights present,Fine (without high winds),Dry,None,None,No overtaking,326230,674670,12222104,Junction,T.V.N.P.,350471,unset,EH74AA,No crossing facility within 50m or physical crossing facility not controlled by authorised person,Pedestrian phase at traffic signal junction,At scene,55.9594175403,-3.18172947874,"{""type"": ""Feature"",""geometry"": {""type"": ""Point"",""coordinates"": -3.18172947874, 55.9594175403}}"