acc_ref,beat_no,severity,no_vehicle,no_casualt,a_date,a_day,a_date_day,a_date_mon,a_date_yr,a_time_hr,a_time_min,loc_auth,road1_class,road1_no,road_type,speed_limi,junc_det,junc_ctrl,road2_class,road2_no,light_cond,weather,road_surf,spec_cond,cway_hzrds,ovrtk_patrn,easting,northing,net_id,net_type,acc_type,text_id,division,Postcode,ped_xing_hc,ped_xing_p,place_reported,latitude,longitude,geojson
597510,,Slight,2,1,08/08/2010,Sunday,8,August,10,14,30,230,A,90,Single carriageway - 2 lanes,30,Not at or within 20 metres of junction,unset,\,,Daylight: no street lighting,Fine (without high winds),Dry,None,None,No overtaking,324620,673700,555627,Segment,T.V.N.P.,350472,unset,EH24RA,Control by other authorised person,Pedestrian phase at traffic signal junction,Elsewhere,55.9504533036,-3.20724261074,"{""type"": ""Feature"",""geometry"": {""type"": ""Point"",""coordinates"": -3.20724261074, 55.9504533036}}"
599010,,Slight,1,1,20/08/2010,Friday,20,August,10,17,20,230,Unclassified,,Single carriageway - 2 lanes,30,Not at or within 20 metres of junction,unset,\,,Daylight: street lights present,Fine (without high winds),Dry,None,None,No overtaking,320040,671610,559338,Segment,Pedestrian,350473,unset,EH113SN,Control by other authorised person,"Pelican, puffin, toucan or similar non-junction pedestrian light crossing",At scene,55.9309373585,-3.2799538374,"{""type"": ""Feature"",""geometry"": {""type"": ""Point"",""coordinates"": -3.2799538374, 55.9309373585}}"
599310,,Slight,3,1,20/08/2010,Friday,20,August,10,18,25,230,A,8,Dual carriageway - 2 lanes,40,Not at or within 20 metres of junction,unset,\,,Daylight: no street lighting,Fine (without high winds),Dry,None,None,No overtaking,315110,672410,550797,Segment,M.V.N.P.,350474,unset,EH288NQ,No crossing facility within 50m or physical crossing facility not controlled by authorised person,No physical crossing facility within 50m,\3,55.937279043,-3.35909781828,"{""type"": ""Feature"",""geometry"": {""type"": ""Point"",""coordinates"": -3.35909781828, 55.937279043}}"
600110,,Slight,2,2,16/08/2010,Monday,16,August,10,16,45,230,Unclassified,,Single carriageway - 2 lanes,30,Not at or within 20 metres of junction,unset,\,,Daylight: street lights present,Fine (without high winds),Dry,None,None,No overtaking,312160,669560,12231389,Segment,T.V.N.P.,350475,unset,EH278BBA,No crossing facility within 50m or physical crossing facility not controlled by authorised person,No physical crossing facility within 50m,At scene,55.9111471554,-3.40538499966,"{""type"": ""Feature"",""geometry"": {""type"": ""Point"",""coordinates"": -3.40538499966, 55.9111471554}}"
600510,,Slight,2,1,21/08/2010,Saturday,21,August,10,13,40,230,Motorway,8,Dual carriageway - 2 lanes,70,Not at or within 20 metres of junction,unset,\,,Daylight: street lights present,Fine (without high winds),Dry,None,None,No overtaking,317830,670750,6452850,Segment,T.V.N.P.,350476,unset,EH129BU,No crossing facility within 50m or physical crossing facility not controlled by authorised person,No physical crossing facility within 50m,At scene,55.9228390278,-3.31505821968,"{""type"": ""Feature"",""geometry"": {""type"": ""Point"",""coordinates"": -3.31505821968, 55.9228390278}}"
601310,,Slight,1,1,19/08/2010,Thursday,19,August,10,20,36,230,A,8,Single carriageway - 2 lanes,30,Other junction,Give way sign or markings,Unclassified,,Darkness: street lights present and lit,Fine (without high winds),Dry,None,None,No overtaking,324450,673520,520881,Junction,Bus,350477,unset,EH37AL,Control by other authorised person,Pedestrian phase at traffic signal junction,Elsewhere,55.9488095201,-3.20991411766,"{""type"": ""Feature"",""geometry"": {""type"": ""Point"",""coordinates"": -3.20991411766, 55.9488095201}}"
601610,,Slight,1,1,21/08/2010,Saturday,21,August,10,20,30,230,A,702,Single carriageway - 2 lanes,30,Multiple junction,Automatic Traffic Signal,A,8,Daylight: no street lighting,Fine (without high winds),Dry,None,None,No overtaking,324720,673660,522381,Junction,Pedestrian,350478,unset,EH12DA,Control by other authorised person,Pedestrian phase at traffic signal junction,At scene,55.9501096263,-3.20563029971,"{""type"": ""Feature"",""geometry"": {""type"": ""Point"",""coordinates"": -3.20563029971, 55.9501096263}}"
602510,,Slight,2,1,20/08/2010,Friday,20,August,10,10,45,230,A,702,Dual carriageway - 2 lanes,30,'T' or staggered junction,Automatic Traffic Signal,A,8,Daylight: no street lighting,Fine (without high winds),Dry,None,None,No overtaking,324690,673670,520920,Junction,Cyclist,350479,unset,EH12AD,Control by other authorised person,Pedestrian phase at traffic signal junction,Elsewhere,55.950194764,-3.20611343144,"{""type"": ""Feature"",""geometry"": {""type"": ""Point"",""coordinates"": -3.20611343144, 55.950194764}}"
603010,,Slight,2,1,22/08/2010,Sunday,22,August,10,12,16,230,Motorway,8,Dual carriageway - 2 lanes,70,Not at or within 20 metres of junction,unset,\,,Daylight: no street lighting,Fine (without high winds),Dry,None,None,No overtaking,317840,670760,6452850,Segment,T.V.N.P.,350480,unset,EH129BU,No crossing facility within 50m or physical crossing facility not controlled by authorised person,No physical crossing facility within 50m,At scene,55.9229305708,-3.3149012677,"{""type"": ""Feature"",""geometry"": {""type"": ""Point"",""coordinates"": -3.3149012677, 55.9229305708}}"
604910,,Slight,2,1,21/08/2010,Saturday,21,August,10,21,10,230,A,70,Single carriageway - 2 lanes,30,Not at or within 20 metres of junction,unset,\,,Darkness: street lights present and lit,Raining (without high winds),Dry,None,None,No overtaking,320730,669170,561835,Segment,T.V.N.P.,350481,unset,EH130LT,No crossing facility within 50m or physical crossing facility not controlled by authorised person,No physical crossing facility within 50m,Elsewhere,55.9091314588,-3.26819580598,"{""type"": ""Feature"",""geometry"": {""type"": ""Point"",""coordinates"": -3.26819580598, 55.9091314588}}"
605010,,Slight,1,1,22/08/2010,Sunday,22,August,10,6,0,230,A,901,Roundabout,30,Roundabout,Give way sign or markings,A,901,Daylight: street lights present,Fine (without high winds),Dry,None,None,No overtaking,323720,677110,518902,Junction,S.V.N.P.,350482,unset,EH51HA,Control by other authorised person,Central refuge - no other controls,At scene,55.9809458806,-3.22261846345,"{""type"": ""Feature"",""geometry"": {""type"": ""Point"",""coordinates"": -3.22261846345, 55.9809458806}}"
605710,,Slight,2,1,21/08/2010,Saturday,21,August,10,23,0,230,C,,Single carriageway - 2 lanes,30,Not at or within 20 metres of junction,unset,\,,Darkness: street lights present and lit,Unknown,Dry,None,None,No overtaking,322850,672920,12223618,Segment,T.V.N.P.,350483,unset,EH125PL,Control by other authorised person,Central refuge - no other controls,Elsewhere,55.9431650863,-3.23535945233,"{""type"": ""Feature"",""geometry"": {""type"": ""Point"",""coordinates"": -3.23535945233, 55.9431650863}}"
607110,,Slight,2,2,20/08/2010,Friday,20,August,10,12,20,230,A,720,Dual carriageway - 2 lanes,70,Not at or within 20 metres of junction,unset,\,,Daylight: street lights present,Fine (without high winds),Dry,None,None,No overtaking,320390,668720,570540,Segment,T.V.N.P.,350484,unset,EH146BA,No crossing facility within 50m or physical crossing facility not controlled by authorised person,No physical crossing facility within 50m,At scene,55.9050326922,-3.27350126573,"{""type"": ""Feature"",""geometry"": {""type"": ""Point"",""coordinates"": -3.27350126573, 55.9050326922}}"
607210,,Slight,1,2,16/08/2010,Monday,16,August,10,12,11,230,A,702,Single carriageway - 2 lanes,30,Not at or within 20 metres of junction,unset,\,,Daylight: street lights present,Fine (without high winds),Dry,None,Pedestrian in carriagway - not injured,No overtaking,324810,673130,548961,Segment,Bus,350485,unset,EH39BG,No crossing facility within 50m or physical crossing facility not controlled by authorised person,No physical crossing facility within 50m,At scene,55.9453622822,-3.20404151068,"{""type"": ""Feature"",""geometry"": {""type"": ""Point"",""coordinates"": -3.20404151068, 55.9453622822}}"
608210,,Serious,1,1,24/08/2010,Tuesday,24,August,10,8,56,230,Unclassified,,Single carriageway - 2 lanes,30,Not at or within 20 metres of junction,unset,\,,Daylight: street lights present,Fine (without high winds),Dry,None,None,No overtaking,323350,676530,570114,Segment,Pedestrian,350486,unset,EH52PL,No crossing facility within 50m or physical crossing facility not controlled by authorised person,No physical crossing facility within 50m,At scene,55.9756763859,-3.22838213422,"{""type"": ""Feature"",""geometry"": {""type"": ""Point"",""coordinates"": -3.22838213422, 55.9756763859}}"
608310,,Slight,1,1,24/08/2010,Tuesday,24,August,10,12,15,230,Unclassified,,Single carriageway - 2 lanes,30,Not at or within 20 metres of junction,unset,\,,Daylight: street lights present,Fine (without high winds),Dry,None,None,No overtaking,324530,670060,0,Unset,S.V.N.P.,350487,unset,EH106LF,No crossing facility within 50m or physical crossing facility not controlled by authorised person,No physical crossing facility within 50m,At scene,55.9177379823,-3.20766585216,"{""type"": ""Feature"",""geometry"": {""type"": ""Point"",""coordinates"": -3.20766585216, 55.9177379823}}"
609010,,Slight,1,1,24/08/2010,Tuesday,24,August,10,14,0,230,Unclassified,,Single carriageway - 2 lanes,60,Not at or within 20 metres of junction,unset,\,,Daylight: no street lighting,Fine (without high winds),Dry,Road marking defective or obscured,None,No overtaking,314190,675650,0,Unset,S.V.N.P.,350488,unset,EH299EJ,No crossing facility within 50m or physical crossing facility not controlled by authorised person,No physical crossing facility within 50m,At scene,55.9662213957,-3.37485357502,"{""type"": ""Feature"",""geometry"": {""type"": ""Point"",""coordinates"": -3.37485357502, 55.9662213957}}"
609210,,Slight,2,2,24/08/2010,Tuesday,24,August,10,20,20,230,A,90,Single carriageway - 2 lanes,30,'T' or staggered junction,Give way sign or markings,Unclassified,,Daylight: street lights present,Fine (without high winds),Dry,None,None,No overtaking,324730,673950,520983,Junction,T.V.N.P.,350489,unset,EH24HQ,Control by other authorised person,Pedestrian phase at traffic signal junction,At scene,55.9527165029,-3.20555114803,"{""type"": ""Feature"",""geometry"": {""type"": ""Point"",""coordinates"": -3.20555114803, 55.9527165029}}"
610610,,Slight,1,1,24/08/2010,Tuesday,24,August,10,19,30,230,A,7,Single carriageway - 2 lanes,40,Not at or within 20 metres of junction,unset,\,,Daylight: no street lighting,Fine (without high winds),Dry,None,None,No overtaking,325960,673560,569279,Segment,Pedestrian,350490,unset,EH11HN,No crossing facility within 50m or physical crossing facility not controlled by authorised person,"Pelican, puffin, toucan or similar non-junction pedestrian light crossing",Elsewhere,55.9494038863,-3.18574871679,"{""type"": ""Feature"",""geometry"": {""type"": ""Point"",""coordinates"": -3.18574871679, 55.9494038863}}"
611410,,Slight,1,1,25/08/2010,Wednesday,25,August,10,13,30,230,A,1,Single carriageway - 2 lanes,30,Crossroads,Automatic Traffic Signal,C,,Darkness: street lights present but unlit,Fine (without high winds),Dry,None,None,No overtaking,329190,673070,523614,Junction,Pedestrian,350491,unset,EH153PN,Control by other authorised person,Pedestrian phase at traffic signal junction,At scene,55.9454884854,-3.13390334348,"{""type"": ""Feature"",""geometry"": {""type"": ""Point"",""coordinates"": -3.13390334348, 55.9454884854}}"
612410,,Slight,2,1,25/08/2010,Wednesday,25,August,10,19,0,230,A,900,Dual carriageway - 2 lanes,30,Not at or within 20 metres of junction,unset,\,,Daylight: street lights present,Fine (without high winds),Dry,None,None,No overtaking,326180,674620,558569,Segment,Cyclist,350492,unset,EH74AB,No crossing facility within 50m or physical crossing facility not controlled by authorised person,No physical crossing facility within 50m,At scene,55.9589606649,-3.18251654554,"{""type"": ""Feature"",""geometry"": {""type"": ""Point"",""coordinates"": -3.18251654554, 55.9589606649}}"
612510,,Slight,3,1,25/08/2010,Wednesday,25,August,10,17,10,230,Unclassified,,Single carriageway - 2 lanes,30,Not at or within 20 metres of junction,unset,\,,Daylight: street lights present,Fine (without high winds),Dry,None,None,No overtaking,323320,675800,563634,Segment,M.V.N.P.,350493,unset,EH52DH,No crossing facility within 50m or physical crossing facility not controlled by authorised person,No physical crossing facility within 50m,At scene,55.9691134796,-3.22865489315,"{""type"": ""Feature"",""geometry"": {""type"": ""Point"",""coordinates"": -3.22865489315, 55.9691134796}}"
613110,,Slight,2,1,25/08/2010,Wednesday,25,August,10,17,45,230,A,1,Single carriageway - 2 lanes,30,Not at or within 20 metres of junction,unset,\,,Daylight: street lights present,Fine (without high winds),Dry,None,None,No overtaking,328240,674160,2106118,Segment,Cyclist,350494,unset,EH87AX,No crossing facility within 50m or physical crossing facility not controlled by authorised person,No physical crossing facility within 50m,At scene,55.9551401601,-3.14940267341,"{""type"": ""Feature"",""geometry"": {""type"": ""Point"",""coordinates"": -3.14940267341, 55.9551401601}}"
613210,,Serious,3,1,25/08/2010,Wednesday,25,August,10,15,55,230,A,702,Dual carriageway - 2 lanes,40,Not at or within 20 metres of junction,unset,\,,Daylight: street lights present,Fine (without high winds),Dry,None,None,No overtaking,324930,667480,2587376,Segment,Pedestrian,350495,unset,EH107DUA,No crossing facility within 50m or physical crossing facility not controlled by authorised person,No physical crossing facility within 50m,At scene,55.8946220722,-3.20055035551,"{""type"": ""Feature"",""geometry"": {""type"": ""Point"",""coordinates"": -3.20055035551, 55.8946220722}}"
613310,,Slight,2,1,25/08/2010,Wednesday,25,August,10,16,35,230,Unclassified,,One way Street,30,Not at or within 20 metres of junction,unset,\,,Daylight: street lights present,Fine (without high winds),Dry,None,None,No overtaking,325820,674290,0,Unset,T.V.N.P.,350496,unset,EH13SS,No crossing facility within 50m or physical crossing facility not controlled by authorised person,No physical crossing facility within 50m,At scene,55.9559405315,-3.18819113558,"{""type"": ""Feature"",""geometry"": {""type"": ""Point"",""coordinates"": -3.18819113558, 55.9559405315}}"
613410,,Serious,2,1,25/08/2010,Wednesday,25,August,10,7,25,230,A,70,Single carriageway - 2 lanes,30,Not at or within 20 metres of junction,unset,\,,Daylight: street lights present,Fine (without high winds),Dry,None,None,No overtaking,323490,672400,561700,Segment,Cyclist,350497,unset,EH112JL,No crossing facility within 50m or physical crossing facility not controlled by authorised person,No physical crossing facility within 50m,Elsewhere,55.9385958164,-3.22496667358,"{""type"": ""Feature"",""geometry"": {""type"": ""Point"",""coordinates"": -3.22496667358, 55.9385958164}}"
613510,,Slight,2,1,26/08/2010,Thursday,26,August,10,1,10,230,C,,Single carriageway - 2 lanes,30,'T' or staggered junction,Automatic Traffic Signal,B,901,Darkness: street lights present and lit,Fine (without high winds),Dry,None,None,No overtaking,325920,674380,520599,Junction,T.V.N.P.,350498,unset,EH13JG,No crossing facility within 50m or physical crossing facility not controlled by authorised person,Pedestrian phase at traffic signal junction,Elsewhere,55.9567645103,-3.18661449116,"{""type"": ""Feature"",""geometry"": {""type"": ""Point"",""coordinates"": -3.18661449116, 55.9567645103}}"
613910,,Slight,2,2,25/08/2010,Wednesday,25,August,10,18,0,230,C,,Single carriageway - 2 lanes,30,Not at or within 20 metres of junction,unset,\,,Daylight: street lighting unknown,Fine (without high winds),Dry,None,None,No overtaking,327020,675150,2106457,Segment,T.V.N.P.,350499,unset,EH68LD,No crossing facility within 50m or physical crossing facility not controlled by authorised person,No physical crossing facility within 50m,Elsewhere,55.9638504934,-3.16920737685,"{""type"": ""Feature"",""geometry"": {""type"": ""Point"",""coordinates"": -3.16920737685, 55.9638504934}}"
614410,,Slight,2,1,25/08/2010,Wednesday,25,August,10,15,50,230,Unclassified,,Single carriageway - 2 lanes,30,Crossroads,Automatic Traffic Signal,Unclassified,,Daylight: no street lighting,Fine (without high winds),Dry,None,None,No overtaking,329760,673300,523641,Junction,Cyclist,350500,unset,EH151ND,Control by other authorised person,Pedestrian phase at traffic signal junction,Elsewhere,55.9476384645,-3.12483763776,"{""type"": ""Feature"",""geometry"": {""type"": ""Point"",""coordinates"": -3.12483763776, 55.9476384645}}"
615510,,Serious,1,2,26/08/2010,Thursday,26,August,10,17,0,230,B,701,Single carriageway - 2 lanes,30,'T' or staggered junction,Give way sign or markings,Unclassified,,Daylight: no street lighting,Fine (without high winds),Dry,None,None,No overtaking,319070,674180,520356,Junction,Pedestrian,350501,unset,EH48DB,No crossing facility within 50m or physical crossing facility not controlled by authorised person,No physical crossing facility within 50m,At scene,55.953862776,-3.2962475913,"{""type"": ""Feature"",""geometry"": {""type"": ""Point"",""coordinates"": -3.2962475913, 55.953862776}}"
617210,,Slight,1,1,26/08/2010,Thursday,26,August,10,15,20,230,A,1,Single carriageway - 2 lanes,30,Not at or within 20 metres of junction,unset,\,,Daylight: street lights present,Fine (without high winds),Dry,None,None,No overtaking,327170,674430,2106016,Segment,Bus,350502,unset,EH75SN,No crossing facility within 50m or physical crossing facility not controlled by authorised person,No physical crossing facility within 50m,Elsewhere,55.9574048242,-3.16661019311,"{""type"": ""Feature"",""geometry"": {""type"": ""Point"",""coordinates"": -3.16661019311, 55.9574048242}}"
617810,,Slight,1,1,26/08/2010,Thursday,26,August,10,16,10,230,A,7,Single carriageway - 2 lanes,30,Not at or within 20 metres of junction,unset,\,,Daylight: no street lighting,Fine (without high winds),Dry,None,None,No overtaking,325960,673580,569279,Segment,Pedestrian,350503,unset,EH11LL,Control by other authorised person,Pedestrian phase at traffic signal junction,At scene,55.9495835643,-3.18575420842,"{""type"": ""Feature"",""geometry"": {""type"": ""Point"",""coordinates"": -3.18575420842, 55.9495835643}}"
618310,,Slight,2,1,25/08/2010,Wednesday,25,August,10,10,30,230,Unclassified,,One way Street,30,'T' or staggered junction,Automatic Traffic Signal,C,,Daylight: street lights present,Fine (without high winds),Dry,None,None,No overtaking,325730,673130,521514,Junction,T.V.N.P.,350504,unset,EH12QZ,No crossing facility within 50m or physical crossing facility not controlled by authorised person,No physical crossing facility within 50m,Elsewhere,55.9455053243,-3.18931284819,"{""type"": ""Feature"",""geometry"": {""type"": ""Point"",""coordinates"": -3.18931284819, 55.9455053243}}"
619010,,Slight,1,1,27/08/2010,Friday,27,August,10,20,20,230,A,8,Single carriageway - 2 lanes,30,Crossroads,Automatic Traffic Signal,A,7,Daylight: street lights present,Raining (without high winds),Dry,None,None,No overtaking,325830,674010,517891,Junction,Pedestrian,350505,unset,EH13AY,Control by other authorised person,Pedestrian phase at traffic signal junction,At scene,55.9534265887,-3.18795395439,"{""type"": ""Feature"",""geometry"": {""type"": ""Point"",""coordinates"": -3.18795395439, 55.9534265887}}"
619110,,Slight,3,2,27/08/2010,Friday,27,August,10,15,55,230,Motorway,9,Dual carriageway - 2 lanes,70,Not at or within 20 metres of junction,unset,\,,Daylight: street lights present,Fine (without high winds),Dry,None,None,No overtaking,311940,673930,562735,Segment,M.V.N.P.,350506,unset,EH299EA,No crossing facility within 50m or physical crossing facility not controlled by authorised person,No physical crossing facility within 50m,At scene,55.9503632187,-3.41032908248,"{""type"": ""Feature"",""geometry"": {""type"": ""Point"",""coordinates"": -3.41032908248, 55.9503632187}}"
620410,,Slight,2,1,27/08/2010,Friday,27,August,10,16,0,230,Unclassified,,Single carriageway - 2 lanes,30,'T' or staggered junction,Give way sign or markings,Unclassified,,Daylight: street lights present,Fine (without high winds),Dry,None,None,No overtaking,327150,674280,520722,Junction,T.V.N.P.,350507,unset,EH88HL,No crossing facility within 50m or physical crossing facility not controlled by authorised person,No physical crossing facility within 50m,Elsewhere,55.9560542,-3.16688993976,"{""type"": ""Feature"",""geometry"": {""type"": ""Point"",""coordinates"": -3.16688993976, 55.9560542}}"
620710,,Slight,1,1,28/08/2010,Saturday,28,August,10,15,30,230,A,8,Single carriageway - 2 lanes,30,'T' or staggered junction,Give way sign or markings,Unclassified,,Daylight: street lights present,Fine (without high winds),Dry,None,None,No overtaking,324490,673550,520881,Junction,Bus,350508,unset,EH24SD,Control by other authorised person,"Pelican, puffin, toucan or similar non-junction pedestrian light crossing",Elsewhere,55.9490853212,-3.209282089,"{""type"": ""Feature"",""geometry"": {""type"": ""Point"",""coordinates"": -3.209282089, 55.9490853212}}"
621310,,Slight,1,1,28/08/2010,Saturday,28,August,10,22,10,230,Unclassified,,Single carriageway - 2 lanes,30,Not at or within 20 metres of junction,unset,\,,Darkness: street lights present and lit,Fine (without high winds),Dry,None,None,No overtaking,321750,669050,551343,Segment,S.V.N.P.,350509,unset,EH130LE,Control by other authorised person,Central refuge - no other controls,At scene,55.908220326,-3.25184707838,"{""type"": ""Feature"",""geometry"": {""type"": ""Point"",""coordinates"": -3.25184707838, 55.908220326}}"
621710,,Slight,1,1,27/08/2010,Friday,27,August,10,13,15,230,A,7,Single carriageway - 2 lanes,30,Multiple junction,Authorised Person,A,8,Daylight: street lights present,Fine (without high winds),Dry,None,None,No overtaking,325840,673990,517891,Junction,Bus,350510,unset,EH11TR,Control by other authorised person,Pedestrian phase at traffic signal junction,Elsewhere,55.9532484545,-3.18778832486,"{""type"": ""Feature"",""geometry"": {""type"": ""Point"",""coordinates"": -3.18778832486, 55.9532484545}}"
622010,,Slight,2,1,27/08/2010,Friday,27,August,10,12,0,230,Unclassified,,Single carriageway - 2 lanes,30,'T' or staggered junction,Give way sign or markings,Unclassified,,Daylight: street lights present,Unknown,Dry,None,None,No overtaking,319340,672810,521670,Junction,T.V.N.P.,350511,unset,EH128HH,Control by other authorised person,Central refuge - no other controls,Elsewhere,55.9416007285,-3.29151450456,"{""type"": ""Feature"",""geometry"": {""type"": ""Point"",""coordinates"": -3.29151450456, 55.9416007285}}"
622710,,Slight,2,1,17/08/2010,Tuesday,17,August,10,13,50,230,B,901,Single carriageway - 2 lanes,30,Crossroads,Give way sign or markings,Unclassified,,Daylight: street lights present,Fine (without high winds),Dry,None,None,No overtaking,325870,674480,520608,Junction,Cyclist,350512,unset,EH13RH,No crossing facility within 50m or physical crossing facility not controlled by authorised person,Pedestrian phase at traffic signal junction,At scene,55.9576551859,-3.18744270345,"{""type"": ""Feature"",""geometry"": {""type"": ""Point"",""coordinates"": -3.18744270345, 55.9576551859}}"
622910,,Slight,2,1,29/08/2010,Sunday,29,August,10,4,43,230,A,1,Roundabout,30,Roundabout,Stop sign,A,1,Daylight: no street lighting,Fine (without high winds),Dry,None,None,No overtaking,331240,672430,517720,Junction,Bus,350513,unset,EH153SA,No crossing facility within 50m or physical crossing facility not controlled by authorised person,No physical crossing facility within 50m,At scene,55.9400362638,-3.10091981892,"{""type"": ""Feature"",""geometry"": {""type"": ""Point"",""coordinates"": -3.10091981892, 55.9400362638}}"
623010,,Slight,2,1,29/08/2010,Sunday,29,August,10,15,40,230,A,70,Single carriageway - 2 lanes,30,'T' or staggered junction,Give way sign or markings,Unclassified,,Daylight: street lights present,Fine (without high winds),Dry,None,None,No overtaking,322760,671610,522231,Junction,T.V.N.P.,350514,unset,EH141NY,No crossing facility within 50m or physical crossing facility not controlled by authorised person,"Pelican, puffin, toucan or similar non-junction pedestrian light crossing",At scene,55.9313819268,-3.23642523785,"{""type"": ""Feature"",""geometry"": {""type"": ""Point"",""coordinates"": -3.23642523785, 55.9313819268}}"
623610,,Slight,2,1,30/08/2010,Monday,30,August,10,10,10,230,Unclassified,,Single carriageway - 2 lanes,30,'T' or staggered junction,Give way sign or markings,Unclassified,,Daylight: no street lighting,Fine (without high winds),Dry,None,None,No overtaking,326000,673040,521574,Junction,Cyclist,350515,unset,EH89BT,No crossing facility within 50m or physical crossing facility not controlled by authorised person,No physical crossing facility within 50m,Elsewhere,55.9447384185,-3.18496558849,"{""type"": ""Feature"",""geometry"": {""type"": ""Point"",""coordinates"": -3.18496558849, 55.9447384185}}"
623710,,Slight,2,1,26/08/2010,Thursday,26,August,10,17,28,230,A,1,Dual carriageway - 2 lanes,50,Roundabout,Give way sign or markings,A,1,Daylight: no street lighting,Fine (without high winds),Dry,None,None,No overtaking,331250,672420,517720,Junction,T.V.N.P.,350516,unset,EH153SA,Control by other authorised person,No physical crossing facility within 50m,At scene,55.9399478523,-3.10075719354,"{""type"": ""Feature"",""geometry"": {""type"": ""Point"",""coordinates"": -3.10075719354, 55.9399478523}}"
624710,,Slight,2,1,30/08/2010,Monday,30,August,10,15,45,230,C,,Single carriageway - 2 lanes,30,Not at or within 20 metres of junction,unset,\,,Daylight: street lights present,Fine (without high winds),Dry,None,None,No overtaking,325160,675020,566675,Segment,T.V.N.P.,350517,unset,EH35HW,No crossing facility within 50m or physical crossing facility not controlled by authorised person,No physical crossing facility within 50m,Elsewhere,55.9623963789,-3.19896294379,"{""type"": ""Feature"",""geometry"": {""type"": ""Point"",""coordinates"": -3.19896294379, 55.9623963789}}"
625210,,Slight,2,1,04/08/2010,Wednesday,4,August,10,14,30,230,A,90,Single carriageway - 2 lanes,40,Other junction,Give way sign or markings,Unclassified,,Daylight: street lights present,Unknown,Dry,None,None,No overtaking,321860,674700,519996,Junction,Cyclist,350518,unset,EH42AB,No crossing facility within 50m or physical crossing facility not controlled by authorised person,No physical crossing facility within 50m,Elsewhere,55.9589961113,-3.25172340716,"{""type"": ""Feature"",""geometry"": {""type"": ""Point"",""coordinates"": -3.25172340716, 55.9589961113}}"
625310,,Slight,2,1,30/08/2010,Monday,30,August,10,19,50,230,A,901,Single carriageway - 2 lanes,30,Crossroads,Automatic Traffic Signal,B,900,Daylight: street lights present,Fine (without high winds),Dry,None,None,No overtaking,326730,676160,531355,Junction,Cyclist,350519,unset,EH65JB,Control by other authorised person,No physical crossing facility within 50m,At scene,55.9728800874,-3.17412712304,"{""type"": ""Feature"",""geometry"": {""type"": ""Point"",""coordinates"": -3.17412712304, 55.9728800874}}"
625410,,Slight,2,1,30/08/2010,Monday,30,August,10,22,20,230,Unclassified,,Single carriageway - 2 lanes,30,Not at or within 20 metres of junction,unset,\,,Darkness: street lights present but unlit,Fine (without high winds),Dry,None,None,No overtaking,324990,675740,0,Unset,T.V.N.P.,350520,unset,EH35QL,No crossing facility within 50m or physical crossing facility not controlled by authorised person,No physical crossing facility within 50m,Elsewhere,55.9688382117,-3.2018862233,"{""type"": ""Feature"",""geometry"": {""type"": ""Point"",""coordinates"": -3.2018862233, 55.9688382117}}"
625910,,Slight,2,1,17/08/2010,Tuesday,17,August,10,3,5,230,A,902,Roundabout,30,Roundabout,Give way sign or markings,Unclassified,,Darkness: street lights present and lit,Raining (without high winds),Dry,None,None,No overtaking,322930,675730,519406,Junction,T.V.N.P.,350521,unset,EH42NT,No crossing facility within 50m or physical crossing facility not controlled by authorised person,No physical crossing facility within 50m,At scene,55.9684221873,-3.2348822601,"{""type"": ""Feature"",""geometry"": {""type"": ""Point"",""coordinates"": -3.2348822601, 55.9684221873}}"
626210,,Slight,2,1,30/08/2010,Monday,30,August,10,20,5,230,Unclassified,,Single carriageway - 2 lanes,30,Not at or within 20 metres of junction,unset,\,,Daylight: street lights present,Fine (without high winds),Dry,None,None,No overtaking,320420,669400,0,Unset,Cyclist,350522,unset,EH143EY,No crossing facility within 50m or physical crossing facility not controlled by authorised person,No physical crossing facility within 50m,At scene,55.9111465431,-3.27322165614,"{""type"": ""Feature"",""geometry"": {""type"": ""Point"",""coordinates"": -3.27322165614, 55.9111465431}}"
626310,,Slight,2,1,30/08/2010,Monday,30,August,10,6,45,230,Unclassified,,Single carriageway - 2 lanes,30,'T' or staggered junction,Give way sign or markings,Unclassified,,Daylight: street lights present,Fine (without high winds),Dry,None,None,No overtaking,321670,675510,530371,Junction,Cyclist,350523,unset,EH44PH,No crossing facility within 50m or physical crossing facility not controlled by authorised person,"Pelican, puffin, toucan or similar non-junction pedestrian light crossing",At scene,55.9662419219,-3.25500168642,"{""type"": ""Feature"",""geometry"": {""type"": ""Point"",""coordinates"": -3.25500168642, 55.9662419219}}"