acc_ref,beat_no,severity,no_vehicle,no_casualt,a_date,a_day,a_date_day,a_date_mon,a_date_yr,a_time_hr,a_time_min,loc_auth,road1_class,road1_no,road_type,speed_limi,junc_det,junc_ctrl,road2_class,road2_no,light_cond,weather,road_surf,spec_cond,cway_hzrds,ovrtk_patrn,easting,northing,net_id,net_type,acc_type,text_id,division,Postcode,ped_xing_hc,ped_xing_p,place_reported,latitude,longitude,geojson
626710,,Slight,1,1,31/08/2010,Tuesday,31,August,10,10,30,230,A,720,Dual carriageway - 2 lanes,70,Not at or within 20 metres of junction,unset,\,,Daylight: no street lighting,Fine (without high winds),Dry,None,None,No overtaking,328020,666890,2579069,Segment,S.V.N.P.,350524,unset,EH178SD,No crossing facility within 50m or physical crossing facility not controlled by authorised person,No physical crossing facility within 50m,At scene,55.8897932545,-3.1509883269,"{""type"": ""Feature"",""geometry"": {""type"": ""Point"",""coordinates"": -3.1509883269, 55.8897932545}}"
627110,,Slight,2,1,31/08/2010,Tuesday,31,August,10,11,10,230,Unclassified,,Single carriageway - 2 lanes,30,Crossroads,Give way sign or markings,Unclassified,,Daylight: street lights present,Fine (without high winds),Dry,None,None,No overtaking,324190,675950,519418,Junction,T.V.N.P.,350525,unset,EH52AD,No crossing facility within 50m or physical crossing facility not controlled by authorised person,No physical crossing facility within 50m,At scene,55.9705991779,-3.21476052637,"{""type"": ""Feature"",""geometry"": {""type"": ""Point"",""coordinates"": -3.21476052637, 55.9705991779}}"
627910,,Slight,2,1,30/08/2010,Monday,30,August,10,9,45,230,Unclassified,,Single carriageway - 2 lanes,30,Not at or within 20 metres of junction,unset,\,,Daylight: street lights present,Fine (without high winds),Dry,None,None,No overtaking,323760,672050,554708,Segment,Cyclist,350526,unset,EH111LY,No crossing facility within 50m or physical crossing facility not controlled by authorised person,No physical crossing facility within 50m,Elsewhere,55.9354943795,-3.22054605101,"{""type"": ""Feature"",""geometry"": {""type"": ""Point"",""coordinates"": -3.22054605101, 55.9354943795}}"
629110,,Slight,2,1,30/08/2010,Monday,30,August,10,17,55,230,Unclassified,,Roundabout,30,Roundabout,Give way sign or markings,Unclassified,,Daylight: street lights present,Fine (without high winds),Dry,None,None,No overtaking,327820,674120,520764,Junction,Cyclist,350527,unset,EH87AS,No crossing facility within 50m or physical crossing facility not controlled by authorised person,No physical crossing facility within 50m,At scene,55.9547178878,-3.15611769959,"{""type"": ""Feature"",""geometry"": {""type"": ""Point"",""coordinates"": -3.15611769959, 55.9547178878}}"
629710,,Slight,2,1,09/08/2010,Monday,9,August,10,8,0,230,Unclassified,,Single carriageway - 2 lanes,30,Crossroads,Give way sign or markings,Unclassified,,Daylight: no street lighting,Fine (without high winds),Dry,None,None,No overtaking,324390,669870,532891,Junction,Cyclist,350528,unset,EH106EZ,No crossing facility within 50m or physical crossing facility not controlled by authorised person,No physical crossing facility within 50m,At scene,55.9160090676,-3.2098523949,"{""type"": ""Feature"",""geometry"": {""type"": ""Point"",""coordinates"": -3.2098523949, 55.9160090676}}"
630710,,Slight,4,1,15/08/2010,Sunday,15,August,10,13,0,230,A,90,Dual carriageway - 2 lanes,40,Not at or within 20 metres of junction,unset,\,,Daylight: street lights present,Fine (without high winds),Dry,None,Involvement with previous accident,No overtaking,312490,678760,555393,Segment,M.V.N.P.,350529,unset,unset,No crossing facility within 50m or physical crossing facility not controlled by authorised person,No physical crossing facility within 50m,At scene,55.9938520388,-3.4030932388,"{""type"": ""Feature"",""geometry"": {""type"": ""Point"",""coordinates"": -3.4030932388, 55.9938520388}}"
632110,,Serious,3,2,01/09/2010,Wednesday,1,September,10,21,15,230,Unclassified,,Single carriageway - 2 lanes,60,Not at or within 20 metres of junction,unset,\,,Darkness: no street lighting,Fine (without high winds),Dry,None,None,No overtaking,313640,666080,561617,Segment,M.V.N.P.,365146,unset,EH147JF,No crossing facility within 50m or physical crossing facility not controlled by authorised person,No physical crossing facility within 50m,At scene,55.8801531693,-3.3806029907,"{""type"": ""Feature"",""geometry"": {""type"": ""Point"",""coordinates"": -3.3806029907, 55.8801531693}}"
632610,,Slight,2,1,31/08/2010,Tuesday,31,August,10,1,44,230,A,7,Single carriageway - 2 lanes,30,Not at or within 20 metres of junction,unset,\,,Darkness: street lights present and lit,Fine (without high winds),Dry,None,None,No overtaking,326100,673150,569282,Segment,T.V.N.P.,350530,unset,EH89BZ,No crossing facility within 50m or physical crossing facility not controlled by authorised person,No physical crossing facility within 50m,Elsewhere,55.945742034,-3.18339480679,"{""type"": ""Feature"",""geometry"": {""type"": ""Point"",""coordinates"": -3.18339480679, 55.945742034}}"
634110,,Slight,3,1,01/09/2010,Wednesday,1,September,10,19,45,230,C,,Single carriageway - 2 lanes,30,'T' or staggered junction,Give way sign or markings,Unclassified,,Daylight: street lights present,Fine (without high winds),Dry,None,None,No overtaking,321370,670950,529696,Junction,M.V.N.P.,365147,unset,EH142BN,Control by other authorised person,"Pelican, puffin, toucan or similar non-junction pedestrian light crossing",Elsewhere,55.9252274294,-3.25847758748,"{""type"": ""Feature"",""geometry"": {""type"": ""Point"",""coordinates"": -3.25847758748, 55.9252274294}}"
634210,,Serious,2,1,23/05/2010,Sunday,23,May,10,13,0,230,C,,Single carriageway - 2 lanes,30,'T' or staggered junction,Give way sign or markings,Unknown,,Daylight: street lights present,Fine (without high winds),Dry,None,None,No overtaking,324170,674320,0,Unset,T.V.N.P.,350571,unset,EH41PX,No crossing facility within 50m or physical crossing facility not controlled by authorised person,No physical crossing facility within 50m,\3,55.9559524585,-3.21462213236,"{""type"": ""Feature"",""geometry"": {""type"": ""Point"",""coordinates"": -3.21462213236, 55.9559524585}}"
634410,,Slight,2,1,01/09/2010,Wednesday,1,September,10,17,20,230,Unclassified,,Single carriageway - 2 lanes,30,Not at or within 20 metres of junction,unset,\,,Daylight: street lights present,Fine (without high winds),Dry,None,None,No overtaking,329470,669380,12219698,Segment,Cyclist,365148,unset,EH177HT,No crossing facility within 50m or physical crossing facility not controlled by authorised person,No physical crossing facility within 50m,Elsewhere,55.912378304,-3.12845667173,"{""type"": ""Feature"",""geometry"": {""type"": ""Point"",""coordinates"": -3.12845667173, 55.912378304}}"
635010,,Slight,3,1,27/08/2010,Friday,27,August,10,18,10,230,A,71,Single carriageway - 2 lanes,50,'T' or staggered junction,Give way sign or markings,Unclassified,,Daylight: no street lighting,Fine (without high winds),Dry,None,None,No overtaking,314540,669180,517744,Junction,M.V.N.P.,350531,unset,EH278EB,No crossing facility within 50m or physical crossing facility not controlled by authorised person,No physical crossing facility within 50m,Elsewhere,55.9081620094,-3.36719871902,"{""type"": ""Feature"",""geometry"": {""type"": ""Point"",""coordinates"": -3.36719871902, 55.9081620094}}"
635810,,Slight,1,1,02/09/2010,Thursday,2,September,10,19,25,230,A,90,Single carriageway - 2 lanes,40,Not at or within 20 metres of junction,unset,\,,Daylight: street lights present,Fine (without high winds),Dry,None,None,No overtaking,319900,675050,555507,Segment,Bus,365149,unset,EH47NB,No crossing facility within 50m or physical crossing facility not controlled by authorised person,No physical crossing facility within 50m,At scene,55.9618175503,-3.28321590776,"{""type"": ""Feature"",""geometry"": {""type"": ""Point"",""coordinates"": -3.28321590776, 55.9618175503}}"
635910,,Slight,2,1,02/09/2010,Thursday,2,September,10,18,25,230,Unclassified,,Single carriageway - 2 lanes,30,Not at or within 20 metres of junction,unset,\,,Daylight: street lights present,Unknown,Dry,None,None,No overtaking,327130,676660,0,Unset,T.V.N.P.,365150,unset,EH66QW,Control by other authorised person,Pedestrian phase at traffic signal junction,Elsewhere,55.9774329188,-3.16785410085,"{""type"": ""Feature"",""geometry"": {""type"": ""Point"",""coordinates"": -3.16785410085, 55.9774329188}}"
636710,,Serious,2,1,01/09/2010,Wednesday,1,September,10,13,30,230,A,702,Single carriageway - 2 lanes,30,Other junction,Give way sign or markings,Unclassified,,Daylight: street lights present,Fine (without high winds),Dry,None,None,No overtaking,324510,672040,522024,Junction,T.V.N.P.,365151,unset,EH104DG,Control by other authorised person,Central refuge - no other controls,At scene,55.9355228786,-3.20853932691,"{""type"": ""Feature"",""geometry"": {""type"": ""Point"",""coordinates"": -3.20853932691, 55.9355228786}}"
637810,,Slight,2,1,02/09/2010,Thursday,2,September,10,17,20,230,Unclassified,,Single carriageway - 2 lanes,30,Roundabout,Give way sign or markings,C,,Daylight: street lights present,Fine (without high winds),Dry,None,None,No overtaking,322510,672380,521919,Junction,T.V.N.P.,365152,unset,EH112QW,Control by other authorised person,Pedestrian phase at traffic signal junction,Elsewhere,55.9382591836,-3.24064715208,"{""type"": ""Feature"",""geometry"": {""type"": ""Point"",""coordinates"": -3.24064715208, 55.9382591836}}"
639510,,Slight,1,1,03/09/2010,Friday,3,September,10,8,40,230,A,90,Single carriageway - 2 lanes,30,Not at or within 20 metres of junction,unset,\,,Daylight: no street lighting,Fine (without high winds),Dry,None,None,No overtaking,324100,673940,0,Unset,S.V.N.P.,365153,unset,EH43BG,No crossing facility within 50m or physical crossing facility not controlled by authorised person,No physical crossing facility within 50m,At scene,55.9525275649,-3.2156360934,"{""type"": ""Feature"",""geometry"": {""type"": ""Point"",""coordinates"": -3.2156360934, 55.9525275649}}"
639710,,Slight,2,1,03/09/2010,Friday,3,September,10,8,25,230,Unclassified,,Single carriageway - 2 lanes,30,Crossroads,Automatic Traffic Signal,Unclassified,,Daylight: street lights present,Fine (without high winds),Dry,None,None,No overtaking,322590,670350,529981,Junction,Cyclist,365154,unset,EH141DW,Control by other authorised person,Pedestrian phase at traffic signal junction,Elsewhere,55.9200350617,-3.23878463703,"{""type"": ""Feature"",""geometry"": {""type"": ""Point"",""coordinates"": -3.23878463703, 55.9200350617}}"
639810,,Slight,2,1,03/09/2010,Friday,3,September,10,17,40,230,Unclassified,,Single carriageway - 2 lanes,30,Other junction,Give way sign or markings,Unclassified,,Daylight: street lights present,Fine (without high winds),Dry,None,None,No overtaking,323850,671520,522288,Junction,Cyclist,365155,unset,EH105DE,No crossing facility within 50m or physical crossing facility not controlled by authorised person,No physical crossing facility within 50m,At scene,55.9307472223,-3.21895606438,"{""type"": ""Feature"",""geometry"": {""type"": ""Point"",""coordinates"": -3.21895606438, 55.9307472223}}"
641210,,Serious,1,1,03/09/2010,Friday,3,September,10,20,35,230,Unclassified,,Single carriageway - 2 lanes,30,Not at or within 20 metres of junction,unset,\,,Daylight: street lights present,Fine (without high winds),Dry,None,None,No overtaking,320260,669520,565058,Segment,Pedestrian,365156,unset,EH143AN,No crossing facility within 50m or physical crossing facility not controlled by authorised person,No physical crossing facility within 50m,Elsewhere,55.9121980969,-3.27581622738,"{""type"": ""Feature"",""geometry"": {""type"": ""Point"",""coordinates"": -3.27581622738, 55.9121980969}}"
641310,,Slight,1,3,02/09/2010,Thursday,2,September,10,17,40,230,A,90,Single carriageway - 2 lanes,30,Other junction,Give way sign or markings,Unclassified,,Daylight: street lights present,Fine (without high winds),Dry,None,None,No overtaking,324560,673750,520956,Junction,Bus,365157,unset,EH24QS,No crossing facility within 50m or physical crossing facility not controlled by authorised person,No physical crossing facility within 50m,At scene,55.9508930792,-3.20821728564,"{""type"": ""Feature"",""geometry"": {""type"": ""Point"",""coordinates"": -3.20821728564, 55.9508930792}}"
641410,,Slight,1,1,03/09/2010,Friday,3,September,10,23,25,230,Unclassified,,Single carriageway - 2 lanes,30,Not at or within 20 metres of junction,unset,\,,Darkness: street lights present and lit,Fine (without high winds),Dry,None,None,No overtaking,325750,673750,569724,Segment,Pedestrian,365158,unset,EH11DF,No crossing facility within 50m or physical crossing facility not controlled by authorised person,No physical crossing facility within 50m,At scene,55.9510784241,-3.18916336887,"{""type"": ""Feature"",""geometry"": {""type"": ""Point"",""coordinates"": -3.18916336887, 55.9510784241}}"
641710,,Slight,2,1,04/09/2010,Saturday,4,September,10,17,30,230,Unclassified,,Single carriageway - 2 lanes,30,'T' or staggered junction,Automatic Traffic Signal,A,7,Daylight: street lights present,Fine (without high winds),Dry,None,None,No overtaking,326000,673420,521589,Junction,T.V.N.P.,365159,unset,EH11LL,Control by other authorised person,"Pelican, puffin, toucan or similar non-junction pedestrian light crossing",At scene,55.9481523015,-3.18506985303,"{""type"": ""Feature"",""geometry"": {""type"": ""Point"",""coordinates"": -3.18506985303, 55.9481523015}}"
641910,,Slight,2,2,04/09/2010,Saturday,4,September,10,15,49,230,A,900,Dual carriageway - 2 lanes,30,Not at or within 20 metres of junction,unset,\,,Daylight: street lights present,Fine (without high winds),Dry,None,None,No overtaking,326050,674410,558575,Segment,T.V.N.P.,365160,unset,EH13JT,Control by other authorised person,Pedestrian phase at traffic signal junction,Elsewhere,55.9570540545,-3.18454088161,"{""type"": ""Feature"",""geometry"": {""type"": ""Point"",""coordinates"": -3.18454088161, 55.9570540545}}"
643710,,Slight,1,6,04/09/2010,Saturday,4,September,10,14,0,230,A,7,Single carriageway - 2 lanes,30,Not at or within 20 metres of junction,unset,\,,Daylight: street lights present,Fine (without high winds),Dry,None,None,No overtaking,327160,671860,568123,Segment,Bus,365161,unset,EH92BB,No crossing facility within 50m or physical crossing facility not controlled by authorised person,No physical crossing facility within 50m,At scene,55.9343145222,-3.1660762594,"{""type"": ""Feature"",""geometry"": {""type"": ""Point"",""coordinates"": -3.1660762594, 55.9343145222}}"
645810,,Slight,1,1,06/09/2010,Monday,6,September,10,8,20,230,Unclassified,,Single carriageway - 2 lanes,30,Mini-roundabout,Give way sign or markings,Unclassified,,Daylight: no street lighting,Fine (without high winds),Dry,None,None,No overtaking,320540,675450,519750,Junction,Pedestrian,365162,unset,EH46AA,Control by other authorised person,Pedestrian phase at traffic signal junction,Elsewhere,55.9655172794,-3.27308383283,"{""type"": ""Feature"",""geometry"": {""type"": ""Point"",""coordinates"": -3.27308383283, 55.9655172794}}"
647010,,Slight,2,1,05/09/2010,Sunday,5,September,10,15,15,230,Unclassified,,Single carriageway - 2 lanes,30,Using private drive or entrance,Give way sign or markings,Unclassified,,Daylight: street lights present,Fine (without high winds),Dry,None,None,No overtaking,319640,668480,561868,Segment,T.V.N.P.,365163,unset,EH145DE,No crossing facility within 50m or physical crossing facility not controlled by authorised person,No physical crossing facility within 50m,Elsewhere,55.9027520013,-3.28542413151,"{""type"": ""Feature"",""geometry"": {""type"": ""Point"",""coordinates"": -3.28542413151, 55.9027520013}}"
648410,,Serious,2,4,08/08/2010,Sunday,8,August,10,13,45,230,A,70,Single carriageway - 2 lanes,30,Crossroads,Automatic Traffic Signal,B,701,Daylight: street lights present,Fine (without high winds),Dry,None,None,No overtaking,320570,669060,532906,Junction,T.V.N.P.,350573,unset,EH145BB,No crossing facility within 50m or physical crossing facility not controlled by authorised person,No physical crossing facility within 50m,At scene,55.9081168763,-3.27072252939,"{""type"": ""Feature"",""geometry"": {""type"": ""Point"",""coordinates"": -3.27072252939, 55.9081168763}}"
651110,,Slight,2,1,21/08/2010,Saturday,21,August,10,12,7,230,A,1140,Single carriageway - 2 lanes,30,Not at or within 20 metres of junction,unset,\,,Daylight: street lights present,Fine (without high winds),Dry,None,None,No overtaking,328910,674220,554891,Segment,T.V.N.P.,350532,unset,EH87BW,No crossing facility within 50m or physical crossing facility not controlled by authorised person,No physical crossing facility within 50m,At scene,55.9557788038,-3.13868929051,"{""type"": ""Feature"",""geometry"": {""type"": ""Point"",""coordinates"": -3.13868929051, 55.9557788038}}"
651310,,Slight,2,1,08/09/2010,Wednesday,8,September,10,9,20,230,Unclassified,,Roundabout,30,Mini-roundabout,Give way sign or markings,B,9085,Daylight: street lights present,Fine (without high winds),Dry,None,None,No overtaking,320550,675440,519747,Junction,Cyclist,365164,unset,EH45BZ,Control by other authorised person,"Pelican, puffin, toucan or similar non-junction pedestrian light crossing",At scene,55.9654290979,-3.27292071095,"{""type"": ""Feature"",""geometry"": {""type"": ""Point"",""coordinates"": -3.27292071095, 55.9654290979}}"
651410,,Slight,1,1,07/09/2010,Tuesday,7,September,10,14,0,230,Unclassified,,Single carriageway - 2 lanes,30,Not at or within 20 metres of junction,unset,\,,Daylight: street lights present,Fine (without high winds),Dry,None,None,No overtaking,324200,674700,554207,Segment,Bus,365165,unset,EH41DS,No crossing facility within 50m or physical crossing facility not controlled by authorised person,No physical crossing facility within 50m,Elsewhere,55.9593710329,-3.21424859915,"{""type"": ""Feature"",""geometry"": {""type"": ""Point"",""coordinates"": -3.21424859915, 55.9593710329}}"
652410,,Serious,2,1,07/09/2010,Tuesday,7,September,10,18,35,230,A,7,Single carriageway - 2 lanes,30,'T' or staggered junction,Automatic Traffic Signal,Unclassified,,Darkness: street lights present and lit,Raining (without high winds),Dry,None,None,No overtaking,326760,672360,522078,Junction,Cyclist,365166,unset,EH165BS,No crossing facility within 50m or physical crossing facility not controlled by authorised person,Pedestrian phase at traffic signal junction,At scene,55.9387457404,-3.1726139456,"{""type"": ""Feature"",""geometry"": {""type"": ""Point"",""coordinates"": -3.1726139456, 55.9387457404}}"
653010,,Slight,1,1,08/09/2010,Wednesday,8,September,10,17,15,230,A,900,Single carriageway - 2 lanes,30,Crossroads,Automatic Traffic Signal,Unclassified,,Daylight: street lights present,Fine (without high winds),Dry,None,None,No overtaking,326200,674660,520257,Junction,Pedestrian,365167,unset,EH74AE,No crossing facility within 50m or physical crossing facility not controlled by authorised person,No physical crossing facility within 50m,Elsewhere,55.9593230935,-3.18220719826,"{""type"": ""Feature"",""geometry"": {""type"": ""Point"",""coordinates"": -3.18220719826, 55.9593230935}}"
654110,,Slight,2,1,09/09/2010,Thursday,9,September,10,7,45,230,A,702,Single carriageway - 2 lanes,40,'T' or staggered junction,Give way sign or markings,Unclassified,,Daylight: street lights present,Fine (without high winds),Dry,None,None,No overtaking,324920,672830,533344,Junction,Cyclist,365168,unset,EH39NA,No crossing facility within 50m or physical crossing facility not controlled by authorised person,No physical crossing facility within 50m,Elsewhere,55.9426843227,-3.2021969794,"{""type"": ""Feature"",""geometry"": {""type"": ""Point"",""coordinates"": -3.2021969794, 55.9426843227}}"
654710,,Slight,1,1,08/09/2010,Wednesday,8,September,10,10,50,230,A,90,Single carriageway - 2 lanes,30,'T' or staggered junction,Give way sign or markings,Unclassified,,Darkness: street lights present but unlit,Fine (without high winds),Dry,None,None,No overtaking,324560,673740,520956,Junction,Bus,365169,unset,EH24PG,No crossing facility within 50m or physical crossing facility not controlled by authorised person,"Pelican, puffin, toucan or similar non-junction pedestrian light crossing",Elsewhere,55.950803241,-3.20821448767,"{""type"": ""Feature"",""geometry"": {""type"": ""Point"",""coordinates"": -3.20821448767, 55.950803241}}"
655010,,Slight,2,1,09/09/2010,Thursday,9,September,10,16,0,230,B,900,Single carriageway - 2 lanes,30,'T' or staggered junction,Authorised Person,Unclassified,,Daylight: street lights present,Fine (without high winds),Dry,None,None,No overtaking,325480,675130,519816,Junction,Cyclist,365170,unset,EH74EZ,No crossing facility within 50m or physical crossing facility not controlled by authorised person,Pedestrian phase at traffic signal junction,Elsewhere,55.9634343544,-3.19386811218,"{""type"": ""Feature"",""geometry"": {""type"": ""Point"",""coordinates"": -3.19386811218, 55.9634343544}}"
655410,,Serious,1,1,09/09/2010,Thursday,9,September,10,15,30,230,A,71,Single carriageway - 2 lanes,30,Not at or within 20 metres of junction,unset,\,,Daylight: street lights present,Fine (without high winds),Dry,None,None,No overtaking,322330,671900,549743,Segment,Pedestrian,365171,unset,EH112RT,Control by school crossing patrol,Pedestrian phase at traffic signal junction,At scene,55.9339179504,-3.24339012163,"{""type"": ""Feature"",""geometry"": {""type"": ""Point"",""coordinates"": -3.24339012163, 55.9339179504}}"
655510,,Slight,3,3,09/09/2010,Thursday,9,September,10,14,59,230,Motorway,8,Dual carriageway - 2 lanes,70,Not at or within 20 metres of junction,unset,\,,Daylight: street lights present,Fine (without high winds),Dry,None,None,No overtaking,317980,670870,6452850,Segment,M.V.N.P.,365172,unset,EH129BU,No crossing facility within 50m or physical crossing facility not controlled by authorised person,No physical crossing facility within 50m,At scene,55.9239426465,-3.31269475182,"{""type"": ""Feature"",""geometry"": {""type"": ""Point"",""coordinates"": -3.31269475182, 55.9239426465}}"
656110,,Slight,1,1,09/09/2010,Thursday,9,September,10,17,40,230,Unclassified,,One way Street,20,Not at or within 20 metres of junction,unset,\,,Daylight: no street lighting,Fine (without high winds),Dry,None,None,No overtaking,327860,674840,0,Unset,Pedestrian,365173,unset,EH76DG,No crossing facility within 50m or physical crossing facility not controlled by authorised person,No physical crossing facility within 50m,At scene,55.961192361,-3.15566988952,"{""type"": ""Feature"",""geometry"": {""type"": ""Point"",""coordinates"": -3.15566988952, 55.961192361}}"
656210,,Slight,1,1,08/09/2010,Wednesday,8,September,10,21,0,230,Unclassified,,Single carriageway - 2 lanes,30,Slip road,Give way sign or markings,Unclassified,,Daylight: no street lighting,Fine (without high winds),Dry,None,None,No overtaking,320390,670710,0,Unset,Pedestrian,365174,unset,EH114RY,No crossing facility within 50m or physical crossing facility not controlled by authorised person,No physical crossing facility within 50m,At scene,55.9229101582,-3.27408746614,"{""type"": ""Feature"",""geometry"": {""type"": ""Point"",""coordinates"": -3.27408746614, 55.9229101582}}"
657310,,Slight,2,2,10/09/2010,Friday,10,September,10,9,25,230,Unclassified,,Single carriageway - 2 lanes,40,Not at or within 20 metres of junction,unset,\,,Daylight: no street lighting,Raining (without high winds),Dry,None,None,No overtaking,312290,677640,555318,Segment,T.V.N.P.,365175,unset,EH309SS,Control by other authorised person,Pedestrian phase at traffic signal junction,At scene,55.9837544947,-3.40593364436,"{""type"": ""Feature"",""geometry"": {""type"": ""Point"",""coordinates"": -3.40593364436, 55.9837544947}}"
657510,,Slight,1,1,09/09/2010,Thursday,9,September,10,14,20,230,A,1,Single carriageway - 2 lanes,30,Roundabout,Give way sign or markings,A,1,Daylight: no street lighting,Fine (without high winds),Dry,None,None,No overtaking,330370,672850,532579,Junction,Bus,365176,unset,EH151JU,No crossing facility within 50m or physical crossing facility not controlled by authorised person,No physical crossing facility within 50m,Elsewhere,55.9436843741,-3.1149548887,"{""type"": ""Feature"",""geometry"": {""type"": ""Point"",""coordinates"": -3.1149548887, 55.9436843741}}"
657710,,Slight,2,3,10/09/2010,Friday,10,September,10,13,10,230,A,720,Dual carriageway - 2 lanes,70,Not at or within 20 metres of junction,unset,\,,Daylight: no street lighting,Fine (without high winds),Dry,None,None,No overtaking,320380,668750,570540,Segment,T.V.N.P.,365177,unset,EH146BA,No crossing facility within 50m or physical crossing facility not controlled by authorised person,No physical crossing facility within 50m,At scene,55.9053005482,-3.27367002217,"{""type"": ""Feature"",""geometry"": {""type"": ""Point"",""coordinates"": -3.27367002217, 55.9053005482}}"
658210,,Slight,2,2,10/09/2010,Friday,10,September,10,11,45,230,A,901,Single carriageway - 2 lanes,30,Not at or within 20 metres of junction,unset,\,,Daylight: street lights present,Raining (without high winds),Dry,None,None,No overtaking,325410,677050,558799,Segment,T.V.N.P.,365178,unset,EH64TD,No crossing facility within 50m or physical crossing facility not controlled by authorised person,No physical crossing facility within 50m,At scene,55.9806724462,-3.19552116437,"{""type"": ""Feature"",""geometry"": {""type"": ""Point"",""coordinates"": -3.19552116437, 55.9806724462}}"
658710,,Slight,3,1,10/09/2010,Friday,10,September,10,12,35,230,Unclassified,,Single carriageway - 2 lanes,30,Crossroads,Give way sign or markings,Unclassified,,Daylight: no street lighting,Raining (without high winds),Dry,None,None,No overtaking,324520,670690,529816,Junction,M.V.N.P.,365179,unset,EH106AL,No crossing facility within 50m or physical crossing facility not controlled by authorised person,No physical crossing facility within 50m,At scene,55.9233962489,-3.20800185935,"{""type"": ""Feature"",""geometry"": {""type"": ""Point"",""coordinates"": -3.20800185935, 55.9233962489}}"
660110,,Serious,2,1,06/08/2010,Friday,6,August,10,18,14,230,A,701,Single carriageway - 2 lanes,30,Crossroads,Automatic Traffic Signal,Unclassified,,Daylight: street lights present,Fine (without high winds),Dry,None,None,No overtaking,326730,671820,529477,Junction,Cyclist,350533,unset,EH92BT,Control by other authorised person,Pedestrian phase at traffic signal junction,At scene,55.9338898328,-3.1729475396,"{""type"": ""Feature"",""geometry"": {""type"": ""Point"",""coordinates"": -3.1729475396, 55.9338898328}}"
660510,,Slight,1,1,10/09/2010,Friday,10,September,10,17,0,230,A,71,Single carriageway - 2 lanes,30,Crossroads,Automatic Traffic Signal,Unclassified,,Daylight: street lights present,Fine (without high winds),Dry,None,None,No overtaking,322820,672230,521964,Junction,Bus,365180,unset,EH112PP,Control by other authorised person,Pedestrian phase at traffic signal junction,At scene,55.936961487,-3.23564232215,"{""type"": ""Feature"",""geometry"": {""type"": ""Point"",""coordinates"": -3.23564232215, 55.936961487}}"
660710,,Slight,1,1,09/09/2010,Thursday,9,September,10,20,0,230,Unclassified,,Single carriageway - 2 lanes,30,Not at or within 20 metres of junction,unset,\,,Daylight: street lights present,Fine (without high winds),Dry,None,None,No overtaking,313850,671070,12231489,Segment,S.V.N.P.,365181,unset,EH288NP,No crossing facility within 50m or physical crossing facility not controlled by authorised person,No physical crossing facility within 50m,At scene,55.9250173771,-3.37883641269,"{""type"": ""Feature"",""geometry"": {""type"": ""Point"",""coordinates"": -3.37883641269, 55.9250173771}}"
661910,,Slight,1,1,11/09/2010,Saturday,11,September,10,13,0,230,A,900,Single carriageway - 2 lanes,30,'T' or staggered junction,Give way sign or markings,Unclassified,,Daylight: street lights present,Fine (without high winds),Dry,None,None,No overtaking,326770,675540,519475,Junction,Bus,365182,unset,EH65EQ,No crossing facility within 50m or physical crossing facility not controlled by authorised person,No physical crossing facility within 50m,At scene,55.9673161682,-3.17331768943,"{""type"": ""Feature"",""geometry"": {""type"": ""Point"",""coordinates"": -3.17331768943, 55.9673161682}}"
662710,,Slight,2,2,11/09/2010,Saturday,11,September,10,15,0,230,A,90,Single carriageway - 2 lanes,40,Multiple junction,Automatic Traffic Signal,A,90,Daylight: street lights present,Fine (without high winds),Dry,None,None,No overtaking,318570,674960,519948,Junction,T.V.N.P.,365183,unset,EH48DZ,No crossing facility within 50m or physical crossing facility not controlled by authorised person,Pedestrian phase at traffic signal junction,At scene,55.9607854146,-3.30448937854,"{""type"": ""Feature"",""geometry"": {""type"": ""Point"",""coordinates"": -3.30448937854, 55.9607854146}}"
663710,,Slight,2,1,11/09/2010,Saturday,11,September,10,17,40,230,B,900,Single carriageway - 2 lanes,30,'T' or staggered junction,Give way sign or markings,Unclassified,,Daylight: street lights present,Fine (without high winds),Dry,None,None,No overtaking,324340,674680,520110,Junction,Cyclist,365184,unset,EH41JG,No crossing facility within 50m or physical crossing facility not controlled by authorised person,No physical crossing facility within 50m,Elsewhere,55.959213427,-3.21200087329,"{""type"": ""Feature"",""geometry"": {""type"": ""Point"",""coordinates"": -3.21200087329, 55.959213427}}"