acc_ref,beat_no,severity,no_vehicle,no_casualt,a_date,a_day,a_date_day,a_date_mon,a_date_yr,a_time_hr,a_time_min,loc_auth,road1_class,road1_no,road_type,speed_limi,junc_det,junc_ctrl,road2_class,road2_no,light_cond,weather,road_surf,spec_cond,cway_hzrds,ovrtk_patrn,easting,northing,net_id,net_type,acc_type,text_id,division,Postcode,ped_xing_hc,ped_xing_p,place_reported,latitude,longitude,geojson
664010,,Slight,2,1,12/09/2010,Sunday,12,September,10,12,15,230,A,1,Single carriageway - 2 lanes,30,Other junction,Give way sign or markings,Unclassified,,Daylight: street lights present,Fine (without high winds),Dry,None,None,No overtaking,329030,673360,523632,Junction,T.V.N.P.,365185,unset,EH87QQ,No crossing facility within 50m or physical crossing facility not controlled by authorised person,Pedestrian phase at traffic signal junction,Elsewhere,55.948070263,-3.13654122287,"{""type"": ""Feature"",""geometry"": {""type"": ""Point"",""coordinates"": -3.13654122287, 55.948070263}}"
664610,,Slight,1,1,12/09/2010,Sunday,12,September,10,13,53,230,A,8,Single carriageway - 2 lanes,30,Not at or within 20 metres of junction,unset,\,,Daylight: street lights present,Fine (without high winds),Dry,None,None,No overtaking,319140,672900,550664,Segment,Bus,365186,unset,EH128HN,No crossing facility within 50m or physical crossing facility not controlled by authorised person,No physical crossing facility within 50m,Elsewhere,55.9423756467,-3.2947429285,"{""type"": ""Feature"",""geometry"": {""type"": ""Point"",""coordinates"": -3.2947429285, 55.9423756467}}"
664910,,Slight,2,1,12/09/2010,Sunday,12,September,10,17,35,230,A,199,Single carriageway - 2 lanes,30,Not at or within 20 metres of junction,unset,\,,Daylight: no street lighting,Fine (without high winds),Dry,None,None,No overtaking,326850,676630,563388,Segment,T.V.N.P.,365187,unset,EH66LX,No crossing facility within 50m or physical crossing facility not controlled by authorised person,No physical crossing facility within 50m,At scene,55.9771208184,-3.17233232501,"{""type"": ""Feature"",""geometry"": {""type"": ""Point"",""coordinates"": -3.17233232501, 55.9771208184}}"
665910,,Slight,2,1,12/09/2010,Sunday,12,September,10,3,30,230,C,,Single carriageway - 2 lanes,30,Not at or within 20 metres of junction,unset,\,,Darkness: street lights present and lit,Fine (without high winds),Dry,None,None,No overtaking,325900,674370,566780,Segment,T.V.N.P.,365188,unset,EH13JG,Control by other authorised person,"Pelican, puffin, toucan or similar non-junction pedestrian light crossing",At scene,55.9566715872,-3.18693202483,"{""type"": ""Feature"",""geometry"": {""type"": ""Point"",""coordinates"": -3.18693202483, 55.9566715872}}"
666110,,Serious,2,1,08/09/2010,Wednesday,8,September,10,15,25,230,A,90,Single carriageway - 2 lanes,30,'T' or staggered junction,Give way sign or markings,Unclassified,,Daylight: street lights present,Fine (without high winds),Dry,None,None,No overtaking,322700,674280,520413,Junction,T.V.N.P.,365189,unset,EH43HN,No crossing facility within 50m or physical crossing facility not controlled by authorised person,No physical crossing facility within 50m,At scene,55.9553588509,-3.23815055382,"{""type"": ""Feature"",""geometry"": {""type"": ""Point"",""coordinates"": -3.23815055382, 55.9553588509}}"
666410,,Slight,1,1,12/09/2010,Sunday,12,September,10,13,0,230,A,1,Single carriageway - 2 lanes,30,Crossroads,Automatic Traffic Signal,A,1,Daylight: street lights present,Fine (without high winds),Dry,None,None,No overtaking,328310,674150,523374,Junction,Bus,365190,unset,EH87AA,Control by other authorised person,Pedestrian phase at traffic signal junction,At scene,55.9550607698,-3.14827905499,"{""type"": ""Feature"",""geometry"": {""type"": ""Point"",""coordinates"": -3.14827905499, 55.9550607698}}"
667310,,Slight,4,1,13/09/2010,Monday,13,September,10,12,40,230,A,1140,Single carriageway - 2 lanes,30,Other junction,Give way sign or markings,Unclassified,,Daylight: no street lighting,Fine (without high winds),Dry,None,None,No overtaking,328840,674190,523410,Junction,M.V.N.P.,365191,unset,EH87BJ,Control by other authorised person,No physical crossing facility within 50m,At scene,55.9554989202,-3.13980235108,"{""type"": ""Feature"",""geometry"": {""type"": ""Point"",""coordinates"": -3.13980235108, 55.9554989202}}"
667610,,Slight,2,1,13/09/2010,Monday,13,September,10,17,30,230,Unclassified,,Single carriageway - 2 lanes,30,Not at or within 20 metres of junction,unset,\,,Daylight: street lights present,Raining (without high winds),Dry,None,None,No overtaking,321530,675930,0,Unset,T.V.N.P.,365192,unset,EH44RR,No crossing facility within 50m or physical crossing facility not controlled by authorised person,No physical crossing facility within 50m,Elsewhere,55.9699921922,-3.25736652466,"{""type"": ""Feature"",""geometry"": {""type"": ""Point"",""coordinates"": -3.25736652466, 55.9699921922}}"
667810,,Slight,2,1,13/09/2010,Monday,13,September,10,19,0,230,A,7,Single carriageway - 2 lanes,30,'T' or staggered junction,Automatic Traffic Signal,Unclassified,,Daylight: street lights present,Raining with high winds,Dry,None,None,No overtaking,326000,673410,521589,Junction,Cyclist,365193,unset,EH89AA,No crossing facility within 50m or physical crossing facility not controlled by authorised person,No physical crossing facility within 50m,Elsewhere,55.9480624625,-3.18506710894,"{""type"": ""Feature"",""geometry"": {""type"": ""Point"",""coordinates"": -3.18506710894, 55.9480624625}}"
668510,,Slight,2,1,13/09/2010,Monday,13,September,10,18,40,230,C,,Single carriageway - 2 lanes,30,Not at or within 20 metres of junction,unset,\,,Daylight: street lights present,Raining (without high winds),Dry,None,None,No overtaking,326510,673640,2106520,Segment,Cyclist,365194,unset,EH88AJ,No crossing facility within 50m or physical crossing facility not controlled by authorised person,No physical crossing facility within 50m,At scene,55.950207023,-3.17696438257,"{""type"": ""Feature"",""geometry"": {""type"": ""Point"",""coordinates"": -3.17696438257, 55.950207023}}"
669010,,Slight,2,1,07/09/2010,Tuesday,7,September,10,17,30,230,A,199,Single carriageway - 2 lanes,30,Not at or within 20 metres of junction,unset,\,,Daylight: street lights present,Fine (without high winds),Dry,None,None,No overtaking,328610,675780,563284,Segment,T.V.N.P.,365195,unset,EH67LG,No crossing facility within 50m or physical crossing facility not controlled by authorised person,No physical crossing facility within 50m,At scene,55.9697493773,-3.14390685268,"{""type"": ""Feature"",""geometry"": {""type"": ""Point"",""coordinates"": -3.14390685268, 55.9697493773}}"
669910,,Slight,2,1,13/09/2010,Monday,13,September,10,16,45,230,Unclassified,,Dual carriageway - 2 lanes,30,Not at or within 20 metres of junction,unset,\,,Daylight: street lights present,Raining (without high winds),Dry,None,Other object in carriageway,No overtaking,325440,673880,550538,Segment,Cyclist,365196,unset,EH22EJ,Control by other authorised person,Pedestrian phase at traffic signal junction,Elsewhere,55.9521983272,-3.19416296689,"{""type"": ""Feature"",""geometry"": {""type"": ""Point"",""coordinates"": -3.19416296689, 55.9521983272}}"
670010,,Serious,1,1,14/09/2010,Tuesday,14,September,10,11,15,230,A,702,Single carriageway - 2 lanes,30,'T' or staggered junction,Give way sign or markings,Unclassified,,Daylight: street lights present,Fine (without high winds),Dry,None,None,No overtaking,324500,671610,523827,Junction,Pedestrian,365197,unset,EH104BX,No crossing facility within 50m or physical crossing facility not controlled by authorised person,No physical crossing facility within 50m,At scene,55.9316582555,-3.20857910255,"{""type"": ""Feature"",""geometry"": {""type"": ""Point"",""coordinates"": -3.20857910255, 55.9316582555}}"
671110,,Slight,2,1,13/09/2010,Monday,13,September,10,22,49,230,Unclassified,,Single carriageway - 2 lanes,30,'T' or staggered junction,Automatic Traffic Signal,Unclassified,,Daylight: no street lighting,Fine (without high winds),Dry,None,None,No overtaking,324320,673030,10331569,Junction,T.V.N.P.,365198,unset,EH38AY,No crossing facility within 50m or physical crossing facility not controlled by authorised person,Pedestrian phase at traffic signal junction,At scene,55.9443869967,-3.21185801167,"{""type"": ""Feature"",""geometry"": {""type"": ""Point"",""coordinates"": -3.21185801167, 55.9443869967}}"
671210,,Slight,2,1,14/09/2010,Tuesday,14,September,10,16,5,230,A,71,Dual carriageway - 2 lanes,40,Roundabout,Automatic Traffic Signal,A,71,Daylight: no street lighting,Fine (without high winds),Dry,None,None,No overtaking,318660,670410,2307027,Junction,T.V.N.P.,365199,unset,EH144AW,No crossing facility within 50m or physical crossing facility not controlled by authorised person,No physical crossing facility within 50m,Elsewhere,55.9199256835,-3.3016762986,"{""type"": ""Feature"",""geometry"": {""type"": ""Point"",""coordinates"": -3.3016762986, 55.9199256835}}"
672310,,Slight,1,1,14/09/2010,Tuesday,14,September,10,16,55,230,A,902,Single carriageway - 2 lanes,20,Multiple junction,Automatic Traffic Signal,Unclassified,,Daylight: no street lighting,Raining (without high winds),Dry,None,None,No overtaking,321590,674920,520011,Junction,S.V.N.P.,365200,unset,EH42AJ,No crossing facility within 50m or physical crossing facility not controlled by authorised person,Pedestrian phase at traffic signal junction,At scene,55.9609285201,-3.25611138121,"{""type"": ""Feature"",""geometry"": {""type"": ""Point"",""coordinates"": -3.25611138121, 55.9609285201}}"
673010,,Slight,2,1,14/09/2010,Tuesday,14,September,10,19,45,230,A,90,Single carriageway - 2 lanes,30,'T' or staggered junction,Give way sign or markings,Unclassified,,Daylight: street lights present,Raining (without high winds),Dry,None,None,No overtaking,323910,674240,520458,Junction,Cyclist,365201,unset,EH43AP,No crossing facility within 50m or physical crossing facility not controlled by authorised person,No physical crossing facility within 50m,At scene,55.9551926499,-3.21876309282,"{""type"": ""Feature"",""geometry"": {""type"": ""Point"",""coordinates"": -3.21876309282, 55.9551926499}}"
673610,,Slight,2,1,15/09/2010,Wednesday,15,September,10,8,30,230,A,701,Single carriageway - 2 lanes,30,'T' or staggered junction,Give way sign or markings,Unclassified,,Daylight: street lights present,Fine (without high winds),Dry,None,None,No overtaking,327160,670620,522744,Junction,T.V.N.P.,365202,unset,EH165QT,No crossing facility within 50m or physical crossing facility not controlled by authorised person,Pedestrian phase at traffic signal junction,Elsewhere,55.9231743745,-3.16574173579,"{""type"": ""Feature"",""geometry"": {""type"": ""Point"",""coordinates"": -3.16574173579, 55.9231743745}}"
674610,,Slight,1,1,15/09/2010,Wednesday,15,September,10,19,51,230,A,701,Single carriageway - 2 lanes,30,Not at or within 20 metres of junction,unset,\,,Darkness: street lights present and lit,Fine (without high winds),Dry,None,None,No overtaking,327130,671090,569333,Segment,Bus,365203,unset,EH165PT,No crossing facility within 50m or physical crossing facility not controlled by authorised person,No physical crossing facility within 50m,Elsewhere,55.927392308,-3.1663485679,"{""type"": ""Feature"",""geometry"": {""type"": ""Point"",""coordinates"": -3.1663485679, 55.927392308}}"
674710,,Slight,3,1,15/09/2010,Wednesday,15,September,10,6,40,230,Unclassified,,Single carriageway - 2 lanes,40,Roundabout,Give way sign or markings,A,71,Daylight: street lights present,Fine (without high winds),Dry,None,None,No overtaking,318000,670170,0,Unset,M.V.N.P.,365204,unset,EH144AW,No crossing facility within 50m or physical crossing facility not controlled by authorised person,No physical crossing facility within 50m,Elsewhere,55.9176576028,-3.31216227212,"{""type"": ""Feature"",""geometry"": {""type"": ""Point"",""coordinates"": -3.31216227212, 55.9176576028}}"
674910,,Slight,2,1,15/09/2010,Wednesday,15,September,10,18,0,230,B,1350,Single carriageway - 2 lanes,30,Crossroads,Automatic Traffic Signal,C,,Daylight: street lights present,Fine (without high winds),Dry,None,None,No overtaking,326930,674460,520680,Junction,T.V.N.P.,365205,unset,EH75DR,Control by other authorised person,"Pelican, puffin, toucan or similar non-junction pedestrian light crossing",At scene,55.9576378994,-3.17046180943,"{""type"": ""Feature"",""geometry"": {""type"": ""Point"",""coordinates"": -3.17046180943, 55.9576378994}}"
675710,,Slight,2,1,29/07/2010,Thursday,29,July,10,13,30,230,C,,Single carriageway - 2 lanes,20,Crossroads,Automatic Traffic Signal,Unclassified,,Daylight: street lights present,Fine (without high winds),Dry,None,None,No overtaking,326520,671740,529468,Junction,T.V.N.P.,361488,unset,EH92NJ,Control by other authorised person,Central refuge - no other controls,Elsewhere,55.9331390718,-3.17628676426,"{""type"": ""Feature"",""geometry"": {""type"": ""Point"",""coordinates"": -3.17628676426, 55.9331390718}}"
676110,,Slight,2,1,14/09/2010,Tuesday,14,September,10,14,45,230,Unclassified,,Single carriageway - 2 lanes,30,'T' or staggered junction,Give way sign or markings,Unclassified,,Daylight: street lights present,Fine (without high winds),Dry,None,None,No overtaking,324170,673550,10258623,Junction,Cyclist,365206,unset,EH125AW,No crossing facility within 50m or physical crossing facility not controlled by authorised person,No physical crossing facility within 50m,Elsewhere,55.9490349349,-3.21440555228,"{""type"": ""Feature"",""geometry"": {""type"": ""Point"",""coordinates"": -3.21440555228, 55.9490349349}}"
676610,,Serious,1,1,07/09/2010,Tuesday,7,September,10,9,50,230,A,702,Single carriageway - 2 lanes,30,Crossroads,Automatic Traffic Signal,B,700,Daylight: street lights present,Raining with high winds,Dry,None,None,No overtaking,324800,673200,521406,Junction,Pedestrian,365207,unset,EH39BE,Control by other authorised person,Pedestrian phase at traffic signal junction,Elsewhere,55.9459895866,-3.20422112121,"{""type"": ""Feature"",""geometry"": {""type"": ""Point"",""coordinates"": -3.20422112121, 55.9459895866}}"
677210,,Slight,1,1,16/09/2010,Thursday,16,September,10,20,20,230,Unclassified,,Single carriageway - 2 lanes,30,Multiple junction,Automatic Traffic Signal,Unclassified,,Daylight: street lights present,Fine (without high winds),Dry,None,None,No overtaking,322600,676920,0,Unset,Pedestrian,365208,unset,EH51QW,No crossing facility within 50m or physical crossing facility not controlled by authorised person,No physical crossing facility within 50m,At scene,55.9790596916,-3.24051051906,"{""type"": ""Feature"",""geometry"": {""type"": ""Point"",""coordinates"": -3.24051051906, 55.9790596916}}"
677410,,Slight,2,1,16/09/2010,Thursday,16,September,10,16,30,230,Unclassified,,Single carriageway - 2 lanes,30,Not at or within 20 metres of junction,unset,\,,Daylight: street lights present,Fine (without high winds),Dry,None,None,No overtaking,325860,673380,567189,Segment,Cyclist,365209,unset,EH11HU,No crossing facility within 50m or physical crossing facility not controlled by authorised person,No physical crossing facility within 50m,Elsewhere,55.9477713686,-3.18730033915,"{""type"": ""Feature"",""geometry"": {""type"": ""Point"",""coordinates"": -3.18730033915, 55.9477713686}}"
678710,,Fatal,1,1,17/09/2010,Friday,17,September,10,11,30,230,A,1,Single carriageway - 2 lanes,30,Not at or within 20 metres of junction,unset,\,,Daylight: street lights present,Fine (without high winds),Dry,None,None,No overtaking,328310,674150,2106109,Segment,Pedestrian,365210,unset,EH87AA,Control by other authorised person,"Pelican, puffin, toucan or similar non-junction pedestrian light crossing",At scene,55.9550607698,-3.14827905499,"{""type"": ""Feature"",""geometry"": {""type"": ""Point"",""coordinates"": -3.14827905499, 55.9550607698}}"
679110,,Slight,1,1,16/09/2010,Thursday,16,September,10,13,27,230,A,720,Dual carriageway - 2 lanes,70,Not at or within 20 metres of junction,unset,\,,Daylight: no street lighting,Fine (without high winds),Dry,None,None,No overtaking,324290,667860,570546,Segment,S.V.N.P.,365211,unset,EH107DS,No crossing facility within 50m or physical crossing facility not controlled by authorised person,No physical crossing facility within 50m,At scene,55.8979357555,-3.21088927605,"{""type"": ""Feature"",""geometry"": {""type"": ""Point"",""coordinates"": -3.21088927605, 55.8979357555}}"
679510,,Slight,1,1,17/09/2010,Friday,17,September,10,7,55,230,Unclassified,,Single carriageway - 2 lanes,30,'T' or staggered junction,Give way sign or markings,Unclassified,,Daylight: street lights present,Fine (without high winds),Dry,None,None,No overtaking,325590,674850,520227,Junction,Pedestrian,365212,unset,EH36NE,No crossing facility within 50m or physical crossing facility not controlled by authorised person,No physical crossing facility within 50m,At scene,55.9609359282,-3.19202892715,"{""type"": ""Feature"",""geometry"": {""type"": ""Point"",""coordinates"": -3.19202892715, 55.9609359282}}"
680410,,Slight,2,1,17/09/2010,Friday,17,September,10,18,30,230,Unclassified,,Single carriageway - 2 lanes,40,'T' or staggered junction,Automatic Traffic Signal,Unclassified,,Daylight: street lights present,Fine (without high winds),Dry,None,None,No overtaking,324400,673850,520899,Junction,Cyclist,365213,unset,EH37PT,No crossing facility within 50m or physical crossing facility not controlled by authorised person,Pedestrian phase at traffic signal junction,At scene,55.9517663153,-3.21080717958,"{""type"": ""Feature"",""geometry"": {""type"": ""Point"",""coordinates"": -3.21080717958, 55.9517663153}}"
681610,,Slight,1,1,18/09/2010,Saturday,18,September,10,12,55,230,Unclassified,,Single carriageway - 2 lanes,40,Not at or within 20 metres of junction,unset,\,,Daylight: street lights present,Fine (without high winds),Dry,None,None,No overtaking,324040,676750,0,Unset,Bus,365214,unset,EH51AG,No crossing facility within 50m or physical crossing facility not controlled by authorised person,No physical crossing facility within 50m,Elsewhere,55.9777624779,-3.21738919319,"{""type"": ""Feature"",""geometry"": {""type"": ""Point"",""coordinates"": -3.21738919319, 55.9777624779}}"
682610,,Slight,2,2,18/09/2010,Saturday,18,September,10,16,25,230,Unclassified,,Single carriageway - 2 lanes,30,Crossroads,Give way sign or markings,Unclassified,,Daylight: street lights present,Fine (without high winds),Dry,None,None,No overtaking,324630,670690,0,Unset,T.V.N.P.,365215,unset,EH106DN,No crossing facility within 50m or physical crossing facility not controlled by authorised person,No physical crossing facility within 50m,At scene,55.9234134966,-3.2062418293,"{""type"": ""Feature"",""geometry"": {""type"": ""Point"",""coordinates"": -3.2062418293, 55.9234134966}}"
683110,,Slight,1,1,16/09/2010,Thursday,16,September,10,13,0,230,A,7,Single carriageway - 2 lanes,30,Not at or within 20 metres of junction,unset,\,,Daylight: street lights present,Fine (without high winds),Dry,None,None,No overtaking,325930,673710,569273,Segment,Bus,365216,unset,EH11SB,No crossing facility within 50m or physical crossing facility not controlled by authorised person,No physical crossing facility within 50m,Elsewhere,55.9507468474,-3.18627025568,"{""type"": ""Feature"",""geometry"": {""type"": ""Point"",""coordinates"": -3.18627025568, 55.9507468474}}"
683210,,Slight,2,3,18/09/2010,Saturday,18,September,10,13,15,230,B,701,Single carriageway - 2 lanes,30,Not at or within 20 metres of junction,unset,\,,Daylight: street lights present,Fine (without high winds),Dry,None,None,No overtaking,322180,668860,551358,Segment,T.V.N.P.,365217,unset,EH130AD,No crossing facility within 50m or physical crossing facility not controlled by authorised person,No physical crossing facility within 50m,Elsewhere,55.9065831277,-3.2449150616,"{""type"": ""Feature"",""geometry"": {""type"": ""Point"",""coordinates"": -3.2449150616, 55.9065831277}}"
683710,,Slight,1,1,20/09/2010,Monday,20,September,10,4,40,230,A,8,Single carriageway - 2 lanes,30,'T' or staggered junction,Give way sign or markings,Unclassified,,Darkness: street lights present and lit,Raining (without high winds),Dry,None,None,No overtaking,323170,673180,521286,Junction,Pedestrian,365218,unset,EH125JE,Control by other authorised person,"Pelican, puffin, toucan or similar non-junction pedestrian light crossing",At scene,55.9455521168,-3.23031086111,"{""type"": ""Feature"",""geometry"": {""type"": ""Point"",""coordinates"": -3.23031086111, 55.9455521168}}"
684510,,Slight,2,2,19/09/2010,Sunday,19,September,10,16,25,230,B,701,Single carriageway - 2 lanes,30,Crossroads,Automatic Traffic Signal,C,,Daylight: no street lighting,Fine (without high winds),Dry,None,None,No overtaking,328280,668460,530308,Junction,T.V.N.P.,365219,unset,EH166TZ,Control by other authorised person,"Pelican, puffin, toucan or similar non-junction pedestrian light crossing",Elsewhere,55.9039370723,-3.14724796121,"{""type"": ""Feature"",""geometry"": {""type"": ""Point"",""coordinates"": -3.14724796121, 55.9039370723}}"
685610,,Serious,3,4,19/09/2010,Sunday,19,September,10,12,10,230,A,8000,Dual carriageway - 2 lanes,70,Not at or within 20 metres of junction,unset,\,,Daylight: street lights present,Fine (without high winds),Dry,None,None,No overtaking,313860,676630,0,Unset,M.V.N.P.,365220,unset,EH309SR,No crossing facility within 50m or physical crossing facility not controlled by authorised person,No physical crossing facility within 50m,At scene,55.9749658393,-3.38045261436,"{""type"": ""Feature"",""geometry"": {""type"": ""Point"",""coordinates"": -3.38045261436, 55.9749658393}}"
685710,,Slight,1,1,19/09/2010,Sunday,19,September,10,6,50,230,A,720,Dual carriageway - 2 lanes,70,Not at or within 20 metres of junction,unset,\,,Daylight: no street lighting,Raining (without high winds),Dry,Road marking defective or obscured,None,No overtaking,320330,668830,570552,Segment,S.V.N.P.,365221,unset,EH145BH,No crossing facility within 50m or physical crossing facility not controlled by authorised person,No physical crossing facility within 50m,At scene,55.9060109683,-3.27449321399,"{""type"": ""Feature"",""geometry"": {""type"": ""Point"",""coordinates"": -3.27449321399, 55.9060109683}}"
686210,,Slight,2,1,20/09/2010,Monday,20,September,10,12,15,230,A,720,Dual carriageway - 2 lanes,60,Not at or within 20 metres of junction,unset,\,,Daylight: no street lighting,Fine (without high winds),Dry,None,None,No overtaking,320400,668700,570540,Segment,T.V.N.P.,365222,unset,EH146BA,No crossing facility within 50m or physical crossing facility not controlled by authorised person,No physical crossing facility within 50m,At scene,55.9048546726,-3.27333545529,"{""type"": ""Feature"",""geometry"": {""type"": ""Point"",""coordinates"": -3.27333545529, 55.9048546726}}"
686410,,Slight,2,1,20/09/2010,Monday,20,September,10,12,20,230,Unclassified,,Single carriageway - 2 lanes,30,Crossroads,Give way sign or markings,Unclassified,,Daylight: no street lighting,Fine (without high winds),Dry,None,None,No overtaking,327370,676190,12238905,Junction,T.V.N.P.,365223,unset,EH67EZ,No crossing facility within 50m or physical crossing facility not controlled by authorised person,No physical crossing facility within 50m,At scene,55.9732468428,-3.16388182172,"{""type"": ""Feature"",""geometry"": {""type"": ""Point"",""coordinates"": -3.16388182172, 55.9732468428}}"
687610,,Slight,2,1,20/09/2010,Monday,20,September,10,17,55,230,A,900,Single carriageway - 2 lanes,30,Not at or within 20 metres of junction,unset,\,,Daylight: no street lighting,Fine (without high winds),Dry,None,None,No overtaking,326780,675540,519475,Junction,T.V.N.P.,365224,unset,EH68NX,No crossing facility within 50m or physical crossing facility not controlled by authorised person,No physical crossing facility within 50m,At scene,55.967317693,-3.17315750357,"{""type"": ""Feature"",""geometry"": {""type"": ""Point"",""coordinates"": -3.17315750357, 55.967317693}}"
688910,,Slight,2,1,10/09/2010,Friday,10,September,10,18,0,230,A,71,Single carriageway - 2 lanes,40,Roundabout,Give way sign or markings,C,,Daylight: street lights present,Fine (without high winds),Dry,None,None,No overtaking,317990,670210,2307101,Junction,T.V.N.P.,365225,unset,EH144AW,No crossing facility within 50m or physical crossing facility not controlled by authorised person,No physical crossing facility within 50m,Elsewhere,55.9180152387,-3.31233438579,"{""type"": ""Feature"",""geometry"": {""type"": ""Point"",""coordinates"": -3.31233438579, 55.9180152387}}"
689610,,Slight,1,1,18/09/2010,Saturday,18,September,10,23,30,230,Unclassified,,Single carriageway - 2 lanes,30,'T' or staggered junction,Automatic Traffic Signal,Unclassified,,Darkness: street lights present and lit,Fine (without high winds),Dry,None,None,No overtaking,324760,673520,520953,Junction,Pedestrian,365226,unset,EH12DP,Control by other authorised person,Pedestrian phase at traffic signal junction,Elsewhere,55.9488581541,-3.20495078348,"{""type"": ""Feature"",""geometry"": {""type"": ""Point"",""coordinates"": -3.20495078348, 55.9488581541}}"
691510,,Slight,3,2,22/09/2010,Wednesday,22,September,10,7,15,230,A,90,Dual carriageway - 2 lanes,50,Not at or within 20 metres of junction,unset,\,,Daylight: street lights present,Fine (without high winds),Dry,None,None,No overtaking,312870,677220,555417,Segment,M.V.N.P.,365227,unset,EH309SS,No crossing facility within 50m or physical crossing facility not controlled by authorised person,No physical crossing facility within 50m,At scene,55.9800872333,-3.39650375304,"{""type"": ""Feature"",""geometry"": {""type"": ""Point"",""coordinates"": -3.39650375304, 55.9800872333}}"
693810,,Slight,1,1,22/09/2010,Wednesday,22,September,10,18,55,230,Unclassified,,Single carriageway - 2 lanes,30,Mini-roundabout,Give way sign or markings,Unclassified,,Daylight: street lights present,Fine (without high winds),Dry,None,None,No overtaking,329910,671930,0,Unset,Pedestrian,365228,unset,EH164RP,No crossing facility within 50m or physical crossing facility not controlled by authorised person,No physical crossing facility within 50m,At scene,55.9353521356,-3.12208009664,"{""type"": ""Feature"",""geometry"": {""type"": ""Point"",""coordinates"": -3.12208009664, 55.9353521356}}"
693910,,Slight,2,1,22/09/2010,Wednesday,22,September,10,16,0,230,C,,Dual carriageway - 2 lanes,30,Not at or within 20 metres of junction,unset,\,,Daylight: no street lighting,Fine (without high winds),Dry,None,None,No overtaking,321960,676040,559751,Segment,T.V.N.P.,365229,unset,EH44QR,Control by other authorised person,"Pelican, puffin, toucan or similar non-junction pedestrian light crossing",Elsewhere,55.971050468,-3.25051013527,"{""type"": ""Feature"",""geometry"": {""type"": ""Point"",""coordinates"": -3.25051013527, 55.971050468}}"
694710,,Slight,2,1,23/09/2010,Thursday,23,September,10,8,10,230,Unclassified,,Single carriageway - 2 lanes,30,Crossroads,Give way sign or markings,Unclassified,,Daylight: street lights present,Raining (without high winds),Dry,None,None,No overtaking,322290,673380,521256,Junction,T.V.N.P.,365230,unset,EH126EB,No crossing facility within 50m or physical crossing facility not controlled by authorised person,No physical crossing facility within 50m,At scene,55.9472073847,-3.24445657815,"{""type"": ""Feature"",""geometry"": {""type"": ""Point"",""coordinates"": -3.24445657815, 55.9472073847}}"
695110,,Slight,2,2,22/09/2010,Wednesday,22,September,10,15,30,230,Unclassified,,Single carriageway - 2 lanes,30,Using private drive or entrance,Give way sign or markings,Unclassified,,Daylight: street lights present,Fine (without high winds),Dry,None,None,No overtaking,318670,671070,12232067,Junction,T.V.N.P.,365231,unset,EH114DW,No crossing facility within 50m or physical crossing facility not controlled by authorised person,No physical crossing facility within 50m,Elsewhere,55.9258565106,-3.30171504638,"{""type"": ""Feature"",""geometry"": {""type"": ""Point"",""coordinates"": -3.30171504638, 55.9258565106}}"
695710,,Serious,5,1,23/09/2010,Thursday,23,September,10,12,15,230,Unclassified,,Single carriageway - 2 lanes,30,Not at or within 20 metres of junction,unset,\,,Daylight: street lights present,Raining (without high winds),Dry,None,None,No overtaking,322220,671250,559183,Segment,M.V.N.P.,365232,unset,EH141QD,Control by other authorised person,"Pelican, puffin, toucan or similar non-junction pedestrian light crossing",At scene,55.9280607482,-3.24496333034,"{""type"": ""Feature"",""geometry"": {""type"": ""Point"",""coordinates"": -3.24496333034, 55.9280607482}}"
696910,,Slight,2,1,23/09/2010,Thursday,23,September,10,5,25,230,A,8,Dual carriageway - 2 lanes,50,Not at or within 20 metres of junction,unset,\,,Darkness: street lights present and lit,Raining (without high winds),Dry,None,None,No overtaking,312590,672700,550791,Segment,T.V.N.P.,365233,unset,EH288SY,No crossing facility within 50m or physical crossing facility not controlled by authorised person,No physical crossing facility within 50m,At scene,55.9394326204,-3.39952388315,"{""type"": ""Feature"",""geometry"": {""type"": ""Point"",""coordinates"": -3.39952388315, 55.9394326204}}"