acc_ref,beat_no,severity,no_vehicle,no_casualt,a_date,a_day,a_date_day,a_date_mon,a_date_yr,a_time_hr,a_time_min,loc_auth,road1_class,road1_no,road_type,speed_limi,junc_det,junc_ctrl,road2_class,road2_no,light_cond,weather,road_surf,spec_cond,cway_hzrds,ovrtk_patrn,easting,northing,net_id,net_type,acc_type,text_id,division,Postcode,ped_xing_hc,ped_xing_p,place_reported,latitude,longitude,geojson
697110,,Slight,1,2,24/09/2010,Friday,24,September,10,0,15,230,Unclassified,,Single carriageway - 2 lanes,30,Not at or within 20 metres of junction,unset,\,,Darkness: street lights present and lit,Raining (without high winds),Dry,None,None,No overtaking,316380,666930,561904,Segment,S.V.N.P.,365234,unset,EH147AJ,Control by other authorised person,Pedestrian phase at traffic signal junction,At scene,55.8882724408,-3.33707582722,"{""type"": ""Feature"",""geometry"": {""type"": ""Point"",""coordinates"": -3.33707582722, 55.8882724408}}"
698810,,Serious,1,1,24/09/2010,Friday,24,September,10,12,25,230,A,772,Single carriageway - 2 lanes,30,Not at or within 20 metres of junction,unset,\,,Daylight: no street lighting,Fine (without high winds),Dry,None,None,No overtaking,327230,670710,569303,Segment,Bus,365235,unset,EH165TY,No crossing facility within 50m or physical crossing facility not controlled by authorised person,No physical crossing facility within 50m,Elsewhere,55.9239935291,-3.16464595487,"{""type"": ""Feature"",""geometry"": {""type"": ""Point"",""coordinates"": -3.16464595487, 55.9239935291}}"
699510,,Slight,2,1,24/09/2010,Friday,24,September,10,18,10,230,C,,Single carriageway - 2 lanes,30,Not at or within 20 metres of junction,unset,\,,Daylight: street lights present,Fine (without high winds),Dry,None,None,No overtaking,320650,671340,0,Unset,Cyclist,365236,unset,EH113PU,No crossing facility within 50m or physical crossing facility not controlled by authorised person,No physical crossing facility within 50m,Elsewhere,55.9286128139,-3.27011266114,"{""type"": ""Feature"",""geometry"": {""type"": ""Point"",""coordinates"": -3.27011266114, 55.9286128139}}"
699810,,Slight,2,1,24/09/2010,Friday,24,September,10,17,30,230,B,9085,Single carriageway - 2 lanes,30,Not at or within 20 metres of junction,unset,\,,Daylight: street lights present,Fine (without high winds),Dry,None,None,No overtaking,320570,675320,519741,Junction,T.V.N.P.,365237,unset,EH45BP,No crossing facility within 50m or physical crossing facility not controlled by authorised person,No physical crossing facility within 50m,At scene,55.9643543763,-3.27256498396,"{""type"": ""Feature"",""geometry"": {""type"": ""Point"",""coordinates"": -3.27256498396, 55.9643543763}}"
701110,,Slight,1,1,25/09/2010,Saturday,25,September,10,1,0,230,A,8,Dual carriageway - 2 lanes,30,Not at or within 20 metres of junction,unset,\,,Darkness: street lights present and lit,Fine (without high winds),Dry,None,None,No overtaking,324650,673660,550514,Segment,Pedestrian,365239,unset,EH24RG,No crossing facility within 50m or physical crossing facility not controlled by authorised person,No physical crossing facility within 50m,Elsewhere,55.9500986555,-3.20675108979,"{""type"": ""Feature"",""geometry"": {""type"": ""Point"",""coordinates"": -3.20675108979, 55.9500986555}}"
702110,,Slight,2,1,25/09/2010,Saturday,25,September,10,15,15,230,A,8,Single carriageway - 2 lanes,30,'T' or staggered junction,Automatic Traffic Signal,C,,Daylight: street lights present,Fine (without high winds),Dry,None,None,No overtaking,325720,673970,521079,Junction,Cyclist,365240,unset,EH22AN,No crossing facility within 50m or physical crossing facility not controlled by authorised person,No physical crossing facility within 50m,Elsewhere,55.9530502412,-3.18970433608,"{""type"": ""Feature"",""geometry"": {""type"": ""Point"",""coordinates"": -3.18970433608, 55.9530502412}}"
702410,,Serious,1,1,25/09/2010,Saturday,25,September,10,19,45,230,B,1350,Single carriageway - 2 lanes,30,Crossroads,Automatic Traffic Signal,C,,Daylight: no street lighting,Fine (without high winds),Dry,None,None,No overtaking,326930,674460,520680,Junction,Pedestrian,365241,unset,EH75DR,Control by other authorised person,Pedestrian phase at traffic signal junction,At scene,55.9576378994,-3.17046180943,"{""type"": ""Feature"",""geometry"": {""type"": ""Point"",""coordinates"": -3.17046180943, 55.9576378994}}"
702910,,Serious,2,1,26/09/2010,Sunday,26,September,10,12,26,230,Unclassified,,Single carriageway - 2 lanes,30,'T' or staggered junction,Give way sign or markings,Unclassified,,Daylight: street lights present,Fine (without high winds),Dry,None,None,No overtaking,324770,675760,519436,Junction,Cyclist,365242,unset,EH35QL,No crossing facility within 50m or physical crossing facility not controlled by authorised person,No physical crossing facility within 50m,At scene,55.9689834735,-3.20541599667,"{""type"": ""Feature"",""geometry"": {""type"": ""Point"",""coordinates"": -3.20541599667, 55.9689834735}}"
705910,,Slight,1,1,23/09/2010,Thursday,23,September,10,13,30,230,C,,Single carriageway - 2 lanes,30,Not at or within 20 metres of junction,unset,\,,Daylight: street lights present,Raining (without high winds),Dry,None,None,No overtaking,326460,671880,563092,Segment,Pedestrian,365243,unset,EH91SS,No crossing facility within 50m or physical crossing facility not controlled by authorised person,No physical crossing facility within 50m,At scene,55.9343876519,-3.17728517564,"{""type"": ""Feature"",""geometry"": {""type"": ""Point"",""coordinates"": -3.17728517564, 55.9343876519}}"
706110,,Slight,3,1,28/09/2010,Tuesday,28,September,10,3,30,230,C,,Single carriageway - 2 lanes,30,Not at or within 20 metres of junction,unset,\,,Darkness: street lights present but unlit,Fine (without high winds),Dry,None,None,No overtaking,325080,674930,566690,Segment,M.V.N.P.,365244,unset,EH35DP,No crossing facility within 50m or physical crossing facility not controlled by authorised person,No physical crossing facility within 50m,At scene,55.9615753628,-3.20021922976,"{""type"": ""Feature"",""geometry"": {""type"": ""Point"",""coordinates"": -3.20021922976, 55.9615753628}}"
706810,,Slight,1,1,27/09/2010,Monday,27,September,10,15,40,230,A,8,Dual carriageway - 2 lanes,30,'T' or staggered junction,Automatic Traffic Signal,C,,Daylight: no street lighting,Fine (without high winds),Dry,None,None,No overtaking,325190,673820,521055,Junction,Bus,365245,unset,EH22ER,No crossing facility within 50m or physical crossing facility not controlled by authorised person,Pedestrian phase at traffic signal junction,At scene,55.9516204396,-3.19814936862,"{""type"": ""Feature"",""geometry"": {""type"": ""Point"",""coordinates"": -3.19814936862, 55.9516204396}}"
706910,,Slight,1,1,22/09/2010,Wednesday,22,September,10,15,20,230,Unclassified,,Single carriageway - 2 lanes,30,Not at or within 20 metres of junction,unset,\,,Daylight: street lights present,Fine (without high winds),Dry,None,None,No overtaking,325660,673890,551250,Segment,Bus,365246,unset,EH22EJ,No crossing facility within 50m or physical crossing facility not controlled by authorised person,No physical crossing facility within 50m,Elsewhere,55.9523222522,-3.19064303176,"{""type"": ""Feature"",""geometry"": {""type"": ""Point"",""coordinates"": -3.19064303176, 55.9523222522}}"
707310,,Slight,1,1,28/09/2010,Tuesday,28,September,10,11,35,230,A,8,Dual carriageway - 2 lanes,30,Not at or within 20 metres of junction,unset,\,,Daylight: street lights present,Fine (without high winds),Dry,None,None,No overtaking,325770,673990,551205,Segment,Bus,365247,unset,EH22AN,No crossing facility within 50m or physical crossing facility not controlled by authorised person,No physical crossing facility within 50m,Elsewhere,55.9532376456,-3.18890921292,"{""type"": ""Feature"",""geometry"": {""type"": ""Point"",""coordinates"": -3.18890921292, 55.9532376456}}"
707610,,Slight,1,1,26/09/2010,Sunday,26,September,10,13,30,230,Unclassified,,Single carriageway - 2 lanes,30,'T' or staggered junction,Give way sign or markings,Unclassified,,Daylight: street lights present,Fine (without high winds),Dry,None,None,No overtaking,322010,675590,519364,Junction,S.V.N.P.,365248,unset,EH44PH,No crossing facility within 50m or physical crossing facility not controlled by authorised person,No physical crossing facility within 50m,Elsewhere,55.9670159471,-3.24957883721,"{""type"": ""Feature"",""geometry"": {""type"": ""Point"",""coordinates"": -3.24957883721, 55.9670159471}}"
709010,,Slight,4,1,28/09/2010,Tuesday,28,September,10,19,50,230,A,702,Single carriageway - 2 lanes,30,Crossroads,Automatic Traffic Signal,C,,Darkness: street lights present and lit,Raining (without high winds),Dry,None,None,No overtaking,324800,673190,521406,Junction,M.V.N.P.,365249,unset,EH38BJ,Control by other authorised person,Pedestrian phase at traffic signal junction,At scene,55.9458997482,-3.204218333,"{""type"": ""Feature"",""geometry"": {""type"": ""Point"",""coordinates"": -3.204218333, 55.9458997482}}"
709310,,Serious,2,1,29/09/2010,Wednesday,29,September,10,6,41,230,A,90,Single carriageway - 2 lanes,30,'T' or staggered junction,Give way sign or markings,C,,Darkness: street lights present and lit,Raining (without high winds),Dry,None,None,No overtaking,324110,674250,520476,Junction,Cyclist,365250,unset,EH43AD,No crossing facility within 50m or physical crossing facility not controlled by authorised person,No physical crossing facility within 50m,At scene,55.9553141197,-3.21556324253,"{""type"": ""Feature"",""geometry"": {""type"": ""Point"",""coordinates"": -3.21556324253, 55.9553141197}}"
709510,,Slight,2,1,24/09/2010,Friday,24,September,10,17,0,230,Unclassified,,Single carriageway - 2 lanes,30,Not at or within 20 metres of junction,unset,\,,Daylight: no street lighting,Fine (without high winds),Dry,None,None,No overtaking,323260,676530,570111,Segment,Bus,365251,unset,EH52PN,No crossing facility within 50m or physical crossing facility not controlled by authorised person,No physical crossing facility within 50m,At scene,55.9756620085,-3.22982408801,"{""type"": ""Feature"",""geometry"": {""type"": ""Point"",""coordinates"": -3.22982408801, 55.9756620085}}"
709610,,Slight,2,1,29/09/2010,Wednesday,29,September,10,0,15,230,Unclassified,,Single carriageway - 2 lanes,30,'T' or staggered junction,Give way sign or markings,Unclassified,,Daylight: no street lighting,Raining (without high winds),Dry,None,None,No overtaking,326200,672650,532726,Junction,T.V.N.P.,365252,unset,EH89NQ,No crossing facility within 50m or physical crossing facility not controlled by authorised person,No physical crossing facility within 50m,At scene,55.9412654403,-3.18165704999,"{""type"": ""Feature"",""geometry"": {""type"": ""Point"",""coordinates"": -3.18165704999, 55.9412654403}}"
710510,,Slight,1,1,27/09/2010,Monday,27,September,10,15,35,230,Unclassified,,Single carriageway - 2 lanes,30,Other junction,Give way sign or markings,Unclassified,,Daylight: street lights present,Fine (without high winds),Dry,None,None,No overtaking,329800,671850,0,Unset,Pedestrian,365253,unset,EH164RF,No crossing facility within 50m or physical crossing facility not controlled by authorised person,No physical crossing facility within 50m,At scene,55.934617359,-3.12381991233,"{""type"": ""Feature"",""geometry"": {""type"": ""Point"",""coordinates"": -3.12381991233, 55.934617359}}"
711710,,Serious,2,1,28/09/2010,Tuesday,28,September,10,13,30,230,C,,Single carriageway - 2 lanes,30,Crossroads,Authorised Person,C,,Daylight: street lights present,Raining (without high winds),Dry,None,None,No overtaking,325290,674190,520521,Junction,Cyclist,365254,unset,EH21DR,Control by other authorised person,Pedestrian phase at traffic signal junction,At scene,55.9549600238,-3.19665071104,"{""type"": ""Feature"",""geometry"": {""type"": ""Point"",""coordinates"": -3.19665071104, 55.9549600238}}"
712710,,Serious,1,1,29/09/2010,Wednesday,29,September,10,16,50,230,B,901,Single carriageway - 2 lanes,30,Other junction,Give way sign or markings,Unclassified,,Daylight: no street lighting,Fine (without high winds),Dry,None,None,No overtaking,325810,674560,520194,Junction,Cyclist,350574,unset,EH13SB,No crossing facility within 50m or physical crossing facility not controlled by authorised person,Pedestrian phase at traffic signal junction,At scene,55.958364634,-3.18842559686,"{""type"": ""Feature"",""geometry"": {""type"": ""Point"",""coordinates"": -3.18842559686, 55.958364634}}"
712910,,Slight,1,1,28/09/2010,Tuesday,28,September,10,19,50,230,B,701,Single carriageway - 2 lanes,30,Not at or within 20 metres of junction,unset,\,,Darkness: street lights present and lit,Raining (without high winds),Dry,None,None,No overtaking,319100,674080,551702,Segment,Bus,365255,unset,EH128TJ,No crossing facility within 50m or physical crossing facility not controlled by authorised person,No physical crossing facility within 50m,At scene,55.9529694764,-3.29573721314,"{""type"": ""Feature"",""geometry"": {""type"": ""Point"",""coordinates"": -3.29573721314, 55.9529694764}}"
714210,,Slight,2,1,30/09/2010,Thursday,30,September,10,6,4,230,A,8,Single carriageway - 2 lanes,30,'T' or staggered junction,Automatic Traffic Signal,Unclassified,,Darkness: street lights present but unlit,Fine (without high winds),Dry,None,None,No overtaking,325650,673950,521085,Junction,Cyclist,365256,unset,EH22BY,Control by other authorised person,Pedestrian phase at traffic signal junction,At scene,55.9528597375,-3.1908197018,"{""type"": ""Feature"",""geometry"": {""type"": ""Point"",""coordinates"": -3.1908197018, 55.9528597375}}"
715010,,Slight,4,1,30/09/2010,Thursday,30,September,10,12,33,230,C,,Single carriageway - 2 lanes,30,'T' or staggered junction,Automatic Traffic Signal,Unclassified,,Daylight: street lights present,Fine (without high winds),Dry,None,None,No overtaking,325490,673640,521022,Junction,M.V.N.P.,365257,unset,EH12LU,Control by other authorised person,Pedestrian phase at traffic signal junction,At scene,55.9500499544,-3.19329603085,"{""type"": ""Feature"",""geometry"": {""type"": ""Point"",""coordinates"": -3.19329603085, 55.9500499544}}"
716010,,Slight,1,1,30/09/2010,Thursday,30,September,10,9,25,230,Unclassified,,One way Street,30,Not at or within 20 metres of junction,unset,\,,Daylight: street lights present,Fine (without high winds),Dry,None,None,No overtaking,325190,673110,567261,Segment,Pedestrian,365258,unset,EH39DE,No crossing facility within 50m or physical crossing facility not controlled by authorised person,No physical crossing facility within 50m,Elsewhere,55.9452419009,-3.1979524016,"{""type"": ""Feature"",""geometry"": {""type"": ""Point"",""coordinates"": -3.1979524016, 55.9452419009}}"
716210,,Slight,1,1,30/09/2010,Thursday,30,September,10,21,15,230,Unclassified,,Single carriageway - 2 lanes,30,Crossroads,Authorised Person,Unclassified,,Darkness: street lights present and lit,Fine (without high winds),Dry,None,None,No overtaking,324500,673800,520890,Junction,Bus,365259,unset,EH37TQ,Control by other authorised person,Pedestrian phase at traffic signal junction,Elsewhere,55.9513328469,-3.2091919826,"{""type"": ""Feature"",""geometry"": {""type"": ""Point"",""coordinates"": -3.2091919826, 55.9513328469}}"
716910,,Slight,2,1,30/09/2010,Thursday,30,September,10,9,0,230,Unclassified,,Single carriageway - 2 lanes,30,'T' or staggered junction,Give way sign or markings,Unclassified,,Daylight: no street lighting,Fine (without high winds),Dry,None,None,No overtaking,325320,673310,521484,Junction,Pedestrian,365260,unset,EH12HS,Control by other authorised person,Zebra crossing,Elsewhere,55.9470588908,-3.19592656677,"{""type"": ""Feature"",""geometry"": {""type"": ""Point"",""coordinates"": -3.19592656677, 55.9470588908}}"
717310,,Slight,2,1,01/10/2010,Friday,1,October,10,10,25,230,Unclassified,,Single carriageway - 2 lanes,30,'T' or staggered junction,Give way sign or markings,Unclassified,,Daylight: street lights present,Fine (without high winds),Dry,None,None,No overtaking,326210,672640,532726,Junction,Cyclist,361708,unset,EH89NA,No crossing facility within 50m or physical crossing facility not controlled by authorised person,No physical crossing facility within 50m,Elsewhere,55.9411771362,-3.18149423704,"{""type"": ""Feature"",""geometry"": {""type"": ""Point"",""coordinates"": -3.18149423704, 55.9411771362}}"
718010,,Slight,2,2,01/10/2010,Friday,1,October,10,14,11,230,Unclassified,,Single carriageway - 2 lanes,30,Not at or within 20 metres of junction,unset,\,,Daylight: street lights present,Other,Dry,None,None,No overtaking,329180,675180,557978,Segment,T.V.N.P.,361709,unset,EH76RG,No crossing facility within 50m or physical crossing facility not controlled by authorised person,No physical crossing facility within 50m,At scene,55.96444336,-3.13461780633,"{""type"": ""Feature"",""geometry"": {""type"": ""Point"",""coordinates"": -3.13461780633, 55.96444336}}"
718110,,Slight,1,1,30/09/2010,Thursday,30,September,10,22,5,230,A,900,Dual carriageway - 2 lanes,30,'T' or staggered junction,Automatic Traffic Signal,Unclassified,,Darkness: street lights present and lit,Fine (without high winds),Dry,None,None,No overtaking,325990,674170,12288417,Junction,S.V.N.P.,365261,unset,EH13AA,Control by other authorised person,Pedestrian phase at traffic signal junction,Elsewhere,55.9548886823,-3.18543583832,"{""type"": ""Feature"",""geometry"": {""type"": ""Point"",""coordinates"": -3.18543583832, 55.9548886823}}"
721610,,Slight,2,1,03/10/2010,Sunday,3,October,10,11,44,230,Unclassified,,Single carriageway - 2 lanes,40,Not at or within 20 metres of junction,unset,\,,Daylight: street lights present,Raining (without high winds),Dry,None,None,No overtaking,324400,669220,549129,Segment,T.V.N.P.,361710,unset,EH106HG,No crossing facility within 50m or physical crossing facility not controlled by authorised person,No physical crossing facility within 50m,At scene,55.9101711229,-3.20951060408,"{""type"": ""Feature"",""geometry"": {""type"": ""Point"",""coordinates"": -3.20951060408, 55.9101711229}}"
722910,,Slight,2,1,01/10/2010,Friday,1,October,10,9,40,230,A,701,Single carriageway - 2 lanes,40,Not at or within 20 metres of junction,unset,\,,Daylight: street lights present,Raining (without high winds),Dry,None,None,No overtaking,327109,669890,570755,Segment,Cyclist,361711,unset,EH166AF,No crossing facility within 50m or physical crossing facility not controlled by authorised person,No physical crossing facility within 50m,Elsewhere,55.9166083283,-3.16636079219,"{""type"": ""Feature"",""geometry"": {""type"": ""Point"",""coordinates"": -3.16636079219, 55.9166083283}}"
723010,,Slight,2,1,02/10/2010,Saturday,2,October,10,16,31,230,A,1,Dual carriageway - 2 lanes,40,Roundabout,Give way sign or markings,A,1,Daylight: street lights present,Fine (without high winds),Dry,None,None,No overtaking,331220,672900,531088,Junction,Cyclist,361712,unset,EH153QH,No crossing facility within 50m or physical crossing facility not controlled by authorised person,"Pelican, puffin, toucan or similar non-junction pedestrian light crossing",At scene,55.9442559632,-3.10135980346,"{""type"": ""Feature"",""geometry"": {""type"": ""Point"",""coordinates"": -3.10135980346, 55.9442559632}}"
723110,,Serious,1,1,03/10/2010,Sunday,3,October,10,23,50,230,A,702,Single carriageway - 2 lanes,30,Not at or within 20 metres of junction,unset,\,,Darkness: street lights present and lit,Fine (without high winds),Dry,None,None,No overtaking,324820,673130,548961,Segment,Pedestrian,361713,unset,EH39AA,Control by other authorised person,"Pelican, puffin, toucan or similar non-junction pedestrian light crossing",At scene,55.9453638465,-3.20388141724,"{""type"": ""Feature"",""geometry"": {""type"": ""Point"",""coordinates"": -3.20388141724, 55.9453638465}}"
723910,,Slight,2,1,03/10/2010,Sunday,3,October,10,17,50,230,A,1140,Single carriageway - 2 lanes,30,'T' or staggered junction,Give way sign or markings,Unclassified,,Daylight: street lights present,Fine (without high winds),Dry,None,None,No overtaking,329050,674250,523440,Junction,T.V.N.P.,361714,unset,EH76RS,No crossing facility within 50m or physical crossing facility not controlled by authorised person,No physical crossing facility within 50m,At scene,55.9560690199,-3.1364552238,"{""type"": ""Feature"",""geometry"": {""type"": ""Point"",""coordinates"": -3.1364552238, 55.9560690199}}"
724210,,Slight,2,1,21/09/2010,Tuesday,21,September,10,10,0,230,Unclassified,,Single carriageway - 2 lanes,30,Not at or within 20 metres of junction,unset,\,,Daylight: street lights present,Fine (without high winds),Dry,None,None,No overtaking,327330,671770,12228045,Junction,Cyclist,365262,unset,EH165EF,No crossing facility within 50m or physical crossing facility not controlled by authorised person,No physical crossing facility within 50m,At scene,55.9335316855,-3.16333117481,"{""type"": ""Feature"",""geometry"": {""type"": ""Point"",""coordinates"": -3.16333117481, 55.9335316855}}"
724510,,Slight,1,1,04/10/2010,Monday,4,October,10,13,50,230,A,8,Dual carriageway - 2 lanes,30,Not at or within 20 metres of junction,unset,\,,Daylight: street lighting unknown,Fine (without high winds),Dry,None,None,No overtaking,324630,673650,550514,Segment,Pedestrian,361715,unset,EH24RG,Control by other authorised person,"Pelican, puffin, toucan or similar non-junction pedestrian light crossing",At scene,55.9500056809,-3.20706852015,"{""type"": ""Feature"",""geometry"": {""type"": ""Point"",""coordinates"": -3.20706852015, 55.9500056809}}"
724610,,Slight,1,1,04/10/2010,Monday,4,October,10,17,30,230,A,90,Single carriageway - 2 lanes,40,'T' or staggered junction,Automatic Traffic Signal,Unclassified,,Daylight: street lights present,Fine (without high winds),Dry,None,None,No overtaking,320000,675070,519708,Junction,Pedestrian,361716,unset,EH47NA,Control by other authorised person,Pedestrian phase at traffic signal junction,At scene,55.9620138864,-3.28162027982,"{""type"": ""Feature"",""geometry"": {""type"": ""Point"",""coordinates"": -3.28162027982, 55.9620138864}}"
724810,,Slight,1,1,04/10/2010,Monday,4,October,10,8,0,230,A,1,Single carriageway - 2 lanes,30,Not at or within 20 metres of junction,unset,\,,Daylight: no street lighting,Fine (without high winds),Dry,None,None,No overtaking,329150,673160,2580777,Junction,Pedestrian,361717,unset,EH87TU,No crossing facility within 50m or physical crossing facility not controlled by authorised person,No physical crossing facility within 50m,At scene,55.9462911564,-3.13456737748,"{""type"": ""Feature"",""geometry"": {""type"": ""Point"",""coordinates"": -3.13456737748, 55.9462911564}}"
725910,,Slight,2,1,05/10/2010,Tuesday,5,October,10,13,0,230,C,,Single carriageway - 2 lanes,30,'T' or staggered junction,Give way sign or markings,Unclassified,,Daylight: no street lighting,Fine (without high winds),Dry,None,None,No overtaking,326679,671259,531445,Junction,Cyclist,361718,unset,EH93AG,No crossing facility within 50m or physical crossing facility not controlled by authorised person,No physical crossing facility within 50m,At scene,55.9288420566,-3.17361141429,"{""type"": ""Feature"",""geometry"": {""type"": ""Point"",""coordinates"": -3.17361141429, 55.9288420566}}"
726710,,Slight,2,1,05/10/2010,Tuesday,5,October,10,13,59,230,A,6095,Roundabout,30,Roundabout,Give way sign or markings,A,6095,Daylight: street lights present,Fine (without high winds),Dry,None,None,No overtaking,331650,671780,4464225,Junction,T.V.N.P.,361719,unset,EH218RX,No crossing facility within 50m or physical crossing facility not controlled by authorised person,No physical crossing facility within 50m,At scene,55.9342550024,-3.0941920044,"{""type"": ""Feature"",""geometry"": {""type"": ""Point"",""coordinates"": -3.0941920044, 55.9342550024}}"
727610,,Slight,1,1,01/10/2010,Friday,1,October,10,9,50,230,A,900,Single carriageway - 2 lanes,30,Multiple junction,Automatic Traffic Signal,Unclassified,,Daylight: no street lighting,Fine (without high winds),Dry,None,None,No overtaking,326960,675890,522483,Junction,Pedestrian,361720,unset,EH68LN,No crossing facility within 50m or physical crossing facility not controlled by authorised person,Pedestrian phase at traffic signal junction,At scene,55.9704894738,-3.17036907804,"{""type"": ""Feature"",""geometry"": {""type"": ""Point"",""coordinates"": -3.17036907804, 55.9704894738}}"
728510,,Slight,2,1,06/10/2010,Wednesday,6,October,10,9,15,230,Unclassified,,Dual carriageway - 2 lanes,70,Not at or within 20 metres of junction,unset,\,,Daylight: no street lighting,Fine (without high winds),Dry,None,None,No overtaking,320470,668560,570540,Segment,T.V.N.P.,361721,unset,EH146BA,No crossing facility within 50m or physical crossing facility not controlled by authorised person,No physical crossing facility within 50m,At scene,55.9036085288,-3.27217482498,"{""type"": ""Feature"",""geometry"": {""type"": ""Point"",""coordinates"": -3.27217482498, 55.9036085288}}"
729510,,Slight,2,1,06/10/2010,Wednesday,6,October,10,13,23,230,A,701,Roundabout,40,Roundabout,Give way sign or markings,Unclassified,,Daylight: no street lighting,Fine (without high winds),Dry,None,None,No overtaking,327480,666980,2587875,Junction,T.V.N.P.,361722,unset,EH178SG,No crossing facility within 50m or physical crossing facility not controlled by authorised person,No physical crossing facility within 50m,At scene,55.8905208159,-3.15964527162,"{""type"": ""Feature"",""geometry"": {""type"": ""Point"",""coordinates"": -3.15964527162, 55.8905208159}}"
730710,,Slight,2,1,06/10/2010,Wednesday,6,October,10,15,20,230,A,90,Single carriageway - 2 lanes,40,Not at or within 20 metres of junction,unset,\,,Daylight: street lights present,Fine (without high winds),Dry,None,None,No overtaking,318470,674980,555447,Segment,T.V.N.P.,361723,unset,EH46AT,No crossing facility within 50m or physical crossing facility not controlled by authorised person,No physical crossing facility within 50m,At scene,55.9609481219,-3.30609693851,"{""type"": ""Feature"",""geometry"": {""type"": ""Point"",""coordinates"": -3.30609693851, 55.9609481219}}"
730810,,Serious,2,1,06/10/2010,Wednesday,6,October,10,18,0,230,A,8,Single carriageway - 2 lanes,30,Crossroads,Authorised Person,Unclassified,,Daylight: no street lighting,Fine (without high winds),Dry,None,None,No overtaking,321949,673120,521235,Junction,Cyclist,361724,unset,EH125SG,Control by other authorised person,Pedestrian phase at traffic signal junction,At scene,55.9448163687,-3.24984069017,"{""type"": ""Feature"",""geometry"": {""type"": ""Point"",""coordinates"": -3.24984069017, 55.9448163687}}"
731410,,Slight,1,1,01/10/2010,Friday,1,October,10,20,25,230,A,1,Roundabout,40,Roundabout,Give way sign or markings,A,1,Darkness: street lights present and lit,Fine (without high winds),Dry,None,None,No overtaking,331260,672500,530989,Junction,S.V.N.P.,361725,unset,EH153SA,No crossing facility within 50m or physical crossing facility not controlled by authorised person,No physical crossing facility within 50m,At scene,55.9406680163,-3.10061749899,"{""type"": ""Feature"",""geometry"": {""type"": ""Point"",""coordinates"": -3.10061749899, 55.9406680163}}"
731510,,Slight,2,1,06/10/2010,Wednesday,6,October,10,8,45,230,A,8,Dual carriageway - 2 lanes,40,Other junction,Automatic Traffic Signal,A,902,Daylight: street lights present,Raining (without high winds),Dry,None,None,No overtaking,318030,672720,521634,Junction,T.V.N.P.,361726,unset,EH128LU,Control by other authorised person,Pedestrian phase at traffic signal junction,At scene,55.9405706233,-3.31245652281,"{""type"": ""Feature"",""geometry"": {""type"": ""Point"",""coordinates"": -3.31245652281, 55.9405706233}}"
731810,,Slight,2,1,27/09/2010,Monday,27,September,10,0,5,230,Unclassified,,Single carriageway - 2 lanes,30,'T' or staggered junction,Give way sign or markings,A,6095,Darkness: street lights present and lit,Fine (without high winds),Dry,None,None,No overtaking,329500,671600,523821,Junction,Cyclist,365263,unset,EH164EG,No crossing facility within 50m or physical crossing facility not controlled by authorised person,No physical crossing facility within 50m,At scene,55.9323274412,-3.1285562187,"{""type"": ""Feature"",""geometry"": {""type"": ""Point"",""coordinates"": -3.1285562187, 55.9323274412}}"
732210,,Slight,2,1,11/08/2010,Wednesday,11,August,10,15,58,230,A,900,Single carriageway - 2 lanes,30,Roundabout,Give way sign or markings,Unclassified,,Daylight: street lights present,Fine (without high winds),Dry,None,None,No overtaking,326140,674550,520245,Junction,Cyclist,350534,unset,EH13PA,Control by other authorised person,Pedestrian phase at traffic signal junction,At scene,55.9583256442,-3.18313796354,"{""type"": ""Feature"",""geometry"": {""type"": ""Point"",""coordinates"": -3.18313796354, 55.9583256442}}"
732810,,Slight,2,1,07/10/2010,Thursday,7,October,10,9,0,230,A,7,Single carriageway - 2 lanes,30,'T' or staggered junction,Automatic Traffic Signal,A,7,Daylight: street lights present,Fine (without high winds),Dry,None,None,No overtaking,326650,672480,522093,Junction,Cyclist,361727,unset,EH165BR,Control by other authorised person,Pedestrian phase at traffic signal junction,At scene,55.9398070438,-3.17440731389,"{""type"": ""Feature"",""geometry"": {""type"": ""Point"",""coordinates"": -3.17440731389, 55.9398070438}}"
734410,,Slight,2,1,07/10/2010,Thursday,7,October,10,16,10,230,A,1,Single carriageway - 2 lanes,30,Not at or within 20 metres of junction,unset,\,,Daylight: street lights present,Fine (without high winds),Dry,None,None,No overtaking,331150,672430,556998,Segment,Bus,361728,unset,EH153SA,Control by other authorised person,Central refuge - no other controls,Elsewhere,55.9400233825,-3.1023605137,"{""type"": ""Feature"",""geometry"": {""type"": ""Point"",""coordinates"": -3.1023605137, 55.9400233825}}"