acc_ref,beat_no,severity,no_vehicle,no_casualt,a_date,a_day,a_date_day,a_date_mon,a_date_yr,a_time_hr,a_time_min,loc_auth,road1_class,road1_no,road_type,speed_limi,junc_det,junc_ctrl,road2_class,road2_no,light_cond,weather,road_surf,spec_cond,cway_hzrds,ovrtk_patrn,easting,northing,net_id,net_type,acc_type,text_id,division,Postcode,ped_xing_hc,ped_xing_p,place_reported,latitude,longitude,geojson
819010,,Slight,2,1,05/11/2010,Friday,5,November,10,19,0,230,Unclassified,,Single carriageway - 2 lanes,30,Not at or within 20 metres of junction,unset,\,,Darkness: street lights present and lit,Raining (without high winds),Dry,None,None,No overtaking,326670,673750,2106535,Segment,Cyclist,361958,unset,EH88AS,No crossing facility within 50m or physical crossing facility not controlled by authorised person,No physical crossing facility within 50m,Elsewhere,55.9512196973,-3.17443245739,"{""type"": ""Feature"",""geometry"": {""type"": ""Point"",""coordinates"": -3.17443245739, 55.9512196973}}"
819410,,Slight,1,1,14/10/2010,Thursday,14,October,10,15,35,230,B,1350,Single carriageway - 2 lanes,30,'T' or staggered junction,Give way sign or markings,Unclassified,,Daylight: street lights present,Fine (without high winds),Dry,None,None,No overtaking,326410,674490,520668,Junction,Bus,361802,unset,EH75DX,No crossing facility within 50m or physical crossing facility not controlled by authorised person,No physical crossing facility within 50m,At scene,55.9578280451,-3.17879757413,"{""type"": ""Feature"",""geometry"": {""type"": ""Point"",""coordinates"": -3.17879757413, 55.9578280451}}"
820310,,Slight,1,1,04/11/2010,Thursday,4,November,10,16,35,230,Unclassified,,Single carriageway - 2 lanes,20,Not at or within 20 metres of junction,unset,\,,Darkness: street lights present and lit,Raining with high winds,Dry,None,None,No overtaking,328880,669510,12219679,Segment,Pedestrian,361959,unset,EH177ES,No crossing facility within 50m or physical crossing facility not controlled by authorised person,No physical crossing facility within 50m,At scene,55.9134594044,-3.13792860076,"{""type"": ""Feature"",""geometry"": {""type"": ""Point"",""coordinates"": -3.13792860076, 55.9134594044}}"
820410,,Slight,1,1,07/11/2010,Sunday,7,November,10,18,4,230,A,1,Single carriageway - 2 lanes,30,Not at or within 20 metres of junction,unset,\,,Darkness: street lights present and lit,Fine (without high winds),Dry,None,None,No overtaking,328290,674150,523383,Junction,Pedestrian,361960,unset,EH87AB,No crossing facility within 50m or physical crossing facility not controlled by authorised person,No physical crossing facility within 50m,At scene,55.9550577852,-3.14859932827,"{""type"": ""Feature"",""geometry"": {""type"": ""Point"",""coordinates"": -3.14859932827, 55.9550577852}}"
820510,,Slight,1,1,06/11/2010,Saturday,6,November,10,23,40,230,Unclassified,,Single carriageway - 2 lanes,30,Not at or within 20 metres of junction,unset,\,,Darkness: street lights present and lit,Raining (without high winds),Dry,None,None,No overtaking,325270,676140,563607,Segment,Bus,361961,unset,EH53AB,No crossing facility within 50m or physical crossing facility not controlled by authorised person,No physical crossing facility within 50m,Elsewhere,55.9724753967,-3.19751188881,"{""type"": ""Feature"",""geometry"": {""type"": ""Point"",""coordinates"": -3.19751188881, 55.9724753967}}"
822910,,Serious,2,1,08/11/2010,Monday,8,November,10,7,45,230,Unclassified,,Single carriageway - 2 lanes,30,Crossroads,Give way sign or markings,Unclassified,,Darkness: street lights present and lit,Raining (without high winds),Dry,None,None,No overtaking,331320,672910,523743,Junction,Cyclist,361962,unset,EH152ND,No crossing facility within 50m or physical crossing facility not controlled by authorised person,No physical crossing facility within 50m,At scene,55.9443601041,-3.09976140251,"{""type"": ""Feature"",""geometry"": {""type"": ""Point"",""coordinates"": -3.09976140251, 55.9443601041}}"
823210,,Slight,1,1,08/11/2010,Monday,8,November,10,11,45,230,A,900,Single carriageway - 2 lanes,40,Not at or within 20 metres of junction,unset,\,,Daylight: street lights present,Raining (without high winds),Dry,None,None,No overtaking,327010,675940,558521,Segment,Bus,361963,unset,EH67AA,No crossing facility within 50m or physical crossing facility not controlled by authorised person,Pedestrian phase at traffic signal junction,Elsewhere,55.9709462724,-3.16958163484,"{""type"": ""Feature"",""geometry"": {""type"": ""Point"",""coordinates"": -3.16958163484, 55.9709462724}}"
823410,,Slight,1,1,08/11/2010,Monday,8,November,10,8,52,230,Unclassified,,Single carriageway - 2 lanes,20,Not at or within 20 metres of junction,unset,\,,Daylight: street lights present,Fine with high winds,Dry,None,None,No overtaking,314390,677320,0,Unset,Pedestrian,361964,unset,EH309TY,No crossing facility within 50m or physical crossing facility not controlled by authorised person,No physical crossing facility within 50m,At scene,55.9812590459,-3.37218121131,"{""type"": ""Feature"",""geometry"": {""type"": ""Point"",""coordinates"": -3.37218121131, 55.9812590459}}"
823810,,Slight,2,1,08/11/2010,Monday,8,November,10,13,40,230,A,7,Single carriageway - 2 lanes,30,'T' or staggered junction,Give way sign or markings,Unclassified,,Daylight: street lights present,Raining (without high winds),Dry,None,None,No overtaking,326290,672700,532693,Junction,Bus,361965,unset,EH89JG,Control by other authorised person,Pedestrian phase at traffic signal junction,Elsewhere,55.9417284451,-3.18023000983,"{""type"": ""Feature"",""geometry"": {""type"": ""Point"",""coordinates"": -3.18023000983, 55.9417284451}}"
825110,,Slight,1,1,05/11/2010,Friday,5,November,10,13,30,230,A,8,Dual carriageway - 2 lanes,30,Other junction,Automatic Traffic Signal,C,,Daylight: street lights present,Fine (without high winds),Dry,None,None,No overtaking,325710,673970,521076,Junction,Pedestrian,361966,unset,EH22AN,Control by other authorised person,"Pelican, puffin, toucan or similar non-junction pedestrian light crossing",At scene,55.9530486952,-3.18986446206,"{""type"": ""Feature"",""geometry"": {""type"": ""Point"",""coordinates"": -3.18986446206, 55.9530486952}}"
825310,,Slight,2,1,07/11/2010,Sunday,7,November,10,11,45,230,A,71,Roundabout,40,Roundabout,Give way sign or markings,C,,Daylight: street lights present,Fine (without high winds),Dry,None,None,No overtaking,320720,671140,529507,Junction,Cyclist,361967,unset,EH113PR,No crossing facility within 50m or physical crossing facility not controlled by authorised person,No physical crossing facility within 50m,At scene,55.9268276284,-3.26893379653,"{""type"": ""Feature"",""geometry"": {""type"": ""Point"",""coordinates"": -3.26893379653, 55.9268276284}}"
826210,,Slight,3,1,09/11/2010,Tuesday,9,November,10,8,30,230,A,71,Dual carriageway - 2 lanes,40,Not at or within 20 metres of junction,unset,\,,Darkness: street lights present but unlit,Unknown,Dry,None,None,No overtaking,320180,670880,562840,Segment,M.V.N.P.,361968,unset,EH114AJ,No crossing facility within 50m or physical crossing facility not controlled by authorised person,No physical crossing facility within 50m,At scene,55.924402575,-3.27749763214,"{""type"": ""Feature"",""geometry"": {""type"": ""Point"",""coordinates"": -3.27749763214, 55.924402575}}"
826310,,Serious,2,1,09/11/2010,Tuesday,9,November,10,16,50,230,A,90,Single carriageway - 2 lanes,30,'T' or staggered junction,Give way sign or markings,Unclassified,,Darkness: street lights present and lit,Fine (without high winds),Dry,None,None,No overtaking,321180,675030,522330,Junction,T.V.N.P.,361969,unset,EH45ED,No crossing facility within 50m or physical crossing facility not controlled by authorised person,No physical crossing facility within 50m,At scene,55.9618496188,-3.26270988178,"{""type"": ""Feature"",""geometry"": {""type"": ""Point"",""coordinates"": -3.26270988178, 55.9618496188}}"
826610,,Slight,1,1,06/11/2010,Saturday,6,November,10,9,10,230,A,90,Single carriageway - 2 lanes,30,'T' or staggered junction,Give way sign or markings,C,,Daylight: street lighting unknown,Fine (without high winds),Dry,None,None,No overtaking,324110,674260,520476,Junction,Pedestrian,361970,unset,EH41PQ,Control by other authorised person,Pedestrian phase at traffic signal junction,Elsewhere,55.9554039576,-3.215566058,"{""type"": ""Feature"",""geometry"": {""type"": ""Point"",""coordinates"": -3.215566058, 55.9554039576}}"
827510,,Slight,2,2,09/11/2010,Tuesday,9,November,10,16,50,230,Motorway,9,Dual carriageway - 2 lanes,70,Not at or within 20 metres of junction,unset,\,,Darkness: no street lighting,Fine (without high winds),Dry,None,None,No overtaking,311670,674340,562735,Segment,T.V.N.P.,361971,unset,EH299EF,No crossing facility within 50m or physical crossing facility not controlled by authorised person,No physical crossing facility within 50m,At scene,55.9539967282,-3.41478612672,"{""type"": ""Feature"",""geometry"": {""type"": ""Point"",""coordinates"": -3.41478612672, 55.9539967282}}"
828710,,Serious,1,1,09/11/2010,Tuesday,9,November,10,15,45,230,A,71,Single carriageway - 2 lanes,30,Not at or within 20 metres of junction,unset,\,,Daylight: no street lighting,Raining (without high winds),Dry,None,None,No overtaking,322040,671710,549737,Segment,Pedestrian,361972,unset,EH113AD,No crossing facility within 50m or physical crossing facility not controlled by authorised person,No physical crossing facility within 50m,At scene,55.9321641147,-3.24797651236,"{""type"": ""Feature"",""geometry"": {""type"": ""Point"",""coordinates"": -3.24797651236, 55.9321641147}}"
829410,,Slight,2,1,10/11/2010,Wednesday,10,November,10,13,30,230,A,700,Single carriageway - 2 lanes,30,Not at or within 20 metres of junction,unset,\,,Daylight: no street lighting,Fine (without high winds),Dry,None,None,No overtaking,325380,672590,559577,Segment,T.V.N.P.,361973,unset,EH39LW,No crossing facility within 50m or physical crossing facility not controlled by authorised person,No physical crossing facility within 50m,At scene,55.9405998207,-3.1947667851,"{""type"": ""Feature"",""geometry"": {""type"": ""Point"",""coordinates"": -3.1947667851, 55.9405998207}}"
830010,,Slight,2,1,10/11/2010,Wednesday,10,November,10,17,50,230,A,71,Dual carriageway - 2 lanes,40,Roundabout,Give way sign or markings,Unclassified,,Darkness: street lights present and lit,Fine (without high winds),Dry,None,None,No overtaking,320090,670840,529672,Junction,T.V.N.P.,361974,unset,EH114AJ,No crossing facility within 50m or physical crossing facility not controlled by authorised person,No physical crossing facility within 50m,Elsewhere,55.9240282873,-3.27892581967,"{""type"": ""Feature"",""geometry"": {""type"": ""Point"",""coordinates"": -3.27892581967, 55.9240282873}}"
830410,,Slight,2,2,10/11/2010,Wednesday,10,November,10,16,45,230,Unclassified,,Single carriageway - 2 lanes,30,Multiple junction,Automatic Traffic Signal,A,702,Darkness: street lights present and lit,Fine (without high winds),Dry,None,None,No overtaking,324490,671890,522291,Junction,T.V.N.P.,361975,unset,EH105DP,Control by other authorised person,"Pelican, puffin, toucan or similar non-junction pedestrian light crossing",At scene,55.9341721619,-3.20881746609,"{""type"": ""Feature"",""geometry"": {""type"": ""Point"",""coordinates"": -3.20881746609, 55.9341721619}}"
832510,,Slight,2,1,10/11/2010,Wednesday,10,November,10,11,25,230,Unclassified,,Single carriageway - 2 lanes,30,Not at or within 20 metres of junction,unset,\,,Daylight: street lights present,Raining (without high winds),Dry,None,None,No overtaking,325730,672320,0,Unset,Pedestrian,361976,unset,EH91LE,No crossing facility within 50m or physical crossing facility not controlled by authorised person,No physical crossing facility within 50m,Elsewhere,55.9382283687,-3.18908985392,"{""type"": ""Feature"",""geometry"": {""type"": ""Point"",""coordinates"": -3.18908985392, 55.9382283687}}"
833310,,Serious,1,1,11/11/2010,Thursday,11,November,10,21,0,230,Unclassified,,Single carriageway - 2 lanes,30,'T' or staggered junction,Give way sign or markings,Unclassified,,Darkness: street lights present and lit,Raining with high winds,Dry,None,None,No overtaking,320580,670700,530446,Junction,Pedestrian,361977,unset,EH114SP,No crossing facility within 50m or physical crossing facility not controlled by authorised person,Central refuge - no other controls,At scene,55.922851728,-3.27104458657,"{""type"": ""Feature"",""geometry"": {""type"": ""Point"",""coordinates"": -3.27104458657, 55.922851728}}"
833810,,Slight,2,1,10/11/2010,Wednesday,10,November,10,9,5,230,A,901,Single carriageway - 2 lanes,30,Other junction,Give way sign or markings,A,901,Daylight: street lights present,Fine (without high winds),Dry,None,None,No overtaking,325670,677000,0,Unset,Bus,361978,unset,EH64LJ,No crossing facility within 50m or physical crossing facility not controlled by authorised person,No physical crossing facility within 50m,Elsewhere,55.9802635866,-3.19134111535,"{""type"": ""Feature"",""geometry"": {""type"": ""Point"",""coordinates"": -3.19134111535, 55.9802635866}}"
834810,,Slight,2,1,12/11/2010,Friday,12,November,10,8,45,230,A,8,Dual carriageway - 2 lanes,30,Not at or within 20 metres of junction,unset,\,,Daylight: street lights present,Fine with high winds,Dry,None,None,No overtaking,325300,673850,551202,Segment,Bus,361979,unset,EH22ER,Control by other authorised person,Pedestrian phase at traffic signal junction,Elsewhere,55.9519070678,-3.19639636415,"{""type"": ""Feature"",""geometry"": {""type"": ""Point"",""coordinates"": -3.19639636415, 55.9519070678}}"
834910,,Slight,2,1,12/11/2010,Friday,12,November,10,14,5,230,Unclassified,,Single carriageway - 2 lanes,30,Not at or within 20 metres of junction,unset,\,,Daylight: street lights present,Raining with high winds,Dry,None,None,No overtaking,324110,675940,563658,Segment,T.V.N.P.,361980,unset,EH52AD,No crossing facility within 50m or physical crossing facility not controlled by authorised person,No physical crossing facility within 50m,At scene,55.9704967035,-3.21603928361,"{""type"": ""Feature"",""geometry"": {""type"": ""Point"",""coordinates"": -3.21603928361, 55.9704967035}}"
835010,,Slight,2,1,12/11/2010,Friday,12,November,10,14,0,230,Unclassified,,Single carriageway - 2 lanes,30,'T' or staggered junction,Give way sign or markings,Unclassified,,Daylight: street lights present,Raining with high winds,Dry,None,None,No overtaking,326090,672910,532711,Junction,Cyclist,361981,unset,EH89JR,No crossing facility within 50m or physical crossing facility not controlled by authorised person,No physical crossing facility within 50m,Elsewhere,55.9435843579,-3.1834891392,"{""type"": ""Feature"",""geometry"": {""type"": ""Point"",""coordinates"": -3.1834891392, 55.9435843579}}"
835210,,Slight,3,1,12/11/2010,Friday,12,November,10,15,0,230,A,1140,Single carriageway - 2 lanes,30,Not at or within 20 metres of junction,unset,\,,Daylight: no street lighting,Fine with high winds,Dry,None,None,No overtaking,329520,674330,554906,Segment,M.V.N.P.,361982,unset,EH76UB,No crossing facility within 50m or physical crossing facility not controlled by authorised person,No physical crossing facility within 50m,At scene,55.9568569227,-3.12894947763,"{""type"": ""Feature"",""geometry"": {""type"": ""Point"",""coordinates"": -3.12894947763, 55.9568569227}}"
835610,,Serious,1,1,13/11/2010,Saturday,13,November,10,20,15,230,Unclassified,,Single carriageway - 2 lanes,30,Not at or within 20 metres of junction,unset,\,,Darkness: street lights present and lit,Fine (without high winds),Dry,None,None,No overtaking,326140,676350,563715,Segment,Pedestrian,361983,unset,EH64ET,No crossing facility within 50m or physical crossing facility not controlled by authorised person,No physical crossing facility within 50m,At scene,55.9744966261,-3.18363153783,"{""type"": ""Feature"",""geometry"": {""type"": ""Point"",""coordinates"": -3.18363153783, 55.9744966261}}"
836310,,Slight,1,2,10/11/2010,Wednesday,10,November,10,21,20,230,Unclassified,,Single carriageway - 2 lanes,60,Not at or within 20 metres of junction,unset,\,,Darkness: no street lighting,Fine (without high winds),Dry,None,None,No overtaking,314880,675580,0,Unset,S.V.N.P.,361984,unset,EH299EJ,No crossing facility within 50m or physical crossing facility not controlled by authorised person,No physical crossing facility within 50m,At scene,55.9657153548,-3.36377976604,"{""type"": ""Feature"",""geometry"": {""type"": ""Point"",""coordinates"": -3.36377976604, 55.9657153548}}"
837010,,Slight,1,1,13/11/2010,Saturday,13,November,10,15,50,230,A,70,Single carriageway - 2 lanes,30,'T' or staggered junction,Give way sign or markings,Unclassified,,Daylight: street lights present,Fine with high winds,Dry,None,None,No overtaking,323900,672940,521805,Junction,Bus,361985,unset,EH112DW,No crossing facility within 50m or physical crossing facility not controlled by authorised person,No physical crossing facility within 50m,Elsewhere,55.9435121424,-3.21855634245,"{""type"": ""Feature"",""geometry"": {""type"": ""Point"",""coordinates"": -3.21855634245, 55.9435121424}}"
837110,,Slight,2,1,13/11/2010,Saturday,13,November,10,16,40,230,Unclassified,,Roundabout,30,Mini-roundabout,Give way sign or markings,C,,Darkness: street lights present and lit,Fine (without high winds),Dry,None,None,No overtaking,322570,669810,532855,Junction,T.V.N.P.,361986,unset,EH130PN,No crossing facility within 50m or physical crossing facility not controlled by authorised person,No physical crossing facility within 50m,At scene,55.9151806098,-3.23894986132,"{""type"": ""Feature"",""geometry"": {""type"": ""Point"",""coordinates"": -3.23894986132, 55.9151806098}}"
837210,,Slight,2,1,13/11/2010,Saturday,13,November,10,18,45,230,A,6095,Single carriageway - 2 lanes,30,Crossroads,Automatic Traffic Signal,A,6095,Darkness: street lights present and lit,Fine (without high winds),Dry,None,None,No overtaking,330490,671750,530029,Junction,T.V.N.P.,361987,unset,EH164ND,Control by other authorised person,Pedestrian phase at traffic signal junction,At scene,55.9338191875,-3.11275042012,"{""type"": ""Feature"",""geometry"": {""type"": ""Point"",""coordinates"": -3.11275042012, 55.9338191875}}"
837310,,Slight,2,1,13/11/2010,Saturday,13,November,10,16,55,230,C,,Single carriageway - 2 lanes,30,'T' or staggered junction,Give way sign or markings,Unclassified,,Daylight: street lights present,Fine (without high winds),Dry,None,None,No overtaking,323020,673120,12223594,Junction,T.V.N.P.,361988,unset,EH125PW,No crossing facility within 50m or physical crossing facility not controlled by authorised person,No physical crossing facility within 50m,Elsewhere,55.9449890911,-3.23269512465,"{""type"": ""Feature"",""geometry"": {""type"": ""Point"",""coordinates"": -3.23269512465, 55.9449890911}}"
838010,,Slight,1,1,12/11/2010,Friday,12,November,10,17,0,230,A,900,Single carriageway - 2 lanes,30,'T' or staggered junction,Automatic Traffic Signal,A,900,Darkness: street lights present and lit,Fine (without high winds),Dry,None,None,No overtaking,326550,675140,519867,Junction,S.V.N.P.,361989,unset,EH74PE,Control by other authorised person,"Pelican, puffin, toucan or similar non-junction pedestrian light crossing",At scene,55.9636890106,-3.17673270628,"{""type"": ""Feature"",""geometry"": {""type"": ""Point"",""coordinates"": -3.17673270628, 55.9636890106}}"
842310,,Slight,2,1,15/11/2010,Monday,15,November,10,8,55,230,Motorway,9,Dual carriageway - 2 lanes,60,Not at or within 20 metres of junction,unset,\,,Daylight: no street lighting,Fine (without high winds),Dry,None,None,No overtaking,312460,673200,562714,Segment,T.V.N.P.,361990,unset,EH288SY,No crossing facility within 50m or physical crossing facility not controlled by authorised person,No physical crossing facility within 50m,At scene,55.9439005376,-3.40176685697,"{""type"": ""Feature"",""geometry"": {""type"": ""Point"",""coordinates"": -3.40176685697, 55.9439005376}}"
842610,,Slight,2,1,15/11/2010,Monday,15,November,10,10,0,230,A,71,Single carriageway - 2 lanes,30,Not at or within 20 metres of junction,unset,\,,Daylight: no street lighting,Fine (without high winds),Dry,None,None,No overtaking,321380,671450,529546,Junction,T.V.N.P.,361991,unset,EH113LJ,No crossing facility within 50m or physical crossing facility not controlled by authorised person,No physical crossing facility within 50m,Elsewhere,55.9297209065,-3.2584631598,"{""type"": ""Feature"",""geometry"": {""type"": ""Point"",""coordinates"": -3.2584631598, 55.9297209065}}"
843010,,Slight,2,1,15/11/2010,Monday,15,November,10,18,5,230,A,720,Dual carriageway - 2 lanes,60,Not at or within 20 metres of junction,unset,\,,Daylight: no street lighting,Fine (without high winds),Dry,None,None,No overtaking,324420,667840,570534,Segment,T.V.N.P.,361992,unset,EH107DS,No crossing facility within 50m or physical crossing facility not controlled by authorised person,No physical crossing facility within 50m,At scene,55.8977765012,-3.20880501741,"{""type"": ""Feature"",""geometry"": {""type"": ""Point"",""coordinates"": -3.20880501741, 55.8977765012}}"
843110,,Slight,2,1,15/11/2010,Monday,15,November,10,14,30,230,A,71,Roundabout,30,Roundabout,Give way sign or markings,Unclassified,,Daylight: street lights present,Fine (without high winds),Dry,None,None,No overtaking,319400,670690,529645,Junction,T.V.N.P.,361993,unset,EH114HD,No crossing facility within 50m or physical crossing facility not controlled by authorised person,Pedestrian phase at traffic signal junction,Elsewhere,55.9225656303,-3.28992108315,"{""type"": ""Feature"",""geometry"": {""type"": ""Point"",""coordinates"": -3.28992108315, 55.9225656303}}"
843710,,Slight,2,3,15/11/2010,Monday,15,November,10,14,17,230,Unclassified,,Single carriageway - 2 lanes,50,Not at or within 20 metres of junction,unset,\,,Daylight: no street lighting,Fine (without high winds),Dry,None,None,No overtaking,324700,669980,553522,Segment,T.V.N.P.,361994,unset,EH106LA,No crossing facility within 50m or physical crossing facility not controlled by authorised person,No physical crossing facility within 50m,At scene,55.9170459076,-3.20492390578,"{""type"": ""Feature"",""geometry"": {""type"": ""Point"",""coordinates"": -3.20492390578, 55.9170459076}}"
843810,,Slight,1,1,15/11/2010,Monday,15,November,10,14,50,230,Unclassified,,One way Street,30,Other junction,Give way sign or markings,Unclassified,,Daylight: no street lighting,Fine (without high winds),Dry,None,None,No overtaking,324440,673640,12223898,Junction,Pedestrian,361995,unset,EH37BR,No crossing facility within 50m or physical crossing facility not controlled by authorised person,No physical crossing facility within 50m,At scene,55.9498860058,-3.21010785083,"{""type"": ""Feature"",""geometry"": {""type"": ""Point"",""coordinates"": -3.21010785083, 55.9498860058}}"
844110,,Slight,1,1,15/11/2010,Monday,15,November,10,19,29,230,A,90,Single carriageway - 2 lanes,40,Not at or within 20 metres of junction,unset,\,,Darkness: street lights present and lit,Raining (without high winds),Dry,None,None,No overtaking,320240,675120,555456,Segment,Cyclist,361996,unset,EH46AH,No crossing facility within 50m or physical crossing facility not controlled by authorised person,No physical crossing facility within 50m,At scene,55.9625029762,-3.2777912977,"{""type"": ""Feature"",""geometry"": {""type"": ""Point"",""coordinates"": -3.2777912977, 55.9625029762}}"
844210,,Slight,1,1,15/11/2010,Monday,15,November,10,20,40,230,A,902,Single carriageway - 2 lanes,30,Not at or within 20 metres of junction,unset,\,,Darkness: street lights present and lit,Raining (without high winds),Dry,None,None,No overtaking,322330,674920,563703,Segment,Pedestrian,361997,unset,EH42SB,No crossing facility within 50m or physical crossing facility not controlled by authorised person,No physical crossing facility within 50m,At scene,55.9610487412,-3.24425989923,"{""type"": ""Feature"",""geometry"": {""type"": ""Point"",""coordinates"": -3.24425989923, 55.9610487412}}"
844310,,Slight,2,1,15/11/2010,Monday,15,November,10,21,30,230,A,7,Single carriageway - 2 lanes,30,Not at or within 20 metres of junction,unset,\,,Darkness: street lights present and lit,Fine (without high winds),Dry,None,None,No overtaking,326110,673150,569282,Segment,T.V.N.P.,361998,unset,EH89BZ,No crossing facility within 50m or physical crossing facility not controlled by authorised person,No physical crossing facility within 50m,Elsewhere,55.9457435714,-3.18323471058,"{""type"": ""Feature"",""geometry"": {""type"": ""Point"",""coordinates"": -3.18323471058, 55.9457435714}}"
845210,,Slight,2,1,16/11/2010,Tuesday,16,November,10,16,0,230,A,902,Single carriageway - 2 lanes,30,Not at or within 20 metres of junction,unset,\,,Daylight: street lights present,Fine (without high winds),Dry,None,None,No overtaking,322260,674900,563697,Segment,T.V.N.P.,361999,unset,EH42LX,Control by other authorised person,Pedestrian phase at traffic signal junction,Elsewhere,55.9608577441,-3.245375219,"{""type"": ""Feature"",""geometry"": {""type"": ""Point"",""coordinates"": -3.245375219, 55.9608577441}}"
846310,,Slight,2,1,15/11/2010,Monday,15,November,10,10,40,230,A,8,Dual carriageway - 2 lanes,40,Not at or within 20 metres of junction,unset,\,,Daylight: street lights present,Fine (without high winds),Dry,None,None,No overtaking,317860,672710,9659466,Segment,T.V.N.P.,362000,unset,EH128ND,No crossing facility within 50m or physical crossing facility not controlled by authorised person,No physical crossing facility within 50m,At scene,55.9404517717,-3.31517461503,"{""type"": ""Feature"",""geometry"": {""type"": ""Point"",""coordinates"": -3.31517461503, 55.9404517717}}"
847010,,Slight,3,1,16/11/2010,Tuesday,16,November,10,10,0,230,A,901,Roundabout,30,Roundabout,Give way sign or markings,Unclassified,,Daylight: street lights present,Fine (without high winds),Dry,None,None,No overtaking,323710,677130,518896,Junction,M.V.N.P.,362001,unset,EH51HE,No crossing facility within 50m or physical crossing facility not controlled by authorised person,No physical crossing facility within 50m,At scene,55.9811239659,-3.22278437255,"{""type"": ""Feature"",""geometry"": {""type"": ""Point"",""coordinates"": -3.22278437255, 55.9811239659}}"
848110,,Slight,1,1,16/11/2010,Tuesday,16,November,10,15,0,230,C,,Single carriageway - 2 lanes,30,Crossroads,Automatic Traffic Signal,Unclassified,,Daylight: street lights present,Raining (without high winds),Dry,None,None,No overtaking,326140,673700,521157,Junction,S.V.N.P.,362002,unset,EH11TB,Control by other authorised person,Pedestrian phase at traffic signal junction,At scene,55.9506893315,-3.18290506251,"{""type"": ""Feature"",""geometry"": {""type"": ""Point"",""coordinates"": -3.18290506251, 55.9506893315}}"
848810,,Slight,3,1,17/11/2010,Wednesday,17,November,10,8,25,230,Unclassified,,Single carriageway - 2 lanes,30,Not at or within 20 metres of junction,unset,\,,Daylight: street lights present,Fine (without high winds),Dry,None,None,No overtaking,323510,675840,563646,Segment,M.V.N.P.,362003,unset,EH52DJ,No crossing facility within 50m or physical crossing facility not controlled by authorised person,No physical crossing facility within 50m,At scene,55.9695031304,-3.22562264071,"{""type"": ""Feature"",""geometry"": {""type"": ""Point"",""coordinates"": -3.22562264071, 55.9695031304}}"
848910,,Slight,2,1,26/07/2010,Monday,26,July,10,12,20,230,A,902,Dual carriageway - 2 lanes,40,'T' or staggered junction,Automatic Traffic Signal,A,8,Daylight: street lights present,Fine (without high winds),Dry,None,None,No overtaking,318060,672730,521634,Junction,T.V.N.P.,350577,unset,EH128LU,No crossing facility within 50m or physical crossing facility not controlled by authorised person,No physical crossing facility within 50m,Elsewhere,55.9406655724,-3.31197935876,"{""type"": ""Feature"",""geometry"": {""type"": ""Point"",""coordinates"": -3.31197935876, 55.9406655724}}"
851510,,Slight,1,1,15/11/2010,Monday,15,November,10,16,46,230,C,,Single carriageway - 2 lanes,30,Not at or within 20 metres of junction,unset,\,,Darkness: street lights present and lit,Fine (without high winds),Dry,None,None,No overtaking,322820,676250,559937,Segment,S.V.N.P.,362004,unset,EH52NR,No crossing facility within 50m or physical crossing facility not controlled by authorised person,Central refuge - no other controls,At scene,55.973076043,-3.23679335155,"{""type"": ""Feature"",""geometry"": {""type"": ""Point"",""coordinates"": -3.23679335155, 55.973076043}}"
851810,,Slight,4,1,17/11/2010,Wednesday,17,November,10,16,40,230,A,700,Single carriageway - 2 lanes,30,'T' or staggered junction,Give way sign or markings,Unclassified,,Daylight: street lights present,Fine (without high winds),Dry,None,None,No overtaking,325640,672520,12220073,Junction,M.V.N.P.,362005,unset,EH39EE,No crossing facility within 50m or physical crossing facility not controlled by authorised person,"Pelican, puffin, toucan or similar non-junction pedestrian light crossing",At scene,55.940011236,-3.19058555463,"{""type"": ""Feature"",""geometry"": {""type"": ""Point"",""coordinates"": -3.19058555463, 55.940011236}}"
851910,,Slight,1,2,17/11/2010,Wednesday,17,November,10,8,50,230,C,,Single carriageway - 2 lanes,30,Not at or within 20 metres of junction,unset,\,,Daylight: no street lighting,Fine (without high winds),Dry,None,None,No overtaking,323670,674430,560033,Segment,Pedestrian,362006,unset,EH42UQ,No crossing facility within 50m or physical crossing facility not controlled by authorised person,No physical crossing facility within 50m,At scene,55.956861497,-3.22266008938,"{""type"": ""Feature"",""geometry"": {""type"": ""Point"",""coordinates"": -3.22266008938, 55.956861497}}"