acc_ref,beat_no,severity,no_vehicle,no_casualt,a_date,a_day,a_date_day,a_date_mon,a_date_yr,a_time_hr,a_time_min,loc_auth,road1_class,road1_no,road_type,speed_limi,junc_det,junc_ctrl,road2_class,road2_no,light_cond,weather,road_surf,spec_cond,cway_hzrds,ovrtk_patrn,easting,northing,net_id,net_type,acc_type,text_id,division,Postcode,ped_xing_hc,ped_xing_p,place_reported,latitude,longitude,geojson
852110,,Slight,1,1,18/11/2010,Thursday,18,November,10,12,50,230,A,7,Single carriageway - 2 lanes,30,Crossroads,Automatic Traffic Signal,C,,Daylight: street lighting unknown,Fine (without high winds),Dry,None,None,No overtaking,325950,673630,521103,Junction,Cyclist,362007,unset,EH11LL,No crossing facility within 50m or physical crossing facility not controlled by authorised person,No physical crossing facility within 50m,At scene,55.9500312182,-3.18592805154,"{""type"": ""Feature"",""geometry"": {""type"": ""Point"",""coordinates"": -3.18592805154, 55.9500312182}}"
852410,,Slight,1,1,13/11/2010,Saturday,13,November,10,0,1,230,Unclassified,,Single carriageway - 2 lanes,30,Not at or within 20 metres of junction,unset,\,,Darkness: street lights present and lit,Raining (without high winds),Dry,None,None,No overtaking,320490,676360,557350,Segment,S.V.N.P.,362008,unset,EH45EX,No crossing facility within 50m or physical crossing facility not controlled by authorised person,No physical crossing facility within 50m,At scene,55.9736840524,-3.27415336444,"{""type"": ""Feature"",""geometry"": {""type"": ""Point"",""coordinates"": -3.27415336444, 55.9736840524}}"
853310,,Slight,2,1,18/11/2010,Thursday,18,November,10,17,0,230,A,7,Single carriageway - 2 lanes,30,Other junction,Automatic Traffic Signal,Unclassified,,Darkness: street lights present and lit,Fine (without high winds),Dry,None,None,No overtaking,325850,673980,517891,Junction,Cyclist,362009,unset,EH11TR,Control by other authorised person,Pedestrian phase at traffic signal junction,Elsewhere,55.953160159,-3.18762544739,"{""type"": ""Feature"",""geometry"": {""type"": ""Point"",""coordinates"": -3.18762544739, 55.953160159}}"
853410,,Slight,1,1,18/11/2010,Thursday,18,November,10,15,30,230,Unclassified,,Single carriageway - 2 lanes,30,Not at or within 20 metres of junction,unset,\,,Daylight: street lights present,Fine (without high winds),Dry,None,None,No overtaking,325460,676530,0,Unset,Pedestrian,362010,unset,EH64RR,No crossing facility within 50m or physical crossing facility not controlled by authorised person,No physical crossing facility within 50m,At scene,55.9760086244,-3.19457595575,"{""type"": ""Feature"",""geometry"": {""type"": ""Point"",""coordinates"": -3.19457595575, 55.9760086244}}"
853510,,Slight,1,1,18/11/2010,Thursday,18,November,10,14,11,230,C,,Single carriageway - 2 lanes,30,Not at or within 20 metres of junction,unset,\,,Daylight: street lights present,Fine (without high winds),Dry,None,None,No overtaking,322740,672670,559290,Segment,Bus,362011,unset,EH112RB,No crossing facility within 50m or physical crossing facility not controlled by authorised person,No physical crossing facility within 50m,At scene,55.9409014844,-3.23704876223,"{""type"": ""Feature"",""geometry"": {""type"": ""Point"",""coordinates"": -3.23704876223, 55.9409014844}}"
854010,,Serious,1,1,18/11/2010,Thursday,18,November,10,17,54,230,A,902,Single carriageway - 2 lanes,30,Other junction,Automatic Traffic Signal,Unclassified,,Darkness: street lights present and lit,Raining (without high winds),Dry,None,None,No overtaking,322500,674960,520062,Junction,Pedestrian,362012,unset,EH42NF,No crossing facility within 50m or physical crossing facility not controlled by authorised person,No physical crossing facility within 50m,At scene,55.9614355464,-3.24154875381,"{""type"": ""Feature"",""geometry"": {""type"": ""Point"",""coordinates"": -3.24154875381, 55.9614355464}}"
854110,,Slight,1,1,19/11/2010,Friday,19,November,10,8,20,230,A,7,Single carriageway - 2 lanes,30,Not at or within 20 metres of junction,unset,\,,Daylight: no street lighting,Fine (without high winds),Dry,None,None,No overtaking,325890,673810,569270,Segment,Pedestrian,362013,unset,EH11BB,No crossing facility within 50m or physical crossing facility not controlled by authorised person,No physical crossing facility within 50m,At scene,55.9516390691,-3.18693820938,"{""type"": ""Feature"",""geometry"": {""type"": ""Point"",""coordinates"": -3.18693820938, 55.9516390691}}"
854510,,Slight,2,1,19/11/2010,Friday,19,November,10,8,0,230,A,900,Single carriageway - 2 lanes,30,Not at or within 20 metres of junction,unset,\,,Daylight: street lights present,Fine (without high winds),Dry,None,None,No overtaking,326840,675680,558446,Segment,T.V.N.P.,362014,unset,EH65DT,No crossing facility within 50m or physical crossing facility not controlled by authorised person,No physical crossing facility within 50m,At scene,55.9685845848,-3.17223441717,"{""type"": ""Feature"",""geometry"": {""type"": ""Point"",""coordinates"": -3.17223441717, 55.9685845848}}"
855610,,Slight,1,1,19/11/2010,Friday,19,November,10,16,35,230,C,,Single carriageway - 2 lanes,30,Other junction,Give way sign or markings,Unclassified,,Darkness: street lights present and lit,Fine (without high winds),Dry,None,None,No overtaking,326950,674660,520275,Junction,Pedestrian,362015,unset,EH75PL,No crossing facility within 50m or physical crossing facility not controlled by authorised person,No physical crossing facility within 50m,At scene,55.9594377275,-3.17019573048,"{""type"": ""Feature"",""geometry"": {""type"": ""Point"",""coordinates"": -3.17019573048, 55.9594377275}}"
856110,,Slight,3,2,19/11/2010,Friday,19,November,10,17,54,230,A,7,Single carriageway - 2 lanes,30,Not at or within 20 metres of junction,unset,\,,Darkness: street lights present and lit,Fine (without high winds),Dry,None,None,No overtaking,328680,670340,568099,Segment,M.V.N.P.,362016,unset,EH164SU,No crossing facility within 50m or physical crossing facility not controlled by authorised person,No physical crossing facility within 50m,At scene,55.9208865947,-3.14134699444,"{""type"": ""Feature"",""geometry"": {""type"": ""Point"",""coordinates"": -3.14134699444, 55.9208865947}}"
856310,,Slight,3,1,19/11/2010,Friday,19,November,10,17,1,230,Unclassified,,Single carriageway - 2 lanes,30,'T' or staggered junction,Give way sign or markings,Unclassified,,Darkness: street lights present and lit,Fine (without high winds),Dry,None,None,No overtaking,319980,670950,529660,Junction,M.V.N.P.,362017,unset,EH113TP,No crossing facility within 50m or physical crossing facility not controlled by authorised person,No physical crossing facility within 50m,At scene,55.9249981985,-3.28071842068,"{""type"": ""Feature"",""geometry"": {""type"": ""Point"",""coordinates"": -3.28071842068, 55.9249981985}}"
856610,,Slight,1,1,19/11/2010,Friday,19,November,10,18,22,230,A,7,Single carriageway - 2 lanes,30,'T' or staggered junction,Automatic Traffic Signal,A,8,Darkness: street lights present and lit,Fine (without high winds),Dry,None,None,No overtaking,325850,673980,517891,Junction,Bus,362018,unset,EH11TR,Control by other authorised person,Pedestrian phase at traffic signal junction,At scene,55.953160159,-3.18762544739,"{""type"": ""Feature"",""geometry"": {""type"": ""Point"",""coordinates"": -3.18762544739, 55.953160159}}"
857610,,Slight,1,1,20/11/2010,Saturday,20,November,10,13,20,230,Unclassified,,Single carriageway - 2 lanes,30,'T' or staggered junction,Give way sign or markings,B,701,Daylight: street lights present,Raining (without high winds),Dry,None,None,No overtaking,319100,674050,520350,Junction,Pedestrian,362019,unset,EH128DW,No crossing facility within 50m or physical crossing facility not controlled by authorised person,No physical crossing facility within 50m,At scene,55.9526999709,-3.29572821065,"{""type"": ""Feature"",""geometry"": {""type"": ""Point"",""coordinates"": -3.29572821065, 55.9526999709}}"
857710,,Serious,1,1,20/11/2010,Saturday,20,November,10,17,45,230,Unclassified,,Single carriageway - 2 lanes,30,'T' or staggered junction,Give way sign or markings,B,901,Darkness: street lights present and lit,Raining (without high winds),Dry,None,None,No overtaking,325700,674780,520218,Junction,Pedestrian,362020,unset,EH74BJ,No crossing facility within 50m or physical crossing facility not controlled by authorised person,Central refuge - no other controls,At scene,55.9603240846,-3.19024788184,"{""type"": ""Feature"",""geometry"": {""type"": ""Point"",""coordinates"": -3.19024788184, 55.9603240846}}"
857810,,Slight,1,1,20/11/2010,Saturday,20,November,10,16,1,230,C,,Single carriageway - 2 lanes,20,Other junction,Give way sign or markings,Unclassified,,Daylight: street lights present,Raining (without high winds),Dry,None,None,No overtaking,323920,672560,521826,Junction,Bus,362021,unset,EH111DG,No crossing facility within 50m or physical crossing facility not controlled by authorised person,No physical crossing facility within 50m,Elsewhere,55.9401014643,-3.21812900906,"{""type"": ""Feature"",""geometry"": {""type"": ""Point"",""coordinates"": -3.21812900906, 55.9401014643}}"
858010,,Slight,2,2,20/11/2010,Saturday,20,November,10,19,0,230,C,,Single carriageway - 2 lanes,30,Crossroads,Automatic Traffic Signal,C,,Darkness: street lights present and lit,Raining (without high winds),Dry,None,None,No overtaking,327600,669520,530152,Junction,T.V.N.P.,362022,unset,EH166RY,No crossing facility within 50m or physical crossing facility not controlled by authorised person,Pedestrian phase at traffic signal junction,At scene,55.9133583675,-3.15840676977,"{""type"": ""Feature"",""geometry"": {""type"": ""Point"",""coordinates"": -3.15840676977, 55.9133583675}}"
859110,,Slight,2,1,20/11/2010,Saturday,20,November,10,16,30,230,A,702,Single carriageway - 2 lanes,20,'T' or staggered junction,Automatic Traffic Signal,Unclassified,,Darkness: street lights present and lit,Raining (without high winds),Dry,None,None,No overtaking,324730,673570,520950,Junction,T.V.N.P.,362023,unset,EH12DA,Control by other authorised person,Pedestrian phase at traffic signal junction,At scene,55.9493026479,-3.20544506359,"{""type"": ""Feature"",""geometry"": {""type"": ""Point"",""coordinates"": -3.20544506359, 55.9493026479}}"
859210,,Slight,3,3,20/11/2010,Saturday,20,November,10,18,30,230,Unclassified,,Single carriageway - 2 lanes,30,Crossroads,Give way sign or markings,Unclassified,,Darkness: street lights present and lit,Raining (without high winds),Dry,None,None,No overtaking,321980,668740,0,Unset,M.V.N.P.,362024,unset,EH130BG,No crossing facility within 50m or physical crossing facility not controlled by authorised person,No physical crossing facility within 50m,At scene,55.9054727012,-3.24807905715,"{""type"": ""Feature"",""geometry"": {""type"": ""Point"",""coordinates"": -3.24807905715, 55.9054727012}}"
860010,,Slight,3,1,18/11/2010,Thursday,18,November,10,22,14,230,A,199,Single carriageway - 2 lanes,30,Not at or within 20 metres of junction,unset,\,,Darkness: no street lighting,Fine (without high winds),Dry,None,None,No overtaking,332240,673370,0,Unset,M.V.N.P.,362025,unset,EH152HF,No crossing facility within 50m or physical crossing facility not controlled by authorised person,No physical crossing facility within 50m,At scene,55.9486234193,-3.08514816045,"{""type"": ""Feature"",""geometry"": {""type"": ""Point"",""coordinates"": -3.08514816045, 55.9486234193}}"
860110,,Slight,1,1,20/11/2010,Saturday,20,November,10,12,30,230,A,8,Dual carriageway - 2 lanes,30,'T' or staggered junction,Automatic Traffic Signal,Unclassified,,Daylight: street lights present,Raining (without high winds),Dry,None,Other object in carriageway,No overtaking,324980,673760,520938,Junction,Cyclist,362026,unset,EH24AA,Control by other authorised person,"Pelican, puffin, toucan or similar non-junction pedestrian light crossing",Elsewhere,55.9510486698,-3.20149518182,"{""type"": ""Feature"",""geometry"": {""type"": ""Point"",""coordinates"": -3.20149518182, 55.9510486698}}"
860910,,Slight,2,1,21/10/2010,Thursday,21,October,10,17,35,230,A,199,Dual carriageway - 2 lanes,30,Crossroads,Automatic Traffic Signal,A,199,Darkness: street lights present and lit,Unknown,Dry,None,None,No overtaking,327250,676450,519262,Junction,T.V.N.P.,361803,unset,EH66PW,Control by other authorised person,Pedestrian phase at traffic signal junction,Elsewhere,55.9755644957,-3.16587460953,"{""type"": ""Feature"",""geometry"": {""type"": ""Point"",""coordinates"": -3.16587460953, 55.9755644957}}"
861910,,Slight,1,1,20/11/2010,Saturday,20,November,10,3,20,230,A,900,Dual carriageway - 2 lanes,30,Other junction,Give way sign or markings,Unclassified,,Darkness: street lights present and lit,Fine (without high winds),Dry,None,None,No overtaking,326080,674450,520665,Junction,Pedestrian,362027,unset,EH13NQ,No crossing facility within 50m or physical crossing facility not controlled by authorised person,Pedestrian phase at traffic signal junction,At scene,55.9574180269,-3.18407142393,"{""type"": ""Feature"",""geometry"": {""type"": ""Point"",""coordinates"": -3.18407142393, 55.9574180269}}"
863510,,Serious,1,2,22/11/2010,Monday,22,November,10,16,15,230,Unclassified,,Single carriageway - 2 lanes,30,'T' or staggered junction,Authorised Person,A,7,Darkness: street lights present and lit,Raining (without high winds),Dry,None,None,No overtaking,329740,669470,530233,Junction,S.V.N.P.,362028,unset,EH164SP,No crossing facility within 50m or physical crossing facility not controlled by authorised person,No physical crossing facility within 50m,At scene,55.9132263729,-3.12416109408,"{""type"": ""Feature"",""geometry"": {""type"": ""Point"",""coordinates"": -3.12416109408, 55.9132263729}}"
864010,,Slight,1,1,21/11/2010,Sunday,21,November,10,23,40,230,Unclassified,,Single carriageway - 2 lanes,30,Not at or within 20 metres of junction,unset,\,,Darkness: street lights present and lit,Raining (without high winds),Dry,None,None,No overtaking,320270,674130,565991,Segment,Pedestrian,362029,unset,EH126UW,No crossing facility within 50m or physical crossing facility not controlled by authorised person,No physical crossing facility within 50m,Elsewhere,55.9536142175,-3.27701793512,"{""type"": ""Feature"",""geometry"": {""type"": ""Point"",""coordinates"": -3.27701793512, 55.9536142175}}"
865210,,Slight,2,1,22/11/2010,Monday,22,November,10,18,40,230,C,,Roundabout,40,Roundabout,Give way sign or markings,Unclassified,,Darkness: street lights present but unlit,Raining (without high winds),Dry,None,None,No overtaking,326020,674350,520653,Junction,T.V.N.P.,362030,unset,EH13JT,No crossing facility within 50m or physical crossing facility not controlled by authorised person,No physical crossing facility within 50m,Elsewhere,55.9565104026,-3.18500484084,"{""type"": ""Feature"",""geometry"": {""type"": ""Point"",""coordinates"": -3.18500484084, 55.9565104026}}"
865510,,Slight,2,1,23/11/2010,Tuesday,23,November,10,10,0,230,Unclassified,,Single carriageway - 2 lanes,30,Not at or within 20 metres of junction,unset,\,,Daylight: street lights present,Fine (without high winds),Dry,None,None,No overtaking,318940,674670,551690,Segment,T.V.N.P.,362031,unset,EH48AT,No crossing facility within 50m or physical crossing facility not controlled by authorised person,No physical crossing facility within 50m,At scene,55.9582427788,-3.29847654883,"{""type"": ""Feature"",""geometry"": {""type"": ""Point"",""coordinates"": -3.29847654883, 55.9582427788}}"
867410,,Slight,1,1,01/11/2010,Monday,1,November,10,10,0,230,Unclassified,,Single carriageway - 2 lanes,30,'T' or staggered junction,Automatic Traffic Signal,A,7,Daylight: street lights present,Fine (without high winds),Dry,None,None,No overtaking,325990,673420,521589,Junction,Pedestrian,362032,unset,EH11HR,Control by other authorised person,Pedestrian phase at traffic signal junction,Elsewhere,55.9481507616,-3.18522995907,"{""type"": ""Feature"",""geometry"": {""type"": ""Point"",""coordinates"": -3.18522995907, 55.9481507616}}"
869810,,Slight,1,1,24/11/2010,Wednesday,24,November,10,16,39,230,Unclassified,,Single carriageway - 2 lanes,30,Not at or within 20 metres of junction,unset,\,,Darkness: street lights present and lit,Fine (without high winds),Dry,None,None,No overtaking,325020,675300,566864,Segment,Pedestrian,362033,unset,EH35JY,No crossing facility within 50m or physical crossing facility not controlled by authorised person,No physical crossing facility within 50m,At scene,55.9648900162,-3.20128316741,"{""type"": ""Feature"",""geometry"": {""type"": ""Point"",""coordinates"": -3.20128316741, 55.9648900162}}"
869910,,Serious,1,1,12/11/2010,Friday,12,November,10,10,15,230,Unclassified,,Single carriageway - 2 lanes,30,Not at or within 20 metres of junction,unset,\,,Daylight: street lights present,Fine (without high winds),Dry,None,None,No overtaking,318560,675040,557187,Segment,S.V.N.P.,362034,unset,EH46BU,No crossing facility within 50m or physical crossing facility not controlled by authorised person,No physical crossing facility within 50m,At scene,55.9615023972,-3.30467370908,"{""type"": ""Feature"",""geometry"": {""type"": ""Point"",""coordinates"": -3.30467370908, 55.9615023972}}"
870110,,Slight,3,1,24/11/2010,Wednesday,24,November,10,9,38,230,C,,Single carriageway - 2 lanes,30,'T' or staggered junction,Automatic Traffic Signal,B,901,Daylight: street lights present,Fine (without high winds),Dry,None,None,No overtaking,325910,674380,520605,Junction,M.V.N.P.,362035,unset,EH13JG,Control by other authorised person,Pedestrian phase at traffic signal junction,Elsewhere,55.9567629682,-3.18677463265,"{""type"": ""Feature"",""geometry"": {""type"": ""Point"",""coordinates"": -3.18677463265, 55.9567629682}}"
870310,,Slight,1,1,24/11/2010,Wednesday,24,November,10,15,55,230,Unclassified,,Single carriageway - 2 lanes,30,Not at or within 20 metres of junction,unset,\,,Darkness: street lights present and lit,Fine (without high winds),Dry,None,None,No overtaking,326940,675850,522318,Junction,Bus,362036,unset,EH68LN,No crossing facility within 50m or physical crossing facility not controlled by authorised person,No physical crossing facility within 50m,At scene,55.9701270747,-3.17067862405,"{""type"": ""Feature"",""geometry"": {""type"": ""Point"",""coordinates"": -3.17067862405, 55.9701270747}}"
870910,,Slight,2,1,24/11/2010,Wednesday,24,November,10,16,45,230,A,702,Single carriageway - 2 lanes,40,Using private drive or entrance,Give way sign or markings,Unclassified,,Daylight: street lights present,Fine (without high winds),Dry,None,None,No overtaking,324950,667310,548922,Segment,T.V.N.P.,362037,unset,EH107DUA,No crossing facility within 50m or physical crossing facility not controlled by authorised person,No physical crossing facility within 50m,At scene,55.8930979216,-3.20018343691,"{""type"": ""Feature"",""geometry"": {""type"": ""Point"",""coordinates"": -3.20018343691, 55.8930979216}}"
875210,,Slight,1,1,26/11/2010,Friday,26,November,10,16,10,230,A,71,Single carriageway - 2 lanes,30,Not at or within 20 metres of junction,unset,\,,Darkness: street lights present and lit,Fine (without high winds),Dry,None,None,No overtaking,321560,671460,549800,Segment,Pedestrian,362038,unset,EH113LW,Control by other authorised person,Zebra crossing,At scene,55.9298401356,-3.25558560045,"{""type"": ""Feature"",""geometry"": {""type"": ""Point"",""coordinates"": -3.25558560045, 55.9298401356}}"
876610,,Slight,1,1,22/11/2010,Monday,22,November,10,8,15,230,Unclassified,,Single carriageway - 2 lanes,30,'T' or staggered junction,Give way sign or markings,C,,Daylight: street lights present,Unknown,Dry,None,None,No overtaking,322810,676470,519160,Junction,Pedestrian,362039,unset,EH52LY,No crossing facility within 50m or physical crossing facility not controlled by authorised person,No physical crossing facility within 50m,At scene,55.9750508472,-3.23701663332,"{""type"": ""Feature"",""geometry"": {""type"": ""Point"",""coordinates"": -3.23701663332, 55.9750508472}}"
877010,,Slight,1,1,24/11/2010,Wednesday,24,November,10,17,45,230,Unclassified,,Single carriageway - 2 lanes,30,'T' or staggered junction,Give way sign or markings,Unclassified,,Darkness: street lights present and lit,Fine (without high winds),Dry,None,None,No overtaking,326470,672730,532735,Junction,Pedestrian,362040,unset,EH89QY,Control by other authorised person,"Pelican, puffin, toucan or similar non-junction pedestrian light crossing",At scene,55.9420255301,-3.1773567472,"{""type"": ""Feature"",""geometry"": {""type"": ""Point"",""coordinates"": -3.1773567472, 55.9420255301}}"
877210,,Slight,2,1,25/11/2010,Thursday,25,November,10,16,10,230,Unclassified,,Dual carriageway - 2 lanes,30,Not at or within 20 metres of junction,unset,\,,Darkness: street lights present and lit,Fine (without high winds),Dry,None,None,No overtaking,318720,671510,12232522,Segment,T.V.N.P.,362041,unset,EH129EB,No crossing facility within 50m or physical crossing facility not controlled by authorised person,No physical crossing facility within 50m,At scene,55.9298177178,-3.30104745793,"{""type"": ""Feature"",""geometry"": {""type"": ""Point"",""coordinates"": -3.30104745793, 55.9298177178}}"
882810,,Slight,1,1,30/11/2010,Tuesday,30,November,10,18,15,230,A,900,Dual carriageway - 2 lanes,30,Not at or within 20 metres of junction,unset,\,,Daylight: no street lighting,Snowing (without high winds),Dry,None,None,No overtaking,326000,674290,520623,Junction,Pedestrian,362042,unset,EH13AA,No crossing facility within 50m or physical crossing facility not controlled by authorised person,No physical crossing facility within 50m,At scene,55.9559682892,-3.18530864887,"{""type"": ""Feature"",""geometry"": {""type"": ""Point"",""coordinates"": -3.18530864887, 55.9559682892}}"
883410,,Slight,1,1,28/11/2010,Sunday,28,November,10,16,55,230,Unclassified,,Single carriageway - 2 lanes,30,'T' or staggered junction,Automatic Traffic Signal,A,702,Darkness: street lights present and lit,Snowing (without high winds),Dry,None,None,No overtaking,324740,673420,10254972,Junction,Bus,362043,unset,EH12DA,Control by other authorised person,Pedestrian phase at traffic signal junction,Elsewhere,55.9479566391,-3.2052430904,"{""type"": ""Feature"",""geometry"": {""type"": ""Point"",""coordinates"": -3.2052430904, 55.9479566391}}"
890910,,Slight,1,1,02/12/2010,Thursday,2,December,10,20,30,230,A,901,Single carriageway - 2 lanes,30,Crossroads,Automatic Traffic Signal,A,900,Darkness: street lights present and lit,Snowing (without high winds),Dry,None,None,No overtaking,326940,675910,522483,Junction,Pedestrian,362219,unset,EH65HX,Control by other authorised person,Pedestrian phase at traffic signal junction,At scene,55.9706661095,-3.17069490245,"{""type"": ""Feature"",""geometry"": {""type"": ""Point"",""coordinates"": -3.17069490245, 55.9706661095}}"
891010,,Slight,1,1,02/12/2010,Thursday,2,December,10,16,0,230,Unclassified,,Single carriageway - 2 lanes,30,Not at or within 20 metres of junction,unset,\,,Darkness: street lights present and lit,Snowing (without high winds),Dry,None,None,No overtaking,327790,668010,0,Unset,Pedestrian,362220,unset,EH178EP,No crossing facility within 50m or physical crossing facility not controlled by authorised person,No physical crossing facility within 50m,At scene,55.8998209905,-3.15496417293,"{""type"": ""Feature"",""geometry"": {""type"": ""Point"",""coordinates"": -3.15496417293, 55.8998209905}}"
891310,,Slight,1,1,02/12/2010,Thursday,2,December,10,20,40,230,Motorway,8,Dual carriageway - 2 lanes,70,Not at or within 20 metres of junction,unset,\,,Darkness: no street lighting,Unknown,Dry,None,None,No overtaking,311100,671140,562639,Segment,S.V.N.P.,362221,unset,EH288LQ,No crossing facility within 50m or physical crossing facility not controlled by authorised person,No physical crossing facility within 50m,At scene,55.9251458099,-3.42285836108,"{""type"": ""Feature"",""geometry"": {""type"": ""Point"",""coordinates"": -3.42285836108, 55.9251458099}}"
892110,,Slight,1,1,13/11/2010,Saturday,13,November,10,14,20,230,Unclassified,,Single carriageway - 2 lanes,40,Other junction,Give way sign or markings,Unclassified,,Daylight: no street lighting,Fine (without high winds),Dry,None,None,No overtaking,324480,676000,519187,Junction,Pedestrian,362044,unset,EH53QG,No crossing facility within 50m or physical crossing facility not controlled by authorised person,No physical crossing facility within 50m,At scene,55.9710940636,-3.21012882936,"{""type"": ""Feature"",""geometry"": {""type"": ""Point"",""coordinates"": -3.21012882936, 55.9710940636}}"
893410,,Serious,2,1,03/12/2010,Friday,3,December,10,11,5,230,Unclassified,,Single carriageway - 2 lanes,40,Not at or within 20 metres of junction,unset,\,,Daylight: no street lighting,Other,Dry,None,None,No overtaking,330280,673590,554048,Segment,T.V.N.P.,362222,unset,EH152QA,No crossing facility within 50m or physical crossing facility not controlled by authorised person,No physical crossing facility within 50m,At scene,55.9503195754,-3.11658701769,"{""type"": ""Feature"",""geometry"": {""type"": ""Point"",""coordinates"": -3.11658701769, 55.9503195754}}"
903610,,Slight,2,1,06/12/2010,Monday,6,December,10,11,30,230,B,900,Single carriageway - 2 lanes,30,Other junction,Give way sign or markings,Unclassified,,Daylight: no street lighting,Snowing (without high winds),Dry,None,None,No overtaking,324210,674700,520116,Junction,T.V.N.P.,362223,unset,EH41DS,No crossing facility within 50m or physical crossing facility not controlled by authorised person,No physical crossing facility within 50m,Elsewhere,55.9593726106,-3.2140884485,"{""type"": ""Feature"",""geometry"": {""type"": ""Point"",""coordinates"": -3.2140884485, 55.9593726106}}"
903810,,Slight,2,1,06/12/2010,Monday,6,December,10,13,55,230,A,6095,Single carriageway - 2 lanes,30,Roundabout,Give way sign or markings,Unclassified,,Daylight: street lights present,Fine (without high winds),Dry,None,None,No overtaking,331050,671640,530053,Junction,T.V.N.P.,362224,unset,EH153HS,Control by other authorised person,"Pelican, puffin, toucan or similar non-junction pedestrian light crossing",Elsewhere,55.9329115546,-3.10375944272,"{""type"": ""Feature"",""geometry"": {""type"": ""Point"",""coordinates"": -3.10375944272, 55.9329115546}}"
904110,,Slight,1,1,07/12/2010,Tuesday,7,December,10,8,50,230,A,720,Dual carriageway - 2 lanes,70,Not at or within 20 metres of junction,unset,\,,Daylight: no street lighting,Snowing (without high winds),Dry,None,None,No overtaking,320460,668550,570552,Segment,S.V.N.P.,362225,unset,EH146BA,No crossing facility within 50m or physical crossing facility not controlled by authorised person,No physical crossing facility within 50m,At scene,55.9035170399,-3.27233180107,"{""type"": ""Feature"",""geometry"": {""type"": ""Point"",""coordinates"": -3.27233180107, 55.9035170399}}"
905310,,Slight,2,1,07/12/2010,Tuesday,7,December,10,12,10,230,A,902,Single carriageway - 2 lanes,30,Other junction,Automatic Traffic Signal,Unclassified,,Daylight: street lights present,Fine (without high winds),Dry,None,None,No overtaking,322460,674950,520062,Junction,T.V.N.P.,362226,unset,EH42LZ,No crossing facility within 50m or physical crossing facility not controlled by authorised person,No physical crossing facility within 50m,Elsewhere,55.9613392542,-3.24218650604,"{""type"": ""Feature"",""geometry"": {""type"": ""Point"",""coordinates"": -3.24218650604, 55.9613392542}}"
907410,,Slight,2,1,07/12/2010,Tuesday,7,December,10,18,30,230,A,1,Dual carriageway - 2 lanes,40,Not at or within 20 metres of junction,unset,\,,Darkness: street lights present and lit,Other,Dry,None,None,No overtaking,331210,672820,552838,Segment,T.V.N.P.,362227,unset,EH153QH,No crossing facility within 50m or physical crossing facility not controlled by authorised person,No physical crossing facility within 50m,At scene,55.9435357987,-3.10149949626,"{""type"": ""Feature"",""geometry"": {""type"": ""Point"",""coordinates"": -3.10149949626, 55.9435357987}}"
907610,,Slight,1,1,24/11/2010,Wednesday,24,November,10,16,40,230,Unclassified,,Single carriageway - 2 lanes,30,Not at or within 20 metres of junction,unset,\,,Darkness: street lights present and lit,Fine (without high winds),Dry,None,None,No overtaking,327670,674280,2306922,Segment,Pedestrian,362045,unset,EH76AA,No crossing facility within 50m or physical crossing facility not controlled by authorised person,No physical crossing facility within 50m,At scene,55.9561327661,-3.15856265443,"{""type"": ""Feature"",""geometry"": {""type"": ""Point"",""coordinates"": -3.15856265443, 55.9561327661}}"
908610,,Slight,1,1,08/12/2010,Wednesday,8,December,10,23,0,230,Motorway,9,Dual carriageway - 2 lanes,50,Not at or within 20 metres of junction,unset,\,,Darkness: no street lighting,Other,Dry,None,None,No overtaking,311950,675300,562750,Segment,S.V.N.P.,362228,unset,EH299EG,No crossing facility within 50m or physical crossing facility not controlled by authorised person,No physical crossing facility within 50m,At scene,55.9626718802,-3.41061653027,"{""type"": ""Feature"",""geometry"": {""type"": ""Point"",""coordinates"": -3.41061653027, 55.9626718802}}"