acc_ref,beat_no,severity,no_vehicle,no_casualt,a_date,a_day,a_date_day,a_date_mon,a_date_yr,a_time_hr,a_time_min,loc_auth,road1_class,road1_no,road_type,speed_limi,junc_det,junc_ctrl,road2_class,road2_no,light_cond,weather,road_surf,spec_cond,cway_hzrds,ovrtk_patrn,easting,northing,net_id,net_type,acc_type,text_id,division,Postcode,ped_xing_hc,ped_xing_p,place_reported,latitude,longitude,geojson
909010,,Slight,1,1,08/12/2010,Wednesday,8,December,10,13,33,230,C,,Single carriageway - 2 lanes,30,Crossroads,Automatic Traffic Signal,Unclassified,,Daylight: street lights present,Fine (without high winds),Dry,None,None,No overtaking,323350,674890,520071,Junction,Pedestrian,362229,unset,EH42HX,No crossing facility within 50m or physical crossing facility not controlled by authorised person,Pedestrian phase at traffic signal junction,At scene,55.9609430717,-3.22791539157,"{""type"": ""Feature"",""geometry"": {""type"": ""Point"",""coordinates"": -3.22791539157, 55.9609430717}}"
909110,,Slight,2,1,07/12/2010,Tuesday,7,December,10,15,0,230,Unclassified,,Single carriageway - 2 lanes,30,Crossroads,Automatic Traffic Signal,A,6095,Daylight: street lights present,Other,Dry,None,None,No overtaking,330490,671740,530029,Junction,T.V.N.P.,362230,unset,EH164ND,Control by school crossing patrol,Pedestrian phase at traffic signal junction,At scene,55.933729346,-3.11274784485,"{""type"": ""Feature"",""geometry"": {""type"": ""Point"",""coordinates"": -3.11274784485, 55.933729346}}"
911110,,Slight,2,1,08/12/2010,Wednesday,8,December,10,14,30,230,Unclassified,,Single carriageway - 2 lanes,30,Not at or within 20 metres of junction,unset,\,,Daylight: street lights present,Fine (without high winds),Dry,None,None,No overtaking,322530,672410,559248,Segment,Cyclist,362231,unset,EH112QW,No crossing facility within 50m or physical crossing facility not controlled by authorised person,No physical crossing facility within 50m,Elsewhere,55.9385319186,-3.24033564111,"{""type"": ""Feature"",""geometry"": {""type"": ""Point"",""coordinates"": -3.24033564111, 55.9385319186}}"
911510,,Slight,1,1,08/12/2010,Wednesday,8,December,10,13,0,230,Motorway,9,Dual carriageway - 2 lanes,70,Not at or within 20 metres of junction,unset,\,,Daylight: no street lighting,Fine (without high winds),Dry,None,None,No overtaking,312230,673500,562714,Segment,S.V.N.P.,362232,unset,EH299EA,No crossing facility within 50m or physical crossing facility not controlled by authorised person,No physical crossing facility within 50m,At scene,55.9465535319,-3.40554619491,"{""type"": ""Feature"",""geometry"": {""type"": ""Point"",""coordinates"": -3.40554619491, 55.9465535319}}"
916310,,Serious,1,1,08/12/2010,Wednesday,8,December,10,15,30,230,A,7,Single carriageway - 2 lanes,30,Other junction,Give way sign or markings,Unclassified,,Daylight: street lights present,Other,Dry,None,None,No overtaking,326030,673320,521586,Junction,Pedestrian,362233,unset,EH89DH,No crossing facility within 50m or physical crossing facility not controlled by authorised person,No physical crossing facility within 50m,At scene,55.9472585297,-3.18456210571,"{""type"": ""Feature"",""geometry"": {""type"": ""Point"",""coordinates"": -3.18456210571, 55.9472585297}}"
916510,,Slight,3,3,18/09/2010,Saturday,18,September,10,14,0,230,A,90,Single carriageway - 2 lanes,30,'T' or staggered junction,Authorised Person,Unclassified,,Daylight: street lights present,Fine (without high winds),Dry,None,None,No overtaking,324400,673850,520899,Junction,M.V.N.P.,365266,unset,EH37PT,Control by other authorised person,Pedestrian phase at traffic signal junction,At scene,55.9517663153,-3.21080717958,"{""type"": ""Feature"",""geometry"": {""type"": ""Point"",""coordinates"": -3.21080717958, 55.9517663153}}"
917410,,Slight,1,3,10/12/2010,Friday,10,December,10,16,15,230,A,903,Single carriageway - 2 lanes,30,'T' or staggered junction,Give way sign or markings,Unclassified,,Darkness: street lights present and lit,Fine (without high winds),Dry,None,None,No overtaking,324150,676910,519025,Junction,S.V.N.P.,362234,unset,EH51AJ,No crossing facility within 50m or physical crossing facility not controlled by authorised person,No physical crossing facility within 50m,At scene,55.9792172715,-3.21567179114,"{""type"": ""Feature"",""geometry"": {""type"": ""Point"",""coordinates"": -3.21567179114, 55.9792172715}}"
917910,,Slight,1,1,05/12/2010,Sunday,5,December,10,13,30,230,Unclassified,,Single carriageway - 2 lanes,30,Not at or within 20 metres of junction,unset,\,,Daylight: street lights present,Fine (without high winds),Dry,None,None,No overtaking,319880,674400,565934,Segment,Pedestrian,362235,unset,EH47DT,No crossing facility within 50m or physical crossing facility not controlled by authorised person,No physical crossing facility within 50m,At scene,55.9559749062,-3.28334297292,"{""type"": ""Feature"",""geometry"": {""type"": ""Point"",""coordinates"": -3.28334297292, 55.9559749062}}"
918110,,Slight,1,1,11/12/2010,Saturday,11,December,10,5,12,230,A,90,Single carriageway - 2 lanes,60,Not at or within 20 metres of junction,unset,\,,Daylight: street lights present,Fine (without high winds),Dry,None,None,No overtaking,318010,675240,555438,Segment,S.V.N.P.,362236,unset,EH46DZ,No crossing facility within 50m or physical crossing facility not controlled by authorised person,No physical crossing facility within 50m,Elsewhere,55.9632055226,-3.31354300837,"{""type"": ""Feature"",""geometry"": {""type"": ""Point"",""coordinates"": -3.31354300837, 55.9632055226}}"
920610,,Slight,1,1,11/12/2010,Saturday,11,December,10,16,20,230,A,6095,Single carriageway - 2 lanes,30,Not at or within 20 metres of junction,unset,\,,Darkness: street lights present and lit,Other,Dry,None,None,No overtaking,330640,671740,553840,Segment,Pedestrian,362237,unset,EH153QX,Control by other authorised person,Central refuge - no other controls,At scene,55.9337510063,-3.11034708392,"{""type"": ""Feature"",""geometry"": {""type"": ""Point"",""coordinates"": -3.11034708392, 55.9337510063}}"
920910,,Serious,2,1,10/12/2010,Friday,10,December,10,21,25,230,A,8,Dual carriageway - 2 lanes,30,Not at or within 20 metres of junction,unset,\,,Darkness: street lights present and lit,Other,Dry,None,Other object in carriageway,No overtaking,325410,673880,551196,Segment,Cyclist,362238,unset,EH22DF,Control by other authorised person,Central refuge - no other controls,Elsewhere,55.9521936713,-3.19464333346,"{""type"": ""Feature"",""geometry"": {""type"": ""Point"",""coordinates"": -3.19464333346, 55.9521936713}}"
922010,,Slight,1,1,13/11/2010,Saturday,13,November,10,2,30,230,C,,Single carriageway - 2 lanes,30,Not at or within 20 metres of junction,unset,\,,Darkness: street lights present and lit,Fine (without high winds),Dry,None,None,No overtaking,325590,673420,2106562,Segment,Pedestrian,362046,unset,EH11JX,No crossing facility within 50m or physical crossing facility not controlled by authorised person,No physical crossing facility within 50m,At scene,55.948088996,-3.19163418784,"{""type"": ""Feature"",""geometry"": {""type"": ""Point"",""coordinates"": -3.19163418784, 55.948088996}}"
922710,,Slight,1,1,12/12/2010,Sunday,12,December,10,14,40,230,A,900,Single carriageway - 2 lanes,30,Other junction,Give way sign or markings,Unclassified,,Daylight: no street lighting,Fine (without high winds),Dry,None,None,No overtaking,326710,675400,519885,Junction,Pedestrian,362239,unset,EH68NY,No crossing facility within 50m or physical crossing facility not controlled by authorised person,Pedestrian phase at traffic signal junction,At scene,55.9660492683,-3.17424071069,"{""type"": ""Feature"",""geometry"": {""type"": ""Point"",""coordinates"": -3.17424071069, 55.9660492683}}"
925810,,Serious,1,1,13/12/2010,Monday,13,December,10,10,40,230,A,701,Single carriageway - 2 lanes,30,Other junction,Give way sign or markings,Unclassified,,Daylight: street lights present,Fine (without high winds),Dry,None,None,No overtaking,326990,671360,529606,Junction,Pedestrian,362240,unset,EH165PF,Control by other authorised person,Central refuge - no other controls,At scene,55.9297967515,-3.16866187674,"{""type"": ""Feature"",""geometry"": {""type"": ""Point"",""coordinates"": -3.16866187674, 55.9297967515}}"
925910,,Slight,2,1,13/12/2010,Monday,13,December,10,9,30,230,Unclassified,,Dual carriageway - 2 lanes,30,Not at or within 20 metres of junction,unset,\,,Daylight: no street lighting,Fine (without high winds),Dry,None,None,No overtaking,321530,676170,0,Unset,T.V.N.P.,362241,unset,EH44NZ,Control by other authorised person,Zebra crossing,At scene,55.9721482621,-3.25743646236,"{""type"": ""Feature"",""geometry"": {""type"": ""Point"",""coordinates"": -3.25743646236, 55.9721482621}}"
926310,,Serious,2,1,13/12/2010,Monday,13,December,10,9,0,230,A,900,Single carriageway - 2 lanes,30,Crossroads,Automatic Traffic Signal,Unclassified,,Daylight: street lights present,Fine (without high winds),Dry,None,None,No overtaking,326230,674690,520260,Junction,Cyclist,362242,unset,EH74AE,Control by other authorised person,"Pelican, puffin, toucan or similar non-junction pedestrian light crossing",At scene,55.9595972181,-3.18173495382,"{""type"": ""Feature"",""geometry"": {""type"": ""Point"",""coordinates"": -3.18173495382, 55.9595972181}}"
928810,,Slight,2,1,10/12/2010,Friday,10,December,10,7,30,230,Unclassified,,Dual carriageway - 2 lanes,30,Not at or within 20 metres of junction,unset,\,,Darkness: street lights present and lit,Other,Dry,None,Other object in carriageway,No overtaking,321320,676350,557297,Segment,T.V.N.P.,362244,unset,EH45EU,No crossing facility within 50m or physical crossing facility not controlled by authorised person,No physical crossing facility within 50m,At scene,55.973730947,-3.26085327564,"{""type"": ""Feature"",""geometry"": {""type"": ""Point"",""coordinates"": -3.26085327564, 55.973730947}}"
928910,,Slight,1,1,14/12/2010,Tuesday,14,December,10,0,1,230,A,90,Dual carriageway - 2 lanes,70,Not at or within 20 metres of junction,unset,\,,Darkness: street lights present and lit,Fine (without high winds),Dry,None,None,No overtaking,312600,677490,555423,Segment,S.V.N.P.,362245,unset,EH309SS,No crossing facility within 50m or physical crossing facility not controlled by authorised person,No physical crossing facility within 50m,At scene,55.9824635829,-3.40091750023,"{""type"": ""Feature"",""geometry"": {""type"": ""Point"",""coordinates"": -3.40091750023, 55.9824635829}}"
929110,,Slight,2,1,13/12/2010,Monday,13,December,10,11,0,230,Unclassified,,Single carriageway - 2 lanes,30,'T' or staggered junction,Give way sign or markings,Unclassified,,Daylight: street lights present,Fine (without high winds),Dry,None,None,No overtaking,320080,670730,0,Unset,T.V.N.P.,362246,unset,EH114QS,No crossing facility within 50m or physical crossing facility not controlled by authorised person,No physical crossing facility within 50m,Elsewhere,55.9230384279,-3.27905327172,"{""type"": ""Feature"",""geometry"": {""type"": ""Point"",""coordinates"": -3.27905327172, 55.9230384279}}"
930410,,Slight,2,1,14/12/2010,Tuesday,14,December,10,12,38,230,Unclassified,,Single carriageway - 2 lanes,30,Not at or within 20 metres of junction,unset,\,,Daylight: street lights present,Fine (without high winds),Dry,None,None,No overtaking,327380,671180,564298,Segment,Cyclist,362247,unset,EH165PB,Control by other authorised person,"Pelican, puffin, toucan or similar non-junction pedestrian light crossing",At scene,55.9282386805,-3.16237223031,"{""type"": ""Feature"",""geometry"": {""type"": ""Point"",""coordinates"": -3.16237223031, 55.9282386805}}"
934610,,Slight,3,1,15/12/2010,Wednesday,15,December,10,17,15,230,A,70,Single carriageway - 2 lanes,30,Not at or within 20 metres of junction,unset,\,,Daylight: street lights present,Other,Dry,None,None,No overtaking,324010,673020,521394,Junction,M.V.N.P.,362248,unset,EH112AY,No crossing facility within 50m or physical crossing facility not controlled by authorised person,No physical crossing facility within 50m,At scene,55.9442482491,-3.21681794414,"{""type"": ""Feature"",""geometry"": {""type"": ""Point"",""coordinates"": -3.21681794414, 55.9442482491}}"
935210,,Serious,1,1,16/12/2010,Thursday,16,December,10,3,35,230,Unclassified,,Single carriageway - 2 lanes,30,'T' or staggered junction,Give way sign or markings,Unclassified,,Darkness: street lights present and lit,Fine (without high winds),Dry,None,None,No overtaking,325700,673300,521538,Junction,Pedestrian,362249,unset,EH11EY,No crossing facility within 50m or physical crossing facility not controlled by authorised person,No physical crossing facility within 50m,At scene,55.9470279485,-3.18983996597,"{""type"": ""Feature"",""geometry"": {""type"": ""Point"",""coordinates"": -3.18983996597, 55.9470279485}}"
936710,,Slight,1,1,16/12/2010,Thursday,16,December,10,11,40,230,Unclassified,,One way Street,30,Roundabout,Give way sign or markings,Unclassified,,Daylight: street lights present,Fine (without high winds),Dry,None,None,No overtaking,315060,673270,6423418,Junction,Pedestrian,362250,unset,EH288NG,Control by other authorised person,Central refuge - no other controls,At scene,55.9449958507,-3.36016882708,"{""type"": ""Feature"",""geometry"": {""type"": ""Point"",""coordinates"": -3.36016882708, 55.9449958507}}"
937210,,Slight,1,1,16/12/2010,Thursday,16,December,10,11,15,230,Unclassified,,Single carriageway - 2 lanes,30,'T' or staggered junction,Give way sign or markings,Unclassified,,Daylight: street lights present,Other,Dry,None,None,No overtaking,327830,668340,0,Unset,Pedestrian,362251,unset,EH166RP,No crossing facility within 50m or physical crossing facility not controlled by authorised person,No physical crossing facility within 50m,At scene,55.9027917302,-3.15441259281,"{""type"": ""Feature"",""geometry"": {""type"": ""Point"",""coordinates"": -3.15441259281, 55.9027917302}}"
939010,,Serious,2,1,16/12/2010,Thursday,16,December,10,14,0,230,Unclassified,,Single carriageway - 2 lanes,30,'T' or staggered junction,Give way sign or markings,Unclassified,,Daylight: street lights present,Snowing (without high winds),Dry,None,None,No overtaking,322870,671770,522240,Junction,Bus,362252,unset,EH141NP,No crossing facility within 50m or physical crossing facility not controlled by authorised person,No physical crossing facility within 50m,At scene,55.9328369836,-3.23471058054,"{""type"": ""Feature"",""geometry"": {""type"": ""Point"",""coordinates"": -3.23471058054, 55.9328369836}}"
939910,,Serious,2,1,11/12/2010,Saturday,11,December,10,0,10,230,A,71,Single carriageway - 2 lanes,30,Not at or within 20 metres of junction,unset,\,,Darkness: street lights present and lit,Fine (without high winds),Dry,None,None,No overtaking,322200,671790,549749,Segment,T.V.N.P.,362253,unset,EH113AA,No crossing facility within 50m or physical crossing facility not controlled by authorised person,No physical crossing facility within 50m,At scene,55.932908725,-3.2454389854,"{""type"": ""Feature"",""geometry"": {""type"": ""Point"",""coordinates"": -3.2454389854, 55.932908725}}"
941610,,Slight,1,1,17/12/2010,Friday,17,December,10,10,45,230,A,1,Single carriageway - 2 lanes,30,Not at or within 20 metres of junction,unset,\,,Daylight: street lights present,Fine (without high winds),Dry,None,None,No overtaking,325860,674010,520638,Junction,Bus,362254,unset,EH88DL,Control by other authorised person,Pedestrian phase at traffic signal junction,At scene,55.9534312186,-3.18747357138,"{""type"": ""Feature"",""geometry"": {""type"": ""Point"",""coordinates"": -3.18747357138, 55.9534312186}}"
942110,,Slight,1,1,17/12/2010,Friday,17,December,10,10,44,230,A,71,Dual carriageway - 2 lanes,40,'T' or staggered junction,Give way sign or markings,C,,Daylight: street lights present,Fine (without high winds),Dry,None,None,No overtaking,321190,671430,529534,Junction,S.V.N.P.,362255,unset,EH113PF,Control by other authorised person,"Pelican, puffin, toucan or similar non-junction pedestrian light crossing",At scene,55.9295101349,-3.26149780647,"{""type"": ""Feature"",""geometry"": {""type"": ""Point"",""coordinates"": -3.26149780647, 55.9295101349}}"
944510,,Slight,2,1,06/12/2010,Monday,6,December,10,7,30,230,B,701,Single carriageway - 2 lanes,30,Not at or within 20 metres of junction,unset,\,,Daylight: street lights present,Snowing (without high winds),Dry,None,None,No overtaking,326080,667950,2105975,Segment,T.V.N.P.,362256,unset,EH166TJ,No crossing facility within 50m or physical crossing facility not controlled by authorised person,No physical crossing facility within 50m,At scene,55.8990224474,-3.18229193281,"{""type"": ""Feature"",""geometry"": {""type"": ""Point"",""coordinates"": -3.18229193281, 55.8990224474}}"
948610,,Serious,1,1,17/12/2010,Friday,17,December,10,17,0,230,A,702,Single carriageway - 2 lanes,30,Not at or within 20 metres of junction,unset,\,,Darkness: street lights present and lit,Other,Dry,None,None,No overtaking,324790,673320,548964,Segment,Pedestrian,362257,unset,EH39AW,No crossing facility within 50m or physical crossing facility not controlled by authorised person,No physical crossing facility within 50m,At scene,55.9470660826,-3.20441468135,"{""type"": ""Feature"",""geometry"": {""type"": ""Point"",""coordinates"": -3.20441468135, 55.9470660826}}"
948810,,Slight,1,2,19/12/2010,Sunday,19,December,10,18,10,230,A,8000,Single carriageway - 2 lanes,60,Not at or within 20 metres of junction,unset,\,,Darkness: no street lighting,Snowing (without high winds),Dry,None,None,No overtaking,313739,676460,0,Unset,S.V.N.P.,362258,unset,EH309SR,No crossing facility within 50m or physical crossing facility not controlled by authorised person,No physical crossing facility within 50m,At scene,55.9734169762,-3.38233661996,"{""type"": ""Feature"",""geometry"": {""type"": ""Point"",""coordinates"": -3.38233661996, 55.9734169762}}"
950210,,Slight,1,1,18/12/2010,Saturday,18,December,10,13,30,230,A,71,Dual carriageway - 2 lanes,40,Not at or within 20 metres of junction,unset,\,,Daylight: street lights present,Fine (without high winds),Dry,None,None,No overtaking,320370,670960,562840,Segment,Bus,362259,unset,EH113TD,No crossing facility within 50m or physical crossing facility not controlled by authorised person,No physical crossing facility within 50m,Elsewhere,55.9251527565,-3.27448116806,"{""type"": ""Feature"",""geometry"": {""type"": ""Point"",""coordinates"": -3.27448116806, 55.9251527565}}"
951910,,Slight,1,1,15/12/2010,Wednesday,15,December,10,11,0,230,A,8,Single carriageway - 2 lanes,30,Not at or within 20 metres of junction,unset,\,,Daylight: no street lighting,Snowing (without high winds),Dry,None,None,No overtaking,325740,673970,550541,Segment,Pedestrian,362260,unset,EH22EJ,No crossing facility within 50m or physical crossing facility not controlled by authorised person,No physical crossing facility within 50m,At scene,55.9530533326,-3.18938408406,"{""type"": ""Feature"",""geometry"": {""type"": ""Point"",""coordinates"": -3.18938408406, 55.9530533326}}"
956310,,Slight,2,2,15/12/2010,Wednesday,15,December,10,9,30,230,Unclassified,,Dual carriageway - 2 lanes,30,Other junction,Give way sign or markings,Unclassified,,Daylight: no street lighting,Fine (without high winds),Dry,None,None,No overtaking,318340,673690,10303346,Junction,T.V.N.P.,362261,unset,EH128UD,Control by other authorised person,Pedestrian phase at traffic signal junction,At scene,55.9493373635,-3.30778810609,"{""type"": ""Feature"",""geometry"": {""type"": ""Point"",""coordinates"": -3.30778810609, 55.9493373635}}"
956810,,Slight,2,2,22/12/2010,Wednesday,22,December,10,8,59,230,A,1,Single carriageway - 2 lanes,30,Multiple junction,Give way sign or markings,Unclassified,,Daylight: no street lighting,Snowing (without high winds),Dry,None,None,No overtaking,331070,672900,523755,Junction,T.V.N.P.,362262,unset,EH153AZ,Control by other authorised person,Pedestrian phase at traffic signal junction,At scene,55.9442344754,-3.10376122148,"{""type"": ""Feature"",""geometry"": {""type"": ""Point"",""coordinates"": -3.10376122148, 55.9442344754}}"
959410,,Slight,2,2,22/12/2010,Wednesday,22,December,10,13,20,230,Unclassified,,Single carriageway - 2 lanes,30,Slip road,Give way sign or markings,Unclassified,,Daylight: street lights present,Fine (without high winds),Dry,None,None,No overtaking,320530,670740,0,Unset,T.V.N.P.,362263,unset,EH114SW,No crossing facility within 50m or physical crossing facility not controlled by authorised person,No physical crossing facility within 50m,Elsewhere,55.9232028163,-3.27185633826,"{""type"": ""Feature"",""geometry"": {""type"": ""Point"",""coordinates"": -3.27185633826, 55.9232028163}}"
961610,,Serious,1,1,23/12/2010,Thursday,23,December,10,20,45,230,Unclassified,,One way Street,30,Multiple junction,Automatic Traffic Signal,A,8,Darkness: street lights present and lit,Fine (without high winds),Dry,None,None,No overtaking,324250,673340,521322,Junction,Pedestrian,362264,unset,EH38HX,Control by other authorised person,Pedestrian phase at traffic signal junction,At scene,55.9471609517,-3.21306569941,"{""type"": ""Feature"",""geometry"": {""type"": ""Point"",""coordinates"": -3.21306569941, 55.9471609517}}"
961710,,Slight,1,1,23/12/2010,Thursday,23,December,10,6,10,230,A,720,Dual carriageway - 2 lanes,70,Slip road,Give way sign or markings,A,720,Darkness: no street lighting,Fine (without high winds),Dry,None,None,No overtaking,324530,667800,2588177,Junction,S.V.N.P.,362265,unset,EH107DS,No crossing facility within 50m or physical crossing facility not controlled by authorised person,No physical crossing facility within 50m,At scene,55.8974343991,-3.20703498923,"{""type"": ""Feature"",""geometry"": {""type"": ""Point"",""coordinates"": -3.20703498923, 55.8974343991}}"
962310,,Slight,2,1,24/12/2010,Friday,24,December,10,5,27,230,Unclassified,,Single carriageway - 2 lanes,30,Not at or within 20 metres of junction,unset,\,,Darkness: street lights present and lit,Fine (without high winds),Dry,None,None,No overtaking,329720,674670,557545,Segment,T.V.N.P.,362266,unset,EH76TN,No crossing facility within 50m or physical crossing facility not controlled by authorised person,No physical crossing facility within 50m,At scene,55.9599408061,-3.12583523901,"{""type"": ""Feature"",""geometry"": {""type"": ""Point"",""coordinates"": -3.12583523901, 55.9599408061}}"
963610,,Slight,2,1,24/12/2010,Friday,24,December,10,8,20,230,Unclassified,,Single carriageway - 2 lanes,40,Not at or within 20 metres of junction,unset,\,,Darkness: street lights present and lit,Fine (without high winds),Dry,None,None,No overtaking,331120,673300,554033,Segment,T.V.N.P.,362267,unset,EH152QA,No crossing facility within 50m or physical crossing facility not controlled by authorised person,No physical crossing facility within 50m,At scene,55.9478353073,-3.10306290563,"{""type"": ""Feature"",""geometry"": {""type"": ""Point"",""coordinates"": -3.10306290563, 55.9478353073}}"
964410,,Slight,2,2,21/12/2010,Tuesday,21,December,10,15,35,230,C,,Single carriageway - 2 lanes,30,'T' or staggered junction,Give way sign or markings,Unclassified,,Darkness: street lights present and lit,Fine (without high winds),Dry,None,None,No overtaking,326870,674170,520695,Junction,T.V.N.P.,362268,unset,EH88EH,Control by other authorised person,No physical crossing facility within 50m,Elsewhere,55.9550234295,-3.17134400125,"{""type"": ""Feature"",""geometry"": {""type"": ""Point"",""coordinates"": -3.17134400125, 55.9550234295}}"
964910,,Slight,1,1,24/12/2010,Friday,24,December,10,12,30,230,A,772,Single carriageway - 2 lanes,30,Not at or within 20 metres of junction,unset,\,,Daylight: street lights present,Fine (without high winds),Dry,None,None,No overtaking,329210,668720,569384,Segment,Bus,362269,unset,EH178QQ,No crossing facility within 50m or physical crossing facility not controlled by authorised person,No physical crossing facility within 50m,Elsewhere,55.9064106063,-3.13244284339,"{""type"": ""Feature"",""geometry"": {""type"": ""Point"",""coordinates"": -3.13244284339, 55.9064106063}}"
966110,,Slight,3,1,21/12/2010,Tuesday,21,December,10,18,47,230,Unclassified,,Single carriageway - 2 lanes,30,Not at or within 20 metres of junction,unset,\,,Darkness: street lights present and lit,Fine (without high winds),Dry,None,None,No overtaking,321240,676150,0,Unset,M.V.N.P.,362270,unset,EH44TB,No crossing facility within 50m or physical crossing facility not controlled by authorised person,No physical crossing facility within 50m,At scene,55.9719211094,-3.26207642901,"{""type"": ""Feature"",""geometry"": {""type"": ""Point"",""coordinates"": -3.26207642901, 55.9719211094}}"
966810,,Slight,2,1,25/12/2010,Saturday,25,December,10,19,15,230,A,90,Dual carriageway - 2 lanes,50,Not at or within 20 metres of junction,unset,\,,Darkness: street lights present and lit,Fine (without high winds),Dry,None,None,No overtaking,312600,677520,555687,Segment,T.V.N.P.,362271,unset,EH309SS,No crossing facility within 50m or physical crossing facility not controlled by authorised person,No physical crossing facility within 50m,At scene,55.9827330755,-3.40092724432,"{""type"": ""Feature"",""geometry"": {""type"": ""Point"",""coordinates"": -3.40092724432, 55.9827330755}}"
967810,,Serious,1,1,27/12/2010,Monday,27,December,10,5,0,230,A,7,Single carriageway - 2 lanes,30,'T' or staggered junction,Give way sign or markings,Unclassified,,Darkness: street lights present and lit,Raining (without high winds),Dry,None,None,No overtaking,326180,672920,532702,Junction,Pedestrian,362272,unset,EH89HB,Control by other authorised person,"Pelican, puffin, toucan or similar non-junction pedestrian light crossing",At scene,55.9436880274,-3.18205108957,"{""type"": ""Feature"",""geometry"": {""type"": ""Point"",""coordinates"": -3.18205108957, 55.9436880274}}"
968510,,Slight,3,1,26/12/2010,Sunday,26,December,10,22,25,230,A,90,Single carriageway - 2 lanes,40,'T' or staggered junction,Automatic Traffic Signal,Unclassified,,Darkness: street lights present and lit,Fine (without high winds),Dry,None,None,No overtaking,320000,675080,519708,Junction,M.V.N.P.,362273,unset,EH46AH,Control by other authorised person,Pedestrian phase at traffic signal junction,At scene,55.962103722,-3.28162324901,"{""type"": ""Feature"",""geometry"": {""type"": ""Point"",""coordinates"": -3.28162324901, 55.962103722}}"
970610,,Slight,2,1,28/12/2010,Tuesday,28,December,10,12,55,230,A,900,Dual carriageway - 2 lanes,30,Not at or within 20 metres of junction,unset,\,,Daylight: no street lighting,Raining (without high winds),Dry,None,None,No overtaking,325940,674100,558551,Segment,Bus,362274,unset,EH13AT,No crossing facility within 50m or physical crossing facility not controlled by authorised person,No physical crossing facility within 50m,Elsewhere,55.9542521058,-3.18621727517,"{""type"": ""Feature"",""geometry"": {""type"": ""Point"",""coordinates"": -3.18621727517, 55.9542521058}}"
972210,,Slight,1,1,28/12/2010,Tuesday,28,December,10,17,50,230,A,702,Single carriageway - 2 lanes,30,Other junction,Give way sign or markings,Unclassified,,Daylight: no street lighting,Fine (without high winds),Dry,None,None,No overtaking,324570,672120,522027,Junction,S.V.N.P.,362275,unset,EH104DF,Control by other authorised person,Pedestrian phase at traffic signal junction,At scene,55.9362510026,-3.20760137072,"{""type"": ""Feature"",""geometry"": {""type"": ""Point"",""coordinates"": -3.20760137072, 55.9362510026}}"
974310,,Slight,1,1,29/12/2010,Wednesday,29,December,10,20,0,230,A,772,Single carriageway - 2 lanes,30,Not at or within 20 metres of junction,unset,\,,Darkness: street lights present and lit,Other,Dry,None,None,No overtaking,329710,668410,569394,Segment,S.V.N.P.,362276,unset,EH178RU,No crossing facility within 50m or physical crossing facility not controlled by authorised person,No physical crossing facility within 50m,At scene,55.9036987932,-3.12436539119,"{""type"": ""Feature"",""geometry"": {""type"": ""Point"",""coordinates"": -3.12436539119, 55.9036987932}}"
974410,,Serious,1,1,29/12/2010,Wednesday,29,December,10,22,10,230,Unclassified,,Single carriageway - 2 lanes,20,Other junction,Give way sign or markings,Unclassified,,Darkness: street lights present and lit,Other,Dry,None,None,No overtaking,319850,669580,12216319,Junction,Pedestrian,362277,unset,EH143DH,No crossing facility within 50m or physical crossing facility not controlled by authorised person,No physical crossing facility within 50m,At scene,55.912669004,-3.28239205505,"{""type"": ""Feature"",""geometry"": {""type"": ""Point"",""coordinates"": -3.28239205505, 55.912669004}}"
975710,,Slight,3,1,30/12/2010,Thursday,30,December,10,8,0,230,Unclassified,,Single carriageway - 2 lanes,30,Not at or within 20 metres of junction,unset,\,,Darkness: street lights present and lit,Fine (without high winds),Dry,None,None,No overtaking,324860,670680,0,Unset,Pedestrian,362278,unset,EH106EB,No crossing facility within 50m or physical crossing facility not controlled by authorised person,No physical crossing facility within 50m,At scene,55.9233596399,-3.20255897827,"{""type"": ""Feature"",""geometry"": {""type"": ""Point"",""coordinates"": -3.20255897827, 55.9233596399}}"
975910,,Slight,1,1,30/12/2010,Thursday,30,December,10,16,15,230,A,8,Dual carriageway - 2 lanes,30,'T' or staggered junction,Authorised Person,Unclassified,,Darkness: street lights present and lit,Unknown,Dry,None,None,No overtaking,325560,673930,521097,Junction,Pedestrian,362279,unset,EH22DF,Control by other authorised person,Pedestrian phase at traffic signal junction,Elsewhere,55.9526661257,-3.19225530499,"{""type"": ""Feature"",""geometry"": {""type"": ""Point"",""coordinates"": -3.19225530499, 55.9526661257}}"